no_of_dependents,education,self_employed,income_annum,loan_amount,loan_term,cibil_score,total_assets,loan_income_ratio,asset_coverage_ratio,income_per_dependent,wealth_cibil_score,loan_status
2,1,0,9600000,29900000,12,778,50700000.0,3.1145833333333335,1.6956521739130435,3200000.0,39444600000.0,1
0,0,1,4100000,12200000,8,417,17000000.0,2.975609756097561,1.3934426229508197,4100000.0,7089000000.0,0
3,1,0,9100000,29700000,20,506,57700000.0,3.2637362637362637,1.9427609427609427,2275000.0,29196200000.0,0
3,1,0,8200000,30700000,8,467,52700000.0,3.7439024390243905,1.716612377850163,2050000.0,24610900000.0,0
5,0,1,9800000,24200000,20,382,55000000.0,2.4693877551020407,2.272727272727273,1633333.3333333333,21010000000.0,0
0,1,1,4800000,13500000,10,319,33900000.0,2.8125,2.511111111111111,4800000.0,10814100000.0,0
5,1,0,8700000,33000000,4,678,70800000.0,3.793103448275862,2.1454545454545455,1450000.0,48002400000.0,1
2,1,1,5700000,15000000,20,382,36700000.0,2.6315789473684212,2.4466666666666668,1900000.0,14019400000.0,0
0,1,1,800000,2200000,20,782,5500000.0,2.75,2.5,800000.0,4301000000.0,1
5,0,0,1100000,4300000,10,388,9500000.0,3.909090909090909,2.2093023255813953,183333.33333333334,3686000000.0,0
4,1,1,2900000,11200000,2,547,25400000.0,3.8620689655172415,2.267857142857143,580000.0,13893800000.0,1
2,0,1,6700000,22700000,18,538,47900000.0,3.388059701492537,2.1101321585903086,2233333.3333333335,25770200000.0,0
3,0,1,5000000,11600000,16,311,34900000.0,2.32,3.0086206896551726,1250000.0,10853900000.0,0
2,1,1,9100000,31500000,14,679,53300000.0,3.4615384615384617,1.692063492063492,3033333.3333333335,36190700000.0,1
1,0,0,1900000,7400000,6,469,10900000.0,3.8947368421052633,1.472972972972973,950000.0,5112100000.0,0
5,0,0,4700000,10700000,10,794,30400000.0,2.276595744680851,2.8411214953271027,783333.3333333334,24137600000.0,1
2,1,1,500000,1600000,4,663,3400000.0,3.2,2.125,166666.66666666666,2254200000.0,1
4,0,1,2900000,9400000,14,780,16700000.0,3.2413793103448274,1.7765957446808511,580000.0,13026000000.0,1
2,1,0,2700000,10300000,10,736,10500000.0,3.814814814814815,1.0194174757281553,900000.0,7728000000.0,1
5,1,0,6300000,14600000,12,652,43200000.0,2.3174603174603177,2.958904109589041,1050000.0,28166400000.0,1
2,1,0,5000000,19400000,12,315,35200000.0,3.88,1.8144329896907216,1666666.6666666667,11088000000.0,0
4,1,0,5800000,14000000,16,530,42700000.0,2.413793103448276,3.05,1160000.0,22631000000.0,0
4,1,1,6500000,25700000,18,311,42800000.0,3.953846153846154,1.6653696498054475,1300000.0,13310800000.0,0
0,0,1,500000,1400000,2,551,2900000.0,2.8,2.0714285714285716,500000.0,1597900000.0,1
0,0,0,4900000,9800000,16,324,25800000.0,2.0,2.63265306122449,4900000.0,8359200000.0,0
5,0,0,3100000,9500000,20,514,20200000.0,3.064516129032258,2.126315789473684,516666.6666666667,10382800000.0,0
4,1,0,8200000,28100000,12,696,54600000.0,3.426829268292683,1.9430604982206405,1640000.0,38001600000.0,1
4,0,1,2400000,5600000,4,662,16600000.0,2.3333333333333335,2.9642857142857144,480000.0,10989200000.0,1
5,0,1,7000000,24000000,6,336,51400000.0,3.4285714285714284,2.1416666666666666,1166666.6666666667,17270400000.0,0
3,0,1,9000000,31500000,10,850,75900000.0,3.5,2.4095238095238094,2250000.0,64515000000.0,1
2,0,0,9800000,25300000,12,313,60200000.0,2.5816326530612246,2.3794466403162056,3266666.6666666665,18842600000.0,0
2,1,0,5700000,12000000,6,363,37000000.0,2.1052631578947367,3.0833333333333335,1900000.0,13431000000.0,0
1,0,1,800000,1600000,10,436,4100000.0,2.0,2.5625,400000.0,1787600000.0,0
5,0,1,8400000,22000000,2,830,33000000.0,2.619047619047619,1.5,1400000.0,27390000000.0,1
3,1,0,4900000,11900000,8,612,35700000.0,2.4285714285714284,3.0,1225000.0,21848400000.0,1
2,1,1,1700000,3400000,8,691,12400000.0,2.0,3.6470588235294117,566666.6666666666,8568400000.0,1
3,0,0,1600000,6200000,18,636,10800000.0,3.875,1.7419354838709677,400000.0,6868800000.0,1
5,1,1,8000000,27200000,6,348,30500000.0,3.4,1.1213235294117647,1333333.3333333333,10614000000.0,0
5,1,0,3600000,7700000,16,830,21200000.0,2.138888888888889,2.7532467532467533,600000.0,17596000000.0,1
3,0,1,1500000,5100000,6,352,6800000.0,3.4,1.3333333333333333,375000.0,2393600000.0,0
1,1,0,7800000,18100000,2,712,50500000.0,2.3205128205128207,2.7900552486187844,3900000.0,35956000000.0,1
2,0,0,9100000,24900000,16,822,70600000.0,2.7362637362637363,2.8353413654618476,3033333.3333333335,58033200000.0,1
3,1,0,1400000,3400000,6,540,6400000.0,2.4285714285714284,1.8823529411764706,350000.0,3456000000.0,0
2,1,1,800000,2300000,12,342,6100000.0,2.875,2.652173913043478,266666.6666666667,2086200000.0,0
5,1,0,6500000,13400000,18,787,40100000.0,2.0615384615384613,2.9925373134328357,1083333.3333333333,31558700000.0,1
4,1,0,8000000,27800000,16,331,51600000.0,3.475,1.856115107913669,1600000.0,17079600000.0,0
3,0,1,4200000,14600000,6,679,22900000.0,3.4761904761904763,1.5684931506849316,1050000.0,15549100000.0,1
1,1,1,4900000,19100000,14,677,38700000.0,3.8979591836734695,2.026178010471204,2450000.0,26199900000.0,1
3,0,0,5500000,20500000,12,634,36100000.0,3.727272727272727,1.7609756097560976,1375000.0,22887400000.0,1
1,0,1,9500000,19100000,16,662,60000000.0,2.0105263157894737,3.141361256544503,4750000.0,39720000000.0,1
4,1,0,7300000,25400000,16,502,33300000.0,3.4794520547945207,1.311023622047244,1460000.0,16716600000.0,0
2,1,0,8700000,24700000,10,435,43400000.0,2.839080459770115,1.757085020242915,2900000.0,18879000000.0,0
5,0,0,3800000,7600000,4,689,21500000.0,2.0,2.8289473684210527,633333.3333333334,14813500000.0,1
1,0,1,8400000,23000000,12,657,70300000.0,2.738095238095238,3.0565217391304347,4200000.0,46187100000.0,1
2,1,1,5100000,19700000,20,590,39500000.0,3.8627450980392157,2.00507614213198,1700000.0,23305000000.0,1
5,0,0,6700000,24500000,12,818,29300000.0,3.656716417910448,1.1959183673469387,1116666.6666666667,23967400000.0,1
2,0,0,4300000,10600000,18,431,18100000.0,2.4651162790697674,1.7075471698113207,1433333.3333333333,7801100000.0,0
5,1,1,9300000,30500000,18,841,72900000.0,3.2795698924731185,2.3901639344262295,1550000.0,61308900000.0,1
1,1,0,7400000,18400000,20,421,49200000.0,2.4864864864864864,2.6739130434782608,3700000.0,20713200000.0,0
4,0,1,5500000,18200000,16,797,34000000.0,3.309090909090909,1.8681318681318682,1100000.0,27098000000.0,1
2,0,0,8500000,18900000,18,478,77400000.0,2.223529411764706,4.095238095238095,2833333.3333333335,36997200000.0,0
3,0,1,9600000,30500000,18,669,42400000.0,3.1770833333333335,1.3901639344262295,2400000.0,28365600000.0,1
5,0,1,8800000,28900000,6,365,65100000.0,3.284090909090909,2.2525951557093427,1466666.6666666667,23761500000.0,0
3,0,1,3300000,7500000,20,586,20600000.0,2.272727272727273,2.7466666666666666,825000.0,12071600000.0,1
4,1,1,3900000,12300000,18,784,30400000.0,3.1538461538461537,2.4715447154471546,780000.0,23833600000.0,1
1,1,0,4100000,10300000,12,364,33300000.0,2.5121951219512195,3.233009708737864,2050000.0,12121200000.0,0
3,0,0,8300000,29100000,10,715,54000000.0,3.5060240963855422,1.8556701030927836,2075000.0,38610000000.0,1
0,0,1,2700000,10100000,20,693,9200000.0,3.740740740740741,0.9108910891089109,2700000.0,6375600000.0,0
4,1,0,5600000,12400000,4,777,25900000.0,2.2142857142857144,2.088709677419355,1120000.0,20124300000.0,1
0,1,0,1900000,5000000,12,312,14100000.0,2.6315789473684212,2.82,1900000.0,4399200000.0,0
4,0,1,500000,1500000,20,340,2800000.0,3.0,1.8666666666666667,100000.0,952000000.0,0
5,1,1,5300000,18600000,4,386,28500000.0,3.509433962264151,1.532258064516129,883333.3333333334,11001000000.0,1
5,0,0,7000000,18300000,4,418,59200000.0,2.6142857142857143,3.2349726775956285,1166666.6666666667,24745600000.0,0
3,0,1,5800000,16700000,16,735,31500000.0,2.8793103448275863,1.8862275449101797,1450000.0,23152500000.0,1
2,0,0,2600000,8400000,6,494,17900000.0,3.230769230769231,2.130952380952381,866666.6666666666,8842600000.0,0
2,0,0,1900000,6500000,18,671,9000000.0,3.4210526315789473,1.3846153846153846,633333.3333333334,6039000000.0,1
4,1,0,5700000,14800000,16,697,41300000.0,2.5964912280701755,2.7905405405405403,1140000.0,28786100000.0,1
0,1,0,9000000,33500000,8,801,67000000.0,3.7222222222222223,2.0,9000000.0,53667000000.0,1
2,0,0,8500000,29400000,12,576,57400000.0,3.458823529411765,1.9523809523809523,2833333.3333333335,33062400000.0,1
0,0,0,700000,1400000,14,639,5900000.0,2.0,4.214285714285714,700000.0,3770100000.0,1
4,1,0,3500000,8900000,4,470,17800000.0,2.5428571428571427,2.0,700000.0,8366000000.0,0
0,0,0,8800000,31200000,4,826,45300000.0,3.5454545454545454,1.4519230769230769,8800000.0,37417800000.0,1
2,0,1,9900000,21200000,16,363,70300000.0,2.1414141414141414,3.3160377358490565,3300000.0,25518900000.0,0
3,1,0,3600000,8600000,20,613,23300000.0,2.388888888888889,2.7093023255813953,900000.0,14282900000.0,1
3,0,1,3000000,8200000,16,713,25500000.0,2.7333333333333334,3.1097560975609757,750000.0,18181500000.0,1
2,1,0,6800000,21200000,16,439,48700000.0,3.1176470588235294,2.297169811320755,2266666.6666666665,21379300000.0,0
5,0,1,1100000,3800000,18,387,7900000.0,3.4545454545454546,2.0789473684210527,183333.33333333334,3057300000.0,0
1,0,1,8700000,28300000,8,402,72100000.0,3.2528735632183907,2.547703180212014,4350000.0,28984200000.0,0
4,1,1,2000000,8000000,6,837,14500000.0,4.0,1.8125,400000.0,12136500000.0,1
2,0,0,9800000,37600000,10,641,55100000.0,3.836734693877551,1.4654255319148937,3266666.6666666665,35319100000.0,1
4,1,0,5700000,21100000,18,489,23300000.0,3.7017543859649122,1.1042654028436019,1140000.0,11393700000.0,0
4,1,0,8800000,20700000,18,540,57500000.0,2.352272727272727,2.7777777777777777,1760000.0,31050000000.0,0
4,1,0,3800000,8900000,4,844,30400000.0,2.3421052631578947,3.4157303370786516,760000.0,25657600000.0,1
1,1,0,1700000,6400000,10,452,9700000.0,3.764705882352941,1.515625,850000.0,4384400000.0,0
2,1,0,1000000,2000000,10,366,6100000.0,2.0,3.05,333333.3333333333,2232600000.0,0
5,1,0,300000,1100000,2,300,1700000.0,3.6666666666666665,1.5454545454545454,50000.0,510000000.0,1
2,1,1,6600000,15000000,18,470,31200000.0,2.272727272727273,2.08,2200000.0,14664000000.0,0
2,0,0,8700000,25000000,20,861,53700000.0,2.8735632183908044,2.148,2900000.0,46235700000.0,1
4,1,0,9400000,29400000,12,562,84600000.0,3.127659574468085,2.877551020408163,1880000.0,47545200000.0,1
0,1,0,4400000,10800000,14,463,25700000.0,2.4545454545454546,2.3796296296296298,4400000.0,11899100000.0,0
4,0,0,400000,900000,12,478,2100000.0,2.25,2.3333333333333335,80000.0,1003800000.0,0
2,0,1,300000,1100000,2,702,1200000.0,3.6666666666666665,1.0909090909090908,100000.0,842400000.0,1
2,0,1,4300000,12900000,20,618,28800000.0,3.0,2.2325581395348837,1433333.3333333333,17798400000.0,1
4,1,0,1600000,4500000,12,633,8400000.0,2.8125,1.8666666666666667,320000.0,5317200000.0,1
5,0,1,6200000,23600000,10,331,61300000.0,3.806451612903226,2.597457627118644,1033333.3333333334,20290300000.0,0
3,0,1,4200000,9700000,16,841,29900000.0,2.3095238095238093,3.082474226804124,1050000.0,25145900000.0,1
4,0,1,9000000,18100000,12,764,49500000.0,2.011111111111111,2.734806629834254,1800000.0,37818000000.0,1
0,1,0,2700000,10600000,6,591,15700000.0,3.925925925925926,1.4811320754716981,2700000.0,9278700000.0,1
1,1,1,9700000,35900000,2,719,58500000.0,3.7010309278350517,1.6295264623955432,4850000.0,42061500000.0,1
2,1,0,3300000,6800000,14,317,19000000.0,2.0606060606060606,2.7941176470588234,1100000.0,6023000000.0,0
0,0,0,300000,1100000,8,778,2000000.0,3.6666666666666665,1.8181818181818181,300000.0,1556000000.0,1
3,1,1,7400000,18200000,14,302,31600000.0,2.4594594594594597,1.7362637362637363,1850000.0,9543200000.0,0
5,0,0,7100000,19700000,8,502,48000000.0,2.7746478873239435,2.436548223350254,1183333.3333333333,24096000000.0,0
5,0,1,7300000,22100000,18,879,59200000.0,3.0273972602739727,2.678733031674208,1216666.6666666667,52036800000.0,1
1,0,0,8400000,23400000,14,437,62700000.0,2.7857142857142856,2.6794871794871793,4200000.0,27399900000.0,0
0,0,1,3300000,10800000,12,797,17600000.0,3.272727272727273,1.6296296296296295,3300000.0,14027200000.0,1
4,0,1,5800000,23200000,18,456,50400000.0,4.0,2.1724137931034484,1160000.0,22982400000.0,0
0,0,0,600000,1600000,6,647,4300000.0,2.6666666666666665,2.6875,600000.0,2782100000.0,1
0,0,0,7200000,15800000,12,379,50000000.0,2.1944444444444446,3.1645569620253164,7200000.0,18950000000.0,0
1,0,1,9100000,32900000,2,717,33700000.0,3.6153846153846154,1.0243161094224924,4550000.0,24162900000.0,1
5,1,0,900000,2300000,16,545,3800000.0,2.5555555555555554,1.6521739130434783,150000.0,2071000000.0,0
2,1,0,800000,3200000,8,317,4200000.0,4.0,1.3125,266666.6666666667,1331400000.0,0
1,0,0,8500000,32900000,10,570,37300000.0,3.8705882352941177,1.1337386018237081,4250000.0,21261000000.0,1
0,0,1,9000000,18700000,18,865,59000000.0,2.077777777777778,3.1550802139037435,9000000.0,51035000000.0,1
3,1,0,7000000,19500000,14,719,50900000.0,2.7857142857142856,2.6102564102564103,1750000.0,36597100000.0,1
3,1,0,200000,600000,16,821,1100000.0,3.0,1.8333333333333333,50000.0,903100000.0,1
4,0,1,400000,800000,10,859,2400000.0,2.0,3.0,80000.0,2061600000.0,1
3,0,0,5100000,18200000,10,395,29900000.0,3.5686274509803924,1.6428571428571428,1275000.0,11810500000.0,0
2,0,1,700000,2600000,12,429,6400000.0,3.7142857142857144,2.4615384615384617,233333.33333333334,2745600000.0,0
3,1,0,400000,1200000,12,861,2100000.0,3.0,1.75,100000.0,1808100000.0,1
0,0,1,9500000,20800000,14,565,74300000.0,2.1894736842105265,3.5721153846153846,9500000.0,41979500000.0,1
5,1,0,8800000,22600000,10,357,39600000.0,2.5681818181818183,1.752212389380531,1466666.6666666667,14137200000.0,0
3,0,1,1800000,3600000,18,465,9100000.0,2.0,2.5277777777777777,450000.0,4231500000.0,0
4,0,1,6800000,13900000,8,479,56100000.0,2.0441176470588234,4.0359712230215825,1360000.0,26871900000.0,0
3,0,0,1500000,5500000,16,717,8600000.0,3.6666666666666665,1.5636363636363637,375000.0,6166200000.0,1
3,1,0,1600000,5500000,12,425,7700000.0,3.4375,1.4,400000.0,3272500000.0,0
2,0,0,4600000,16700000,2,786,26100000.0,3.630434782608696,1.562874251497006,1533333.3333333333,20514600000.0,1
5,0,1,2200000,6700000,6,382,15400000.0,3.0454545454545454,2.298507462686567,366666.6666666667,5882800000.0,0
3,0,1,2900000,8500000,12,564,13400000.0,2.9310344827586206,1.576470588235294,725000.0,7557600000.0,1
0,1,0,200000,700000,8,501,1500000.0,3.5,2.142857142857143,200000.0,751500000.0,0
2,0,1,2500000,9400000,10,727,23500000.0,3.76,2.5,833333.3333333334,17084500000.0,1
4,0,0,3600000,7500000,6,894,17800000.0,2.0833333333333335,2.3733333333333335,720000.0,15913200000.0,1
0,1,1,5500000,16700000,18,829,25500000.0,3.036363636363636,1.526946107784431,5500000.0,21139500000.0,1
4,0,0,6600000,17400000,20,506,45700000.0,2.6363636363636362,2.6264367816091956,1320000.0,23124200000.0,0
2,1,1,8600000,32100000,6,802,60400000.0,3.7325581395348837,1.881619937694704,2866666.6666666665,48440800000.0,1
5,0,0,600000,1500000,14,543,3600000.0,2.5,2.4,100000.0,1954800000.0,0
3,1,1,1400000,3200000,20,772,10000000.0,2.2857142857142856,3.125,350000.0,7720000000.0,1
3,1,0,4000000,11100000,12,572,24700000.0,2.775,2.225225225225225,1000000.0,14128400000.0,1
0,0,1,4900000,11900000,16,709,37800000.0,2.4285714285714284,3.176470588235294,4900000.0,26800200000.0,1
5,1,0,2000000,6200000,18,402,14400000.0,3.1,2.3225806451612905,333333.3333333333,5788800000.0,0
1,0,1,5200000,19300000,8,481,46800000.0,3.7115384615384617,2.4248704663212437,2600000.0,22510800000.0,0
5,1,1,8900000,28800000,6,772,47900000.0,3.235955056179775,1.6631944444444444,1483333.3333333333,36978800000.0,1
1,1,1,6500000,20600000,2,306,39100000.0,3.169230769230769,1.8980582524271845,3250000.0,11964600000.0,1
2,0,0,1300000,4500000,6,415,5000000.0,3.4615384615384617,1.1111111111111112,433333.3333333333,2075000000.0,0
3,0,0,9400000,35000000,16,548,63500000.0,3.723404255319149,1.8142857142857143,2350000.0,34798000000.0,0
5,0,0,5000000,11200000,8,701,28200000.0,2.24,2.517857142857143,833333.3333333334,19768200000.0,1
2,1,0,3000000,7700000,12,890,19500000.0,2.566666666666667,2.5324675324675323,1000000.0,17355000000.0,1
5,0,1,9900000,33300000,6,364,60100000.0,3.3636363636363638,1.8048048048048049,1650000.0,21876400000.0,0
5,1,1,700000,1300000,20,704,4400000.0,1.8571428571428572,3.3846153846153846,116666.66666666667,3097600000.0,1
3,1,1,4000000,10600000,10,318,19500000.0,2.65,1.8396226415094339,1000000.0,6201000000.0,0
5,0,0,3100000,9600000,2,761,22200000.0,3.096774193548387,2.3125,516666.6666666667,16894200000.0,1
4,0,0,4500000,15100000,6,693,29000000.0,3.3555555555555556,1.9205298013245033,900000.0,20097000000.0,1
3,0,0,9700000,20600000,16,524,68800000.0,2.1237113402061856,3.3398058252427183,2425000.0,36051200000.0,0
2,0,1,2000000,5300000,10,681,13500000.0,2.65,2.547169811320755,666666.6666666666,9193500000.0,1
2,1,1,8100000,22300000,18,737,69200000.0,2.753086419753086,3.103139013452915,2700000.0,51000400000.0,1
0,0,0,5700000,15900000,16,638,30400000.0,2.789473684210526,1.9119496855345912,5700000.0,19395200000.0,1
4,0,0,5800000,12800000,2,656,24300000.0,2.206896551724138,1.8984375,1160000.0,15940800000.0,1
1,1,0,1800000,6500000,6,540,11800000.0,3.611111111111111,1.8153846153846154,900000.0,6372000000.0,0
4,0,1,9100000,35200000,6,341,32600000.0,3.868131868131868,0.9261363636363636,1820000.0,11116600000.0,0
0,0,1,4800000,17500000,2,371,40700000.0,3.6458333333333335,2.3257142857142856,4800000.0,15099700000.0,1
3,0,1,3800000,10500000,12,886,21700000.0,2.763157894736842,2.066666666666667,950000.0,19226200000.0,1
0,0,0,1900000,4100000,18,801,7200000.0,2.1578947368421053,1.7560975609756098,1900000.0,5767200000.0,1
3,0,1,3600000,9500000,16,748,22400000.0,2.638888888888889,2.357894736842105,900000.0,16755200000.0,1
2,0,1,7400000,28200000,8,376,49500000.0,3.810810810810811,1.7553191489361701,2466666.6666666665,18612000000.0,0
4,0,1,6600000,14300000,8,371,46200000.0,2.1666666666666665,3.230769230769231,1320000.0,17140200000.0,0
2,1,0,1800000,5300000,6,826,13000000.0,2.9444444444444446,2.452830188679245,600000.0,10738000000.0,1
4,0,0,9200000,27200000,12,873,51500000.0,2.9565217391304346,1.8933823529411764,1840000.0,44959500000.0,1
5,0,1,2400000,8600000,8,309,9600000.0,3.5833333333333335,1.1162790697674418,400000.0,2966400000.0,0
4,0,0,5600000,13300000,20,869,37300000.0,2.375,2.8045112781954886,1120000.0,32413700000.0,1
5,1,0,3800000,13900000,12,534,18600000.0,3.6578947368421053,1.3381294964028776,633333.3333333334,9932400000.0,0
3,0,1,4500000,17900000,6,787,31900000.0,3.977777777777778,1.782122905027933,1125000.0,25105300000.0,1
0,1,1,900000,2200000,16,566,3400000.0,2.4444444444444446,1.5454545454545454,900000.0,1924400000.0,1
0,0,0,2800000,9900000,8,742,14600000.0,3.5357142857142856,1.4747474747474747,2800000.0,10833200000.0,1
2,0,0,7500000,23100000,4,824,58800000.0,3.08,2.5454545454545454,2500000.0,48451200000.0,1
4,1,0,1400000,3100000,14,575,11400000.0,2.2142857142857144,3.6774193548387095,280000.0,6555000000.0,1
2,1,1,3800000,10900000,10,766,17400000.0,2.8684210526315788,1.5963302752293578,1266666.6666666667,13328400000.0,1
1,0,1,1700000,5000000,10,888,10100000.0,2.9411764705882355,2.02,850000.0,8968800000.0,1
3,1,1,9000000,30400000,6,638,63900000.0,3.3777777777777778,2.101973684210526,2250000.0,40768200000.0,1
5,0,1,7300000,23300000,6,622,55600000.0,3.191780821917808,2.3862660944206007,1216666.6666666667,34583200000.0,1
1,0,0,7400000,19800000,18,458,50500000.0,2.675675675675676,2.5505050505050506,3700000.0,23129000000.0,0
1,0,0,9000000,28200000,16,327,39200000.0,3.1333333333333333,1.3900709219858156,4500000.0,12818400000.0,0
0,0,0,3000000,6500000,2,612,20600000.0,2.1666666666666665,3.169230769230769,3000000.0,12607200000.0,1
1,1,0,800000,2900000,8,682,6900000.0,3.625,2.3793103448275863,400000.0,4705800000.0,1
2,1,0,4800000,13200000,2,583,34200000.0,2.75,2.590909090909091,1600000.0,19938600000.0,1
5,0,0,6400000,18300000,8,697,39700000.0,2.859375,2.169398907103825,1066666.6666666667,27670900000.0,1
3,1,0,9200000,27100000,12,306,54900000.0,2.9456521739130435,2.025830258302583,2300000.0,16799400000.0,0
4,0,1,400000,1500000,2,669,7700000.0,3.75,5.133333333333334,80000.0,5151300000.0,1
2,0,0,2800000,6000000,18,816,21900000.0,2.142857142857143,3.65,933333.3333333334,17870400000.0,1
4,0,1,8500000,28900000,20,455,52900000.0,3.4,1.8304498269896194,1700000.0,24069500000.0,0
3,1,1,4700000,16400000,10,318,40000000.0,3.4893617021276597,2.4390243902439024,1175000.0,12720000000.0,0
4,0,1,9800000,21200000,20,355,77100000.0,2.163265306122449,3.6367924528301887,1960000.0,27370500000.0,0
2,0,1,3800000,8900000,16,389,20200000.0,2.3421052631578947,2.269662921348315,1266666.6666666667,7857800000.0,0
2,1,0,500000,1500000,2,888,3900000.0,3.0,2.6,166666.66666666666,3463200000.0,1
2,1,1,6900000,15600000,6,352,50900000.0,2.260869565217391,3.2628205128205128,2300000.0,17916800000.0,0
4,0,1,9600000,30100000,12,870,50800000.0,3.1354166666666665,1.6877076411960132,1920000.0,44196000000.0,1
3,0,0,2900000,6500000,18,827,22500000.0,2.2413793103448274,3.4615384615384617,725000.0,18607500000.0,1
2,1,0,9800000,20900000,12,768,65600000.0,2.13265306122449,3.138755980861244,3266666.6666666665,50380800000.0,1
0,1,0,7100000,15400000,18,707,46500000.0,2.1690140845070425,3.0194805194805197,7100000.0,32875500000.0,1
1,0,1,7700000,19100000,10,355,44700000.0,2.4805194805194803,2.3403141361256545,3850000.0,15868500000.0,0
3,1,0,1400000,3300000,2,652,7600000.0,2.357142857142857,2.303030303030303,350000.0,4955200000.0,1
3,1,0,7800000,15900000,2,665,47900000.0,2.0384615384615383,3.0125786163522013,1950000.0,31853500000.0,1
5,0,1,1700000,6000000,18,420,8100000.0,3.5294117647058822,1.35,283333.3333333333,3402000000.0,0
2,0,0,8500000,32700000,18,471,68400000.0,3.847058823529412,2.091743119266055,2833333.3333333335,32216400000.0,0
5,0,0,1900000,7500000,20,715,17200000.0,3.9473684210526314,2.2933333333333334,316666.6666666667,12298000000.0,1
2,0,1,6700000,15200000,10,689,30000000.0,2.2686567164179103,1.9736842105263157,2233333.3333333335,20670000000.0,1
3,1,1,6900000,16400000,4,787,47400000.0,2.3768115942028984,2.8902439024390243,1725000.0,37303800000.0,1
2,1,0,2600000,7800000,4,819,14600000.0,3.0,1.8717948717948718,866666.6666666666,11957400000.0,1
4,1,1,9600000,21100000,6,809,69000000.0,2.1979166666666665,3.2701421800947865,1920000.0,55821000000.0,1
1,0,1,6800000,17000000,2,744,46600000.0,2.5,2.7411764705882353,3400000.0,34670400000.0,1
0,0,0,3200000,11300000,6,484,19600000.0,3.53125,1.7345132743362832,3200000.0,9486400000.0,0
4,0,0,2900000,10400000,6,673,19100000.0,3.586206896551724,1.8365384615384615,580000.0,12854300000.0,1
3,1,1,7900000,21200000,18,695,51100000.0,2.6835443037974684,2.410377358490566,1975000.0,35514500000.0,1
4,0,1,3900000,12400000,12,473,28000000.0,3.1794871794871793,2.2580645161290325,780000.0,13244000000.0,0
4,1,1,4600000,11000000,2,491,32600000.0,2.391304347826087,2.963636363636364,920000.0,16006600000.0,0
3,0,1,700000,1700000,8,733,4900000.0,2.4285714285714284,2.8823529411764706,175000.0,3591700000.0,1
0,0,0,5200000,15600000,20,434,43500000.0,3.0,2.7884615384615383,5200000.0,18879000000.0,0
3,0,1,5900000,20600000,10,777,34100000.0,3.4915254237288136,1.6553398058252426,1475000.0,26495700000.0,1
4,1,0,7200000,19100000,4,774,37900000.0,2.6527777777777777,1.9842931937172774,1440000.0,29334600000.0,1
1,0,1,8700000,27000000,10,717,60700000.0,3.103448275862069,2.248148148148148,4350000.0,43521900000.0,1
3,0,1,1100000,3500000,12,503,6800000.0,3.1818181818181817,1.9428571428571428,275000.0,3420400000.0,0
1,1,1,4000000,10900000,14,598,28200000.0,2.725,2.5871559633027523,2000000.0,16863600000.0,1
2,1,0,9800000,32400000,2,543,75100000.0,3.306122448979592,2.317901234567901,3266666.6666666665,40779300000.0,1
0,0,1,2700000,6800000,20,796,13800000.0,2.5185185185185186,2.0294117647058822,2700000.0,10984800000.0,1
3,0,1,8800000,34600000,8,386,55700000.0,3.9318181818181817,1.6098265895953756,2200000.0,21500200000.0,0
5,0,1,3300000,7800000,16,632,21000000.0,2.3636363636363638,2.6923076923076925,550000.0,13272000000.0,1
1,1,1,6900000,23400000,4,481,53400000.0,3.391304347826087,2.282051282051282,3450000.0,25685400000.0,1
3,1,1,900000,3500000,4,770,3300000.0,3.888888888888889,0.9428571428571428,225000.0,2541000000.0,0
3,1,1,4100000,15500000,6,667,23100000.0,3.7804878048780486,1.4903225806451612,1025000.0,15407700000.0,1
3,0,1,4700000,17500000,8,585,18800000.0,3.723404255319149,1.0742857142857143,1175000.0,10998000000.0,1
5,1,1,3400000,11600000,16,479,28500000.0,3.411764705882353,2.456896551724138,566666.6666666666,13651500000.0,0
2,1,0,9600000,22500000,18,851,60600000.0,2.34375,2.6933333333333334,3200000.0,51570600000.0,1
3,0,1,7000000,16200000,6,378,58400000.0,2.3142857142857145,3.6049382716049383,1750000.0,22075200000.0,0
5,1,0,5700000,12900000,18,807,29100000.0,2.263157894736842,2.255813953488372,950000.0,23483700000.0,1
1,0,1,8200000,32400000,18,831,60600000.0,3.951219512195122,1.8703703703703705,4100000.0,50358600000.0,1
2,0,0,2100000,5100000,12,674,14200000.0,2.4285714285714284,2.784313725490196,700000.0,9570800000.0,1
1,0,1,8000000,28100000,18,725,45200000.0,3.5125,1.6085409252669038,4000000.0,32770000000.0,1
2,0,0,8000000,29300000,4,600,65600000.0,3.6625,2.2389078498293515,2666666.6666666665,39360000000.0,1
0,0,1,9400000,27000000,10,536,44700000.0,2.872340425531915,1.6555555555555554,9400000.0,23959200000.0,0
0,1,0,8400000,20600000,10,477,39900000.0,2.4523809523809526,1.9368932038834952,8400000.0,19032300000.0,0
1,0,1,1900000,5000000,6,560,10600000.0,2.6315789473684212,2.12,950000.0,5936000000.0,1
0,0,1,4200000,16400000,20,539,26100000.0,3.9047619047619047,1.5914634146341464,4200000.0,14067900000.0,0
5,1,0,2600000,9100000,8,852,18000000.0,3.5,1.978021978021978,433333.3333333333,15336000000.0,1
3,0,0,3700000,8500000,20,853,26400000.0,2.2972972972972974,3.1058823529411765,925000.0,22519200000.0,1
0,1,0,8800000,30900000,12,729,39500000.0,3.5113636363636362,1.27831715210356,8800000.0,28795500000.0,1
2,0,0,2100000,4700000,2,546,16400000.0,2.238095238095238,3.4893617021276597,700000.0,8954400000.0,0
3,1,1,900000,2400000,10,489,4100000.0,2.6666666666666665,1.7083333333333333,225000.0,2004900000.0,0
3,1,1,9800000,35400000,6,869,63900000.0,3.6122448979591835,1.805084745762712,2450000.0,55529100000.0,1
2,0,0,8000000,20000000,2,502,47800000.0,2.5,2.39,2666666.6666666665,23995600000.0,0
0,1,0,9800000,38800000,8,652,77300000.0,3.9591836734693877,1.9922680412371134,9800000.0,50399600000.0,1
0,0,1,300000,1100000,8,789,1700000.0,3.6666666666666665,1.5454545454545454,300000.0,1341300000.0,1
4,0,0,2700000,8100000,4,325,19100000.0,3.0,2.3580246913580245,540000.0,6207500000.0,1
3,1,1,7400000,19600000,2,716,46300000.0,2.6486486486486487,2.3622448979591835,1850000.0,33150800000.0,1
3,1,0,9200000,34300000,18,523,67500000.0,3.7282608695652173,1.967930029154519,2300000.0,35302500000.0,0
5,0,0,9500000,22200000,20,352,62300000.0,2.336842105263158,2.8063063063063063,1583333.3333333333,21929600000.0,0
5,1,1,3800000,14400000,2,345,21800000.0,3.789473684210526,1.5138888888888888,633333.3333333334,7521000000.0,1
0,1,0,8300000,19400000,18,649,54200000.0,2.3373493975903616,2.7938144329896906,8300000.0,35175800000.0,1
2,1,1,2800000,7400000,18,666,12100000.0,2.642857142857143,1.635135135135135,933333.3333333334,8058600000.0,1
0,1,0,8600000,20900000,10,813,54000000.0,2.4302325581395348,2.583732057416268,8600000.0,43902000000.0,1
0,0,0,5400000,16800000,10,599,34800000.0,3.111111111111111,2.0714285714285716,5400000.0,20845200000.0,1
5,1,1,4200000,9400000,6,678,25800000.0,2.238095238095238,2.74468085106383,700000.0,17492400000.0,1
5,0,0,5200000,12200000,20,513,37600000.0,2.3461538461538463,3.081967213114754,866666.6666666666,19288800000.0,0
5,1,0,9400000,27900000,4,870,41200000.0,2.9680851063829787,1.4767025089605734,1566666.6666666667,35844000000.0,1
3,1,0,8800000,20400000,8,483,54600000.0,2.3181818181818183,2.676470588235294,2200000.0,26371800000.0,0
1,1,1,5900000,16700000,16,308,39000000.0,2.830508474576271,2.3353293413173652,2950000.0,12012000000.0,0
3,1,1,1700000,4900000,16,591,11400000.0,2.8823529411764706,2.326530612244898,425000.0,6737400000.0,1
1,0,0,7000000,23000000,10,886,48000000.0,3.2857142857142856,2.0869565217391304,3500000.0,42528000000.0,1
4,0,0,1700000,4000000,6,829,8500000.0,2.3529411764705883,2.125,340000.0,7046500000.0,1
0,0,0,1500000,4900000,12,651,9800000.0,3.2666666666666666,2.0,1500000.0,6379800000.0,1
4,0,0,2000000,4700000,18,733,17200000.0,2.35,3.6595744680851063,400000.0,12607600000.0,1
5,1,1,3900000,15500000,12,433,27400000.0,3.9743589743589745,1.767741935483871,650000.0,11864200000.0,0
1,1,1,900000,3600000,14,713,5300000.0,4.0,1.4722222222222223,450000.0,3778900000.0,1
1,1,0,6900000,22500000,18,403,32400000.0,3.260869565217391,1.44,3450000.0,13057200000.0,0
0,1,1,2800000,7800000,10,405,20800000.0,2.7857142857142856,2.6666666666666665,2800000.0,8424000000.0,0
3,1,1,6800000,19900000,10,516,56500000.0,2.926470588235294,2.8391959798994977,1700000.0,29154000000.0,0
4,0,1,600000,1800000,8,417,5000000.0,3.0,2.7777777777777777,120000.0,2085000000.0,0
1,0,0,4700000,14000000,6,468,28300000.0,2.978723404255319,2.0214285714285714,2350000.0,13244400000.0,0
5,1,1,3000000,11800000,10,672,26200000.0,3.933333333333333,2.2203389830508473,500000.0,17606400000.0,1
5,0,0,4000000,13900000,6,530,30100000.0,3.475,2.1654676258992804,666666.6666666666,15953000000.0,0
1,0,1,3100000,11300000,14,824,25100000.0,3.6451612903225805,2.2212389380530975,1550000.0,20682400000.0,1
1,0,1,7700000,25500000,12,549,56200000.0,3.311688311688312,2.203921568627451,3850000.0,30853800000.0,0
5,0,1,4300000,9300000,10,450,22900000.0,2.1627906976744184,2.4623655913978495,716666.6666666666,10305000000.0,0
1,1,1,5800000,19500000,20,431,37700000.0,3.3620689655172415,1.9333333333333333,2900000.0,16248700000.0,0
3,1,1,3600000,10700000,16,312,22200000.0,2.9722222222222223,2.074766355140187,900000.0,6926400000.0,0
0,0,1,2900000,7600000,8,320,26300000.0,2.6206896551724137,3.460526315789474,2900000.0,8416000000.0,0
0,1,0,8800000,20200000,4,433,63100000.0,2.2954545454545454,3.123762376237624,8800000.0,27322300000.0,0
1,0,1,300000,1000000,10,431,1900000.0,3.3333333333333335,1.9,150000.0,818900000.0,0
5,0,1,8600000,28900000,8,516,48700000.0,3.36046511627907,1.685121107266436,1433333.3333333333,25129200000.0,0
2,0,1,3500000,12000000,14,476,23200000.0,3.4285714285714284,1.9333333333333333,1166666.6666666667,11043200000.0,0
5,1,0,800000,2600000,6,560,4300000.0,3.25,1.6538461538461537,133333.33333333334,2408000000.0,1
2,1,0,8000000,27100000,12,674,46500000.0,3.3875,1.7158671586715868,2666666.6666666665,31341000000.0,1
0,0,1,9900000,38200000,6,573,53200000.0,3.8585858585858586,1.3926701570680629,9900000.0,30483600000.0,1
2,0,0,3300000,6600000,6,331,19900000.0,2.0,3.015151515151515,1100000.0,6586900000.0,0
4,1,1,2000000,6700000,12,633,7700000.0,3.35,1.1492537313432836,400000.0,4874100000.0,1
3,0,0,4900000,12900000,18,877,30000000.0,2.63265306122449,2.3255813953488373,1225000.0,26310000000.0,1
5,0,1,9200000,23600000,12,656,53900000.0,2.5652173913043477,2.2838983050847457,1533333.3333333333,35358400000.0,1
0,0,0,7500000,18200000,6,782,43300000.0,2.4266666666666667,2.379120879120879,7500000.0,33860600000.0,1
5,0,0,9000000,29300000,4,531,61200000.0,3.2555555555555555,2.0887372013651877,1500000.0,32497200000.0,1
3,0,0,1400000,4100000,8,455,9400000.0,2.9285714285714284,2.292682926829268,350000.0,4277000000.0,0
3,1,0,9600000,19900000,14,452,55500000.0,2.0729166666666665,2.7889447236180906,2400000.0,25086000000.0,0
2,1,0,8400000,33200000,14,474,71500000.0,3.9523809523809526,2.1536144578313254,2800000.0,33891000000.0,0
3,0,0,6400000,24400000,4,483,33800000.0,3.8125,1.3852459016393444,1600000.0,16325400000.0,1
4,1,0,5900000,16800000,8,481,41100000.0,2.847457627118644,2.4464285714285716,1180000.0,19769100000.0,0
2,1,1,2200000,5100000,20,859,14500000.0,2.3181818181818183,2.843137254901961,733333.3333333334,12455500000.0,1
4,1,1,5600000,14100000,14,696,41500000.0,2.517857142857143,2.9432624113475176,1120000.0,28884000000.0,1
4,0,0,9800000,28700000,6,778,64800000.0,2.9285714285714284,2.2578397212543555,1960000.0,50414400000.0,1
4,1,0,4400000,14600000,4,499,29600000.0,3.3181818181818183,2.0273972602739727,880000.0,14770400000.0,1
2,0,1,2400000,4900000,4,888,19200000.0,2.0416666666666665,3.9183673469387754,800000.0,17049600000.0,1
1,1,0,4400000,10800000,12,674,34800000.0,2.4545454545454546,3.2222222222222223,2200000.0,23455200000.0,1
4,1,0,3700000,13200000,4,802,29000000.0,3.5675675675675675,2.196969696969697,740000.0,23258000000.0,1
4,0,1,2300000,7800000,8,540,12400000.0,3.391304347826087,1.5897435897435896,460000.0,6696000000.0,0
4,1,1,5900000,19600000,8,726,52300000.0,3.3220338983050848,2.6683673469387754,1180000.0,37969800000.0,1
4,0,1,6400000,23500000,2,485,37500000.0,3.671875,1.5957446808510638,1280000.0,18187500000.0,1
4,1,1,4900000,17100000,6,612,32800000.0,3.489795918367347,1.9181286549707601,980000.0,20073600000.0,1
3,0,1,9500000,24200000,8,879,59400000.0,2.5473684210526315,2.4545454545454546,2375000.0,52212600000.0,1
2,0,0,5700000,16400000,12,708,23900000.0,2.8771929824561404,1.4573170731707317,1900000.0,16921200000.0,1
2,0,1,2700000,5700000,8,850,22900000.0,2.111111111111111,4.017543859649122,900000.0,19465000000.0,1
2,0,1,3900000,11300000,12,516,18100000.0,2.8974358974358974,1.6017699115044248,1300000.0,9339600000.0,0
0,0,0,7800000,28800000,12,465,48400000.0,3.6923076923076925,1.6805555555555556,7800000.0,22506000000.0,0
0,1,0,1100000,3200000,20,716,8300000.0,2.909090909090909,2.59375,1100000.0,5942800000.0,1
4,0,0,200000,600000,10,404,500000.0,3.0,0.8333333333333334,40000.0,202000000.0,0
0,0,1,4700000,10600000,20,512,31700000.0,2.25531914893617,2.990566037735849,4700000.0,16230400000.0,0
3,0,1,8200000,20600000,10,441,62700000.0,2.5121951219512195,3.0436893203883497,2050000.0,27650700000.0,0
2,0,1,4600000,18400000,2,555,28500000.0,4.0,1.548913043478261,1533333.3333333333,15817500000.0,1
5,0,0,1800000,7000000,18,466,12600000.0,3.888888888888889,1.8,300000.0,5871600000.0,0
3,1,1,3200000,8600000,2,427,17500000.0,2.6875,2.0348837209302326,800000.0,7472500000.0,0
4,0,1,5500000,20000000,14,593,42600000.0,3.6363636363636362,2.13,1100000.0,25261800000.0,1
3,1,0,7900000,18300000,10,731,38200000.0,2.3164556962025316,2.087431693989071,1975000.0,27924200000.0,1
1,1,1,4000000,10100000,16,451,29100000.0,2.525,2.881188118811881,2000000.0,13124100000.0,0
3,0,1,6800000,16900000,18,628,25000000.0,2.485294117647059,1.4792899408284024,1700000.0,15700000000.0,1
1,0,0,2700000,9400000,18,704,16400000.0,3.4814814814814814,1.7446808510638299,1350000.0,11545600000.0,1
2,0,0,6800000,23500000,12,341,53900000.0,3.4558823529411766,2.293617021276596,2266666.6666666665,18379900000.0,0
5,1,0,8600000,21000000,8,465,56000000.0,2.441860465116279,2.6666666666666665,1433333.3333333333,26040000000.0,0
4,1,0,8000000,30100000,4,431,56000000.0,3.7625,1.8604651162790697,1600000.0,24136000000.0,1
1,1,1,3700000,12600000,10,424,25100000.0,3.4054054054054053,1.992063492063492,1850000.0,10642400000.0,0
0,1,0,2600000,5100000,14,678,10800000.0,1.9615384615384615,2.1176470588235294,2600000.0,7322400000.0,1
4,1,0,4200000,16800000,6,381,34100000.0,4.0,2.0297619047619047,840000.0,12992100000.0,0
5,1,1,8000000,28000000,10,449,41300000.0,3.5,1.475,1333333.3333333333,18543700000.0,0
1,0,0,7100000,23500000,12,768,48200000.0,3.3098591549295775,2.051063829787234,3550000.0,37017600000.0,1
0,0,0,2000000,7000000,6,666,6900000.0,3.5,0.9857142857142858,2000000.0,4595400000.0,0
4,0,1,5800000,13300000,14,742,48700000.0,2.293103448275862,3.661654135338346,1160000.0,36135400000.0,1
3,0,1,6700000,15800000,4,445,41300000.0,2.3582089552238807,2.6139240506329116,1675000.0,18378500000.0,0
2,1,0,7300000,28700000,14,634,41700000.0,3.9315068493150687,1.4529616724738676,2433333.3333333335,26437800000.0,1
4,0,0,3300000,9700000,14,782,15100000.0,2.9393939393939394,1.556701030927835,660000.0,11808200000.0,1
0,1,0,3000000,7000000,10,781,22200000.0,2.3333333333333335,3.1714285714285713,3000000.0,17338200000.0,1
4,0,0,7900000,17200000,14,318,55900000.0,2.1772151898734178,3.25,1580000.0,17776200000.0,0
5,0,0,7600000,24100000,18,721,63500000.0,3.1710526315789473,2.6348547717842323,1266666.6666666667,45783500000.0,1
5,0,0,3700000,9800000,4,563,28800000.0,2.6486486486486487,2.938775510204082,616666.6666666666,16214400000.0,1
2,0,0,8400000,26300000,4,419,66200000.0,3.130952380952381,2.517110266159696,2800000.0,27737800000.0,1
0,1,1,8200000,20800000,14,372,35200000.0,2.5365853658536586,1.6923076923076923,8200000.0,13094400000.0,0
0,0,0,2900000,9500000,18,885,16600000.0,3.2758620689655173,1.7473684210526317,2900000.0,14691000000.0,1
1,0,1,9900000,38400000,12,596,62600000.0,3.878787878787879,1.6302083333333333,4950000.0,37309600000.0,1
0,1,0,4400000,14100000,2,349,19600000.0,3.2045454545454546,1.3900709219858156,4400000.0,6840400000.0,1
1,0,1,9000000,32200000,16,468,60400000.0,3.577777777777778,1.875776397515528,4500000.0,28267200000.0,0
3,0,1,6800000,26900000,16,818,58700000.0,3.9558823529411766,2.1821561338289963,1700000.0,48016600000.0,1
2,0,0,8700000,28000000,12,543,52500000.0,3.218390804597701,1.875,2900000.0,28507500000.0,0
3,1,0,9400000,21900000,16,685,53200000.0,2.3297872340425534,2.4292237442922375,2350000.0,36442000000.0,1
3,0,1,6000000,12500000,18,851,41400000.0,2.0833333333333335,3.312,1500000.0,35231400000.0,1
1,0,1,9400000,29800000,10,377,85200000.0,3.1702127659574466,2.859060402684564,4700000.0,32120400000.0,0
0,0,1,1000000,4000000,10,620,8500000.0,4.0,2.125,1000000.0,5270000000.0,1
3,1,1,900000,2300000,20,611,4500000.0,2.5555555555555554,1.9565217391304348,225000.0,2749500000.0,1
4,0,0,2100000,7700000,4,767,11100000.0,3.6666666666666665,1.4415584415584415,420000.0,8513700000.0,1
5,1,1,1100000,3200000,20,592,7900000.0,2.909090909090909,2.46875,183333.33333333334,4676800000.0,1
0,1,1,600000,2300000,4,319,5400000.0,3.8333333333333335,2.347826086956522,600000.0,1722600000.0,1
4,0,1,9200000,25500000,10,900,60100000.0,2.7717391304347827,2.3568627450980393,1840000.0,54090000000.0,1
2,0,1,3600000,12800000,18,814,27100000.0,3.5555555555555554,2.1171875,1200000.0,22059400000.0,1
5,0,1,1300000,5000000,10,755,11000000.0,3.8461538461538463,2.2,216666.66666666666,8305000000.0,1
5,1,1,7700000,16800000,20,584,44800000.0,2.1818181818181817,2.6666666666666665,1283333.3333333333,26163200000.0,1
4,1,1,9500000,23500000,14,380,62000000.0,2.473684210526316,2.6382978723404253,1900000.0,23560000000.0,0
2,0,1,5000000,17600000,20,465,33100000.0,3.52,1.8806818181818181,1666666.6666666667,15391500000.0,0
0,0,0,500000,1800000,2,531,4400000.0,3.6,2.4444444444444446,500000.0,2336400000.0,1
1,1,1,8300000,32100000,16,814,57600000.0,3.8674698795180724,1.794392523364486,4150000.0,46886400000.0,1
0,1,0,5300000,17900000,6,678,26600000.0,3.3773584905660377,1.4860335195530727,5300000.0,18034800000.0,1
2,0,1,9300000,29000000,12,655,49500000.0,3.118279569892473,1.706896551724138,3100000.0,32422500000.0,1
3,0,0,2300000,7400000,2,682,18600000.0,3.217391304347826,2.5135135135135136,575000.0,12685200000.0,1
1,0,0,400000,1300000,6,695,1600000.0,3.25,1.2307692307692308,200000.0,1112000000.0,1
3,0,0,3200000,10800000,4,833,14900000.0,3.375,1.3796296296296295,800000.0,12411700000.0,1
5,0,1,9400000,35300000,16,302,66500000.0,3.75531914893617,1.8838526912181304,1566666.6666666667,20083000000.0,0
1,1,0,2300000,6600000,2,357,14300000.0,2.869565217391304,2.1666666666666665,1150000.0,5105100000.0,0
5,0,0,4300000,14500000,12,302,34400000.0,3.372093023255814,2.372413793103448,716666.6666666666,10388800000.0,0
0,1,1,6200000,22400000,18,873,46300000.0,3.6129032258064515,2.0669642857142856,6200000.0,40419900000.0,1
0,0,1,7200000,19800000,12,658,53100000.0,2.75,2.6818181818181817,7200000.0,34939800000.0,1
5,1,1,2400000,8700000,18,877,13900000.0,3.625,1.5977011494252873,400000.0,12190300000.0,1
3,0,0,2900000,6300000,8,648,15800000.0,2.1724137931034484,2.507936507936508,725000.0,10238400000.0,1
1,1,0,1400000,5200000,12,730,7300000.0,3.7142857142857144,1.4038461538461537,700000.0,5329000000.0,1
4,0,1,2200000,8200000,14,737,18200000.0,3.727272727272727,2.2195121951219514,440000.0,13413400000.0,1
2,1,1,800000,3200000,10,584,3000000.0,4.0,0.9375,266666.6666666667,1752000000.0,0
0,1,0,600000,1700000,2,621,3000000.0,2.8333333333333335,1.7647058823529411,600000.0,1863000000.0,1
4,1,1,700000,2700000,16,583,4000000.0,3.857142857142857,1.4814814814814814,140000.0,2332000000.0,1
2,0,0,8400000,25900000,16,621,59700000.0,3.0833333333333335,2.305019305019305,2800000.0,37073700000.0,1
2,0,0,7100000,21500000,16,610,41400000.0,3.028169014084507,1.9255813953488372,2366666.6666666665,25254000000.0,1
4,1,0,5400000,15700000,18,452,39400000.0,2.9074074074074074,2.5095541401273884,1080000.0,17808800000.0,0
5,1,0,3700000,7300000,18,339,28600000.0,1.972972972972973,3.9178082191780823,616666.6666666666,9695400000.0,0
3,1,1,5200000,15200000,16,650,24600000.0,2.923076923076923,1.618421052631579,1300000.0,15990000000.0,1
4,0,1,200000,700000,10,672,1000000.0,3.5,1.4285714285714286,40000.0,672000000.0,1
3,1,0,500000,1000000,20,501,2700000.0,2.0,2.7,125000.0,1352700000.0,0
2,0,1,1800000,5700000,4,809,11800000.0,3.1666666666666665,2.0701754385964914,600000.0,9546200000.0,1
5,1,1,9200000,29400000,8,318,63100000.0,3.1956521739130435,2.1462585034013606,1533333.3333333333,20065800000.0,0
4,0,0,900000,3300000,10,649,3400000.0,3.6666666666666665,1.0303030303030303,180000.0,2206600000.0,1
3,0,0,7500000,28300000,12,367,50200000.0,3.7733333333333334,1.773851590106007,1875000.0,18423400000.0,0
5,0,0,3000000,11800000,6,847,19800000.0,3.933333333333333,1.6779661016949152,500000.0,16770600000.0,1
5,1,0,7100000,18900000,12,360,40100000.0,2.6619718309859155,2.121693121693122,1183333.3333333333,14436000000.0,0
1,1,1,3500000,7200000,2,865,23400000.0,2.057142857142857,3.25,1750000.0,20241000000.0,1
4,0,0,4900000,18800000,16,880,24700000.0,3.836734693877551,1.3138297872340425,980000.0,21736000000.0,1
1,1,0,4100000,8400000,20,608,23800000.0,2.048780487804878,2.8333333333333335,2050000.0,14470400000.0,1
0,1,1,800000,2100000,6,760,2600000.0,2.625,1.2380952380952381,800000.0,1976000000.0,1
3,1,1,1700000,4600000,12,385,9700000.0,2.7058823529411766,2.108695652173913,425000.0,3734500000.0,0
0,1,1,6100000,23300000,12,478,28700000.0,3.819672131147541,1.2317596566523605,6100000.0,13718600000.0,0
1,1,1,2100000,7700000,16,327,12500000.0,3.6666666666666665,1.6233766233766234,1050000.0,4087500000.0,0
0,1,0,3100000,9300000,6,663,14600000.0,3.0,1.5698924731182795,3100000.0,9679800000.0,1
2,0,1,1700000,3500000,20,693,10100000.0,2.0588235294117645,2.8857142857142857,566666.6666666666,6999300000.0,1
3,1,0,1700000,5400000,6,710,13000000.0,3.176470588235294,2.4074074074074074,425000.0,9230000000.0,1
4,0,1,4000000,14500000,6,711,23100000.0,3.625,1.5931034482758621,800000.0,16424100000.0,1
5,1,0,5600000,18400000,8,386,34900000.0,3.2857142857142856,1.8967391304347827,933333.3333333334,13471400000.0,0
4,1,1,3900000,11900000,10,855,27200000.0,3.051282051282051,2.2857142857142856,780000.0,23256000000.0,1
4,1,1,6100000,15300000,14,573,32700000.0,2.5081967213114753,2.1372549019607843,1220000.0,18737100000.0,1
0,1,1,1100000,2800000,18,431,6500000.0,2.5454545454545454,2.3214285714285716,1100000.0,2801500000.0,0
2,1,0,5500000,14800000,8,364,34600000.0,2.690909090909091,2.3378378378378377,1833333.3333333333,12594400000.0,0
4,1,1,1100000,3600000,14,711,7200000.0,3.272727272727273,2.0,220000.0,5119200000.0,1
4,0,1,400000,900000,20,771,3600000.0,2.25,4.0,80000.0,2775600000.0,1
3,1,0,9200000,36400000,18,669,59000000.0,3.9565217391304346,1.620879120879121,2300000.0,39471000000.0,1
4,0,1,9300000,27500000,18,338,63500000.0,2.956989247311828,2.309090909090909,1860000.0,21463000000.0,0
1,1,0,1100000,3500000,8,562,7200000.0,3.1818181818181817,2.057142857142857,550000.0,4046400000.0,1
3,0,0,5600000,18700000,2,769,38300000.0,3.3392857142857144,2.0481283422459895,1400000.0,29452700000.0,1
0,1,1,6300000,21500000,8,629,31200000.0,3.4126984126984126,1.4511627906976745,6300000.0,19624800000.0,1
3,1,0,8800000,18100000,6,699,36400000.0,2.0568181818181817,2.0110497237569063,2200000.0,25443600000.0,1
0,0,0,8400000,20800000,20,590,56900000.0,2.4761904761904763,2.735576923076923,8400000.0,33571000000.0,1
3,1,1,1600000,5700000,4,707,14500000.0,3.5625,2.543859649122807,400000.0,10251500000.0,1
3,0,1,4500000,11400000,8,391,29700000.0,2.533333333333333,2.6052631578947367,1125000.0,11612700000.0,0
5,0,0,6500000,18500000,4,891,47600000.0,2.8461538461538463,2.572972972972973,1083333.3333333333,42411600000.0,1
3,1,1,9500000,20600000,2,731,47100000.0,2.168421052631579,2.2864077669902914,2375000.0,34430100000.0,1
3,0,0,4700000,16700000,12,775,26500000.0,3.5531914893617023,1.5868263473053892,1175000.0,20537500000.0,1
5,1,1,9600000,32400000,2,897,51900000.0,3.375,1.6018518518518519,1600000.0,46554300000.0,1
5,1,0,8000000,26700000,20,794,60400000.0,3.3375,2.262172284644195,1333333.3333333333,47957600000.0,1
2,1,0,7700000,16700000,6,555,42400000.0,2.168831168831169,2.538922155688623,2566666.6666666665,23532000000.0,1
1,0,1,3600000,10300000,12,536,22200000.0,2.861111111111111,2.1553398058252426,1800000.0,11899200000.0,0
2,0,0,700000,1700000,10,839,3700000.0,2.4285714285714284,2.176470588235294,233333.33333333334,3104300000.0,1
0,1,1,1400000,5100000,6,890,13100000.0,3.642857142857143,2.5686274509803924,1400000.0,11659000000.0,1
1,1,1,8600000,27900000,20,415,62000000.0,3.244186046511628,2.2222222222222223,4300000.0,25730000000.0,0
4,1,0,4700000,15700000,4,868,24400000.0,3.3404255319148937,1.5541401273885351,940000.0,21179200000.0,1
3,1,1,2900000,5800000,12,353,24200000.0,2.0,4.172413793103448,725000.0,8542600000.0,0
4,0,0,9000000,29000000,16,590,61700000.0,3.2222222222222223,2.127586206896552,1800000.0,36403000000.0,1
5,1,1,500000,900000,18,618,3600000.0,1.8,4.0,83333.33333333333,2224800000.0,1
2,0,1,700000,1700000,10,539,5200000.0,2.4285714285714284,3.0588235294117645,233333.33333333334,2802800000.0,0
0,1,0,6800000,27000000,4,429,55500000.0,3.9705882352941178,2.0555555555555554,6800000.0,23809500000.0,1
2,1,0,1800000,4700000,8,792,12000000.0,2.611111111111111,2.5531914893617023,600000.0,9504000000.0,1
0,0,0,6000000,12400000,2,608,29800000.0,2.066666666666667,2.403225806451613,6000000.0,18118400000.0,1
4,1,1,5400000,21500000,14,555,27600000.0,3.9814814814814814,1.283720930232558,1080000.0,15318000000.0,1
5,1,1,8400000,17500000,12,620,60700000.0,2.0833333333333335,3.4685714285714284,1400000.0,37634000000.0,1
0,1,0,7400000,20900000,6,635,57800000.0,2.824324324324324,2.7655502392344498,7400000.0,36703000000.0,1
2,1,0,3200000,12500000,10,457,20600000.0,3.90625,1.648,1066666.6666666667,9414200000.0,0
1,1,1,5400000,21400000,8,350,30100000.0,3.962962962962963,1.4065420560747663,2700000.0,10535000000.0,0
5,1,1,1000000,2500000,14,885,5700000.0,2.5,2.28,166666.66666666666,5044500000.0,1
0,1,0,4400000,14700000,16,638,23800000.0,3.340909090909091,1.619047619047619,4400000.0,15184400000.0,1
1,1,1,3800000,10500000,12,710,23000000.0,2.763157894736842,2.1904761904761907,1900000.0,16330000000.0,1
3,0,1,6100000,20900000,18,470,34500000.0,3.4262295081967213,1.6507177033492824,1525000.0,16215000000.0,0
5,0,1,5500000,17300000,16,874,25500000.0,3.1454545454545455,1.4739884393063585,916666.6666666666,22287000000.0,1
5,0,1,500000,1800000,18,411,3000000.0,3.6,1.6666666666666667,83333.33333333333,1233000000.0,0
0,0,1,300000,1100000,2,482,1800000.0,3.6666666666666665,1.6363636363636365,300000.0,867600000.0,1
1,1,1,6200000,16900000,2,396,49400000.0,2.725806451612903,2.923076923076923,3100000.0,19562400000.0,0
0,0,0,300000,900000,20,436,1200000.0,3.0,1.3333333333333333,300000.0,523200000.0,0
0,0,1,6900000,22100000,20,303,47100000.0,3.2028985507246377,2.1312217194570136,6900000.0,14271300000.0,0
4,1,0,3700000,11400000,12,728,19600000.0,3.081081081081081,1.719298245614035,740000.0,14268800000.0,1
3,0,1,8800000,28600000,10,775,51800000.0,3.25,1.8111888111888113,2200000.0,40145000000.0,1
5,1,1,8200000,23500000,12,402,46700000.0,2.8658536585365852,1.9872340425531916,1366666.6666666667,18773400000.0,0
1,0,1,9200000,31500000,18,698,40100000.0,3.4239130434782608,1.273015873015873,4600000.0,27989800000.0,1
0,0,0,2400000,7800000,14,665,17200000.0,3.25,2.2051282051282053,2400000.0,11438000000.0,1
4,0,0,4100000,13500000,18,490,26800000.0,3.292682926829268,1.9851851851851852,820000.0,13132000000.0,0
1,1,0,8000000,31900000,12,504,53400000.0,3.9875,1.6739811912225706,4000000.0,26913600000.0,0
3,0,1,3600000,8600000,8,790,26300000.0,2.388888888888889,3.058139534883721,900000.0,20777000000.0,1
1,0,1,700000,2700000,20,669,4200000.0,3.857142857142857,1.5555555555555556,350000.0,2809800000.0,1
4,0,0,8300000,30700000,6,381,55300000.0,3.6987951807228914,1.8013029315960911,1660000.0,21069300000.0,0
0,1,1,5300000,15000000,2,900,30600000.0,2.830188679245283,2.04,5300000.0,27540000000.0,1
4,1,0,8300000,24900000,16,506,54700000.0,3.0,2.1967871485943773,1660000.0,27678200000.0,0
3,0,1,2500000,8800000,12,538,19100000.0,3.52,2.1704545454545454,625000.0,10275800000.0,0
3,1,1,5400000,14400000,8,677,42800000.0,2.6666666666666665,2.9722222222222223,1350000.0,28975600000.0,1
4,1,0,1600000,4900000,8,685,10500000.0,3.0625,2.142857142857143,320000.0,7192500000.0,1
2,0,0,2400000,6200000,12,860,19200000.0,2.5833333333333335,3.096774193548387,800000.0,16512000000.0,1
5,0,0,6300000,14800000,6,608,53800000.0,2.3492063492063493,3.635135135135135,1050000.0,32710400000.0,1
4,1,1,2500000,5300000,10,540,13900000.0,2.12,2.6226415094339623,500000.0,7506000000.0,0
0,1,1,7500000,16800000,16,492,62800000.0,2.24,3.738095238095238,7500000.0,30897600000.0,0
3,0,0,2900000,8500000,14,834,16300000.0,2.9310344827586206,1.9176470588235295,725000.0,13594200000.0,1
3,1,1,1000000,3500000,16,834,6200000.0,3.5,1.7714285714285714,250000.0,5170800000.0,1
2,1,1,8600000,28800000,8,890,57600000.0,3.3488372093023258,2.0,2866666.6666666665,51264000000.0,1
1,0,0,300000,1100000,12,443,2400000.0,3.6666666666666665,2.1818181818181817,150000.0,1063200000.0,0
5,0,0,2300000,5700000,18,329,16500000.0,2.4782608695652173,2.8947368421052633,383333.3333333333,5428500000.0,0
2,0,1,2400000,5400000,12,739,10800000.0,2.25,2.0,800000.0,7981200000.0,1
5,1,1,9800000,30300000,6,867,74600000.0,3.0918367346938775,2.462046204620462,1633333.3333333333,64678200000.0,1
2,0,0,8100000,24800000,6,307,45800000.0,3.0617283950617282,1.846774193548387,2700000.0,14060600000.0,0
3,1,0,6700000,15500000,18,492,39800000.0,2.3134328358208953,2.567741935483871,1675000.0,19581600000.0,0
1,0,1,8400000,24700000,18,698,81100000.0,2.9404761904761907,3.283400809716599,4200000.0,56607800000.0,1
2,1,0,200000,700000,8,851,1600000.0,3.5,2.2857142857142856,66666.66666666667,1361600000.0,1
2,1,0,4700000,12500000,14,375,23100000.0,2.6595744680851063,1.848,1566666.6666666667,8662500000.0,0
0,1,1,4300000,14300000,14,601,27100000.0,3.3255813953488373,1.8951048951048952,4300000.0,16287100000.0,1
4,0,0,2200000,7000000,20,756,14400000.0,3.1818181818181817,2.057142857142857,440000.0,10886400000.0,1
4,1,1,8600000,19200000,4,868,64000000.0,2.2325581395348837,3.3333333333333335,1720000.0,55552000000.0,1
4,1,1,2000000,7200000,10,838,11400000.0,3.6,1.5833333333333333,400000.0,9553200000.0,1
4,0,1,4200000,15900000,14,375,34300000.0,3.7857142857142856,2.157232704402516,840000.0,12862500000.0,0
0,0,1,5100000,12500000,18,778,22300000.0,2.450980392156863,1.784,5100000.0,17349400000.0,1
2,1,1,4100000,11200000,6,442,30800000.0,2.731707317073171,2.75,1366666.6666666667,13613600000.0,0
1,1,1,9900000,39500000,12,808,59200000.0,3.98989898989899,1.4987341772151899,4950000.0,47833600000.0,1
1,0,1,3200000,9000000,20,372,16500000.0,2.8125,1.8333333333333333,1600000.0,6138000000.0,0
2,1,0,5500000,19000000,4,597,29100000.0,3.4545454545454546,1.5315789473684212,1833333.3333333333,17372700000.0,1
0,1,1,7800000,29100000,20,435,61100000.0,3.730769230769231,2.0996563573883162,7800000.0,26578500000.0,0
3,1,1,3400000,9700000,20,728,12700000.0,2.8529411764705883,1.309278350515464,850000.0,9245600000.0,1
4,1,1,7900000,25900000,14,373,60500000.0,3.278481012658228,2.335907335907336,1580000.0,22566500000.0,0
3,1,1,8900000,18500000,10,367,48400000.0,2.0786516853932584,2.616216216216216,2225000.0,17762800000.0,0
2,1,0,7300000,19100000,14,552,36200000.0,2.6164383561643834,1.8952879581151831,2433333.3333333335,19982400000.0,1
4,0,1,3300000,10600000,8,465,15000000.0,3.212121212121212,1.4150943396226414,660000.0,6975000000.0,0
4,1,1,2900000,10500000,8,607,21300000.0,3.6206896551724137,2.0285714285714285,580000.0,12929100000.0,1
2,1,1,500000,1300000,4,427,4300000.0,2.6,3.3076923076923075,166666.66666666666,1836100000.0,0
3,0,0,7200000,21200000,4,711,45600000.0,2.9444444444444446,2.150943396226415,1800000.0,32421600000.0,1
3,0,0,8300000,24100000,14,823,38300000.0,2.9036144578313254,1.5892116182572613,2075000.0,31520900000.0,1
1,0,1,8700000,20500000,6,523,54300000.0,2.3563218390804597,2.648780487804878,4350000.0,28398900000.0,0
4,0,1,7100000,27900000,10,328,56600000.0,3.9295774647887325,2.028673835125448,1420000.0,18564800000.0,0
3,1,1,9800000,28200000,12,721,53800000.0,2.877551020408163,1.9078014184397163,2450000.0,38789800000.0,1
0,1,1,6900000,17000000,20,599,58400000.0,2.463768115942029,3.4352941176470586,6900000.0,34981600000.0,1
0,0,0,2400000,5000000,14,580,19000000.0,2.0833333333333335,3.8,2400000.0,11020000000.0,1
1,0,1,2100000,4900000,10,744,8600000.0,2.3333333333333335,1.7551020408163265,1050000.0,6398400000.0,1
2,1,1,7200000,23900000,4,559,45000000.0,3.3194444444444446,1.8828451882845187,2400000.0,25155000000.0,1
2,1,0,4600000,13500000,16,587,29200000.0,2.9347826086956523,2.162962962962963,1533333.3333333333,17140400000.0,1
5,1,1,9900000,31800000,18,817,68200000.0,3.212121212121212,2.1446540880503147,1650000.0,55719400000.0,1
4,0,1,300000,1000000,20,655,1600000.0,3.3333333333333335,1.6,60000.0,1048000000.0,1
5,1,1,6900000,23900000,6,382,54400000.0,3.463768115942029,2.276150627615063,1150000.0,20780800000.0,0
2,1,1,1700000,4300000,6,765,10800000.0,2.5294117647058822,2.511627906976744,566666.6666666666,8262000000.0,1
2,1,1,4400000,10000000,20,516,32300000.0,2.272727272727273,3.23,1466666.6666666667,16666800000.0,0
4,0,1,4300000,15000000,8,383,18700000.0,3.488372093023256,1.2466666666666666,860000.0,7162100000.0,0
2,0,0,3700000,14100000,6,633,15700000.0,3.810810810810811,1.1134751773049645,1233333.3333333333,9938100000.0,1
1,1,0,5900000,15200000,2,547,37400000.0,2.5762711864406778,2.460526315789474,2950000.0,20457800000.0,0
5,0,1,8600000,26300000,10,843,62500000.0,3.058139534883721,2.376425855513308,1433333.3333333333,52687500000.0,1
3,0,1,3400000,13200000,8,783,24700000.0,3.8823529411764706,1.871212121212121,850000.0,19340100000.0,1
3,0,1,1000000,3200000,14,790,6700000.0,3.2,2.09375,250000.0,5293000000.0,1
1,0,1,4400000,14200000,16,409,31100000.0,3.227272727272727,2.1901408450704225,2200000.0,12719900000.0,0
0,0,0,3600000,7800000,14,376,31600000.0,2.1666666666666665,4.051282051282051,3600000.0,11881600000.0,0
3,0,0,1400000,2700000,8,625,9300000.0,1.9285714285714286,3.4444444444444446,350000.0,5812500000.0,1
0,0,0,5300000,10900000,18,707,35800000.0,2.056603773584906,3.2844036697247705,5300000.0,25310600000.0,1
3,1,1,9400000,20500000,6,645,65100000.0,2.1808510638297873,3.175609756097561,2350000.0,41989500000.0,1
4,0,1,6600000,22100000,6,887,31600000.0,3.3484848484848486,1.4298642533936652,1320000.0,28029200000.0,1
5,1,0,9800000,37600000,18,319,49300000.0,3.836734693877551,1.3111702127659575,1633333.3333333333,15726700000.0,0
1,0,0,1900000,4900000,20,647,14700000.0,2.5789473684210527,3.0,950000.0,9510900000.0,1
2,0,1,5800000,22500000,6,888,36400000.0,3.8793103448275863,1.6177777777777778,1933333.3333333333,32323200000.0,1
2,0,0,3100000,10400000,10,420,26300000.0,3.3548387096774195,2.5288461538461537,1033333.3333333334,11046000000.0,0
0,1,0,6800000,18400000,2,791,35000000.0,2.7058823529411766,1.9021739130434783,6800000.0,27685000000.0,1
5,0,0,4600000,16200000,12,891,21600000.0,3.5217391304347827,1.3333333333333333,766666.6666666666,19245600000.0,1
2,0,1,200000,700000,16,641,1500000.0,3.5,2.142857142857143,66666.66666666667,961500000.0,1
3,0,1,9500000,22800000,6,319,62500000.0,2.4,2.741228070175439,2375000.0,19937500000.0,0
5,0,1,6200000,22200000,20,819,50500000.0,3.5806451612903225,2.274774774774775,1033333.3333333334,41359500000.0,1
4,0,1,9700000,32300000,18,387,51300000.0,3.329896907216495,1.588235294117647,1940000.0,19853100000.0,0
5,1,1,4200000,12300000,2,686,30500000.0,2.9285714285714284,2.4796747967479673,700000.0,20923000000.0,1
1,1,1,5700000,12000000,4,415,41300000.0,2.1052631578947367,3.441666666666667,2850000.0,17139500000.0,0
2,1,1,200000,500000,6,885,6200000.0,2.5,12.4,66666.66666666667,5487000000.0,0
4,1,0,8000000,25500000,4,722,62200000.0,3.1875,2.43921568627451,1600000.0,44908400000.0,1
4,1,0,5200000,20400000,20,761,26800000.0,3.923076923076923,1.3137254901960784,1040000.0,20394800000.0,1
1,1,1,7100000,15200000,8,389,37000000.0,2.140845070422535,2.4342105263157894,3550000.0,14393000000.0,0
1,1,1,9300000,27900000,12,600,41900000.0,3.0,1.5017921146953406,4650000.0,25140000000.0,1
5,1,0,2000000,6100000,2,407,10400000.0,3.05,1.7049180327868851,333333.3333333333,4232800000.0,1
3,1,1,3900000,14000000,18,829,23500000.0,3.58974358974359,1.6785714285714286,975000.0,19481500000.0,1
2,0,0,2800000,5900000,6,895,17300000.0,2.107142857142857,2.9322033898305087,933333.3333333334,15483500000.0,1
5,1,1,3000000,11100000,12,441,20300000.0,3.7,1.8288288288288288,500000.0,8952300000.0,0
4,0,0,4500000,9800000,16,895,37400000.0,2.1777777777777776,3.816326530612245,900000.0,33473000000.0,1
4,1,0,1900000,4300000,4,826,10300000.0,2.263157894736842,2.395348837209302,380000.0,8507800000.0,1
1,1,0,2300000,7200000,8,453,16600000.0,3.130434782608696,2.3055555555555554,1150000.0,7519800000.0,0
0,1,0,4700000,17500000,2,701,26400000.0,3.723404255319149,1.5085714285714287,4700000.0,18506400000.0,1
2,0,1,1300000,2700000,8,627,4300000.0,2.076923076923077,1.5925925925925926,433333.3333333333,2696100000.0,1
3,1,0,3100000,11000000,2,543,19500000.0,3.5483870967741935,1.7727272727272727,775000.0,10588500000.0,1
0,1,0,8400000,17500000,18,411,60200000.0,2.0833333333333335,3.44,8400000.0,24742200000.0,0
5,1,1,1700000,5800000,4,583,12100000.0,3.411764705882353,2.086206896551724,283333.3333333333,7054300000.0,1
2,0,0,1900000,7500000,2,889,11400000.0,3.9473684210526314,1.52,633333.3333333334,10134600000.0,1
3,0,0,2400000,8600000,8,684,13600000.0,3.5833333333333335,1.5813953488372092,600000.0,9302400000.0,1
5,1,0,6800000,20500000,10,578,42900000.0,3.014705882352941,2.0926829268292684,1133333.3333333333,24796200000.0,1
1,1,0,2900000,10900000,20,445,21300000.0,3.7586206896551726,1.9541284403669725,1450000.0,9478500000.0,0
4,1,1,8900000,26300000,10,369,70400000.0,2.955056179775281,2.67680608365019,1780000.0,25977600000.0,0
1,0,0,8800000,22200000,18,794,51800000.0,2.522727272727273,2.3333333333333335,4400000.0,41129200000.0,1
0,1,1,8200000,19200000,16,492,52900000.0,2.341463414634146,2.7552083333333335,8200000.0,26026800000.0,0
3,0,1,3600000,13200000,16,557,25800000.0,3.6666666666666665,1.9545454545454546,900000.0,14370600000.0,1
4,1,1,9500000,31800000,6,519,47800000.0,3.3473684210526318,1.5031446540880504,1900000.0,24808200000.0,0
0,0,1,1900000,5700000,18,699,14200000.0,3.0,2.491228070175439,1900000.0,9925800000.0,1
3,0,1,9100000,24600000,2,741,61100000.0,2.7032967032967035,2.483739837398374,2275000.0,45275100000.0,1
5,1,0,1100000,3800000,18,508,5200000.0,3.4545454545454546,1.368421052631579,183333.33333333334,2641600000.0,0
5,0,1,1100000,2800000,10,647,10400000.0,2.5454545454545454,3.7142857142857144,183333.33333333334,6728800000.0,1
1,1,0,9300000,28600000,14,656,66300000.0,3.075268817204301,2.3181818181818183,4650000.0,43492800000.0,1
4,1,1,3900000,10600000,2,439,25200000.0,2.717948717948718,2.3773584905660377,780000.0,11062800000.0,0
5,0,1,1500000,4000000,12,350,10400000.0,2.6666666666666665,2.6,250000.0,3640000000.0,0
5,1,0,800000,2200000,6,493,5200000.0,2.75,2.3636363636363638,133333.33333333334,2563600000.0,0
4,1,0,600000,1800000,6,851,4100000.0,3.0,2.2777777777777777,120000.0,3489100000.0,1
2,1,0,4400000,12500000,18,492,21900000.0,2.840909090909091,1.752,1466666.6666666667,10774800000.0,0
4,1,1,2700000,5400000,6,861,18100000.0,2.0,3.3518518518518516,540000.0,15584100000.0,1
3,0,1,6200000,14600000,2,664,50100000.0,2.3548387096774195,3.4315068493150687,1550000.0,33266400000.0,1
5,1,1,700000,1300000,16,362,6400000.0,1.8571428571428572,4.923076923076923,116666.66666666667,2316800000.0,0
0,1,0,3400000,9400000,6,703,17800000.0,2.764705882352941,1.8936170212765957,3400000.0,12513400000.0,1
1,0,1,4900000,16800000,12,758,21400000.0,3.4285714285714284,1.2738095238095237,2450000.0,16221200000.0,1
3,0,1,4200000,9700000,2,396,21800000.0,2.3095238095238093,2.247422680412371,1050000.0,8632800000.0,0
0,1,1,5300000,10600000,2,828,38000000.0,2.0,3.5849056603773586,5300000.0,31464000000.0,1
5,1,1,3700000,10000000,20,709,23000000.0,2.7027027027027026,2.3,616666.6666666666,16307000000.0,1
4,0,1,5600000,17500000,10,528,35800000.0,3.125,2.045714285714286,1120000.0,18902400000.0,0
2,1,1,4300000,16000000,14,623,38000000.0,3.7209302325581395,2.375,1433333.3333333333,23674000000.0,1
4,0,1,7100000,24500000,14,599,43300000.0,3.4507042253521125,1.7673469387755103,1420000.0,25936700000.0,1
4,1,1,5400000,12700000,4,622,35900000.0,2.3518518518518516,2.826771653543307,1080000.0,22329800000.0,1
0,0,0,6000000,13100000,6,385,53600000.0,2.183333333333333,4.091603053435114,6000000.0,20636000000.0,0
4,1,1,4100000,12500000,2,579,32300000.0,3.048780487804878,2.584,820000.0,18701700000.0,1
4,0,0,8300000,17900000,20,846,53000000.0,2.1566265060240966,2.9608938547486034,1660000.0,44838000000.0,1
3,1,0,8100000,23900000,10,449,50400000.0,2.950617283950617,2.1087866108786613,2025000.0,22629600000.0,0
1,0,0,7200000,24900000,14,666,37600000.0,3.4583333333333335,1.5100401606425702,3600000.0,25041600000.0,1
5,1,0,7200000,17500000,4,380,26400000.0,2.4305555555555554,1.5085714285714287,1200000.0,10032000000.0,0
2,1,1,3500000,8100000,4,589,25700000.0,2.3142857142857145,3.1728395061728394,1166666.6666666667,15137300000.0,1
1,1,0,6200000,19500000,12,845,31300000.0,3.1451612903225805,1.6051282051282052,3100000.0,26448500000.0,1
3,0,0,5200000,17300000,10,401,23100000.0,3.326923076923077,1.3352601156069364,1300000.0,9263100000.0,0
0,0,0,4500000,14500000,2,766,38300000.0,3.2222222222222223,2.6413793103448278,4500000.0,29337800000.0,1
5,0,0,5400000,15100000,12,522,29500000.0,2.7962962962962963,1.9536423841059603,900000.0,15399000000.0,0
3,0,1,2000000,6900000,6,834,14400000.0,3.45,2.0869565217391304,500000.0,12009600000.0,1
3,1,0,8900000,25400000,8,588,54800000.0,2.853932584269663,2.15748031496063,2225000.0,32222400000.0,1
2,1,0,5000000,10600000,4,570,34700000.0,2.12,3.2735849056603774,1666666.6666666667,19779000000.0,1
2,1,0,4900000,17600000,6,860,39400000.0,3.5918367346938775,2.2386363636363638,1633333.3333333333,33884000000.0,1
4,1,1,5300000,19200000,4,655,42800000.0,3.6226415094339623,2.2291666666666665,1060000.0,28034000000.0,1
3,0,1,8500000,27700000,4,457,28100000.0,3.2588235294117647,1.0144404332129964,2125000.0,12841700000.0,1
5,1,1,700000,2100000,14,863,4600000.0,3.0,2.1904761904761907,116666.66666666667,3969800000.0,1
3,0,1,5900000,18900000,4,742,46500000.0,3.2033898305084745,2.4603174603174605,1475000.0,34503000000.0,1
3,1,0,3500000,13300000,4,798,28400000.0,3.8,2.1353383458646618,875000.0,22663200000.0,1
5,0,1,7700000,18900000,16,552,52200000.0,2.4545454545454546,2.761904761904762,1283333.3333333333,28814400000.0,1
2,0,1,4500000,12500000,12,418,21400000.0,2.7777777777777777,1.712,1500000.0,8945200000.0,0
0,1,0,9100000,22200000,6,419,36000000.0,2.4395604395604398,1.6216216216216217,9100000.0,15084000000.0,0
1,0,1,9000000,29900000,2,668,58400000.0,3.3222222222222224,1.9531772575250836,4500000.0,39011200000.0,1
2,0,0,8900000,29200000,8,608,61200000.0,3.2808988764044944,2.095890410958904,2966666.6666666665,37209600000.0,1
5,0,0,6500000,13800000,10,342,39300000.0,2.123076923076923,2.847826086956522,1083333.3333333333,13440600000.0,0
4,0,1,8100000,18000000,8,817,36900000.0,2.2222222222222223,2.05,1620000.0,30147300000.0,1
1,0,0,8400000,29900000,16,476,58700000.0,3.5595238095238093,1.9632107023411371,4200000.0,27941200000.0,0
0,0,0,5300000,20000000,6,881,43100000.0,3.7735849056603774,2.155,5300000.0,37971100000.0,1
2,1,0,4100000,15600000,12,838,28100000.0,3.8048780487804876,1.8012820512820513,1366666.6666666667,23547800000.0,1
3,0,0,6900000,27400000,4,406,45900000.0,3.971014492753623,1.6751824817518248,1725000.0,18635400000.0,1
1,1,1,5200000,19500000,12,778,35200000.0,3.75,1.8051282051282052,2600000.0,27385600000.0,1
5,0,1,2000000,7400000,14,799,12700000.0,3.7,1.7162162162162162,333333.3333333333,10147300000.0,1
3,1,0,4600000,17800000,20,716,30500000.0,3.869565217391304,1.7134831460674158,1150000.0,21838000000.0,1
0,1,1,7100000,20100000,16,756,36000000.0,2.8309859154929575,1.791044776119403,7100000.0,27216000000.0,1
0,0,0,9300000,20100000,10,743,42100000.0,2.161290322580645,2.0945273631840795,9300000.0,31280300000.0,1
3,0,0,5400000,19400000,20,731,41300000.0,3.5925925925925926,2.1288659793814433,1350000.0,30190300000.0,1
3,0,0,4100000,8500000,2,833,31600000.0,2.073170731707317,3.7176470588235295,1025000.0,26322800000.0,1
4,0,0,4900000,11400000,8,470,39000000.0,2.326530612244898,3.4210526315789473,980000.0,18330000000.0,0
5,1,1,5400000,21200000,20,734,28100000.0,3.925925925925926,1.3254716981132075,900000.0,20625400000.0,1
0,1,0,3000000,9600000,12,620,20100000.0,3.2,2.09375,3000000.0,12462000000.0,1
0,0,1,6800000,14400000,8,812,47200000.0,2.1176470588235294,3.2777777777777777,6800000.0,38326400000.0,1
4,1,1,5100000,14000000,12,459,27000000.0,2.7450980392156863,1.9285714285714286,1020000.0,12393000000.0,0
0,1,1,9800000,32600000,10,704,54000000.0,3.326530612244898,1.656441717791411,9800000.0,38016000000.0,1
1,1,1,1600000,4100000,6,391,12100000.0,2.5625,2.951219512195122,800000.0,4731100000.0,0
4,1,0,8000000,29100000,4,421,50900000.0,3.6375,1.7491408934707904,1600000.0,21428900000.0,1
5,1,0,2900000,6700000,14,796,21400000.0,2.310344827586207,3.1940298507462686,483333.3333333333,17034400000.0,1
4,1,0,9200000,30300000,10,607,79100000.0,3.2934782608695654,2.6105610561056105,1840000.0,48013700000.0,1
3,0,0,9500000,20400000,14,376,43200000.0,2.1473684210526316,2.1176470588235294,2375000.0,16243200000.0,0
0,1,1,3700000,8500000,8,424,26400000.0,2.2972972972972974,3.1058823529411765,3700000.0,11193600000.0,0
5,1,1,7100000,20800000,6,442,45300000.0,2.9295774647887325,2.1778846153846154,1183333.3333333333,20022600000.0,0
5,0,0,5600000,17600000,14,448,35900000.0,3.142857142857143,2.039772727272727,933333.3333333334,16083200000.0,0
0,1,1,1200000,2700000,2,638,6200000.0,2.25,2.2962962962962963,1200000.0,3955600000.0,1
3,0,0,1600000,5600000,6,710,11500000.0,3.5,2.0535714285714284,400000.0,8165000000.0,1
4,0,1,1600000,4800000,20,641,10700000.0,3.0,2.2291666666666665,320000.0,6858700000.0,1
2,0,0,5300000,20200000,10,348,42100000.0,3.811320754716981,2.0841584158415842,1766666.6666666667,14650800000.0,0
5,0,0,9100000,19900000,20,519,65100000.0,2.1868131868131866,3.271356783919598,1516666.6666666667,33786900000.0,0
4,0,1,9400000,35000000,10,517,60000000.0,3.723404255319149,1.7142857142857142,1880000.0,31020000000.0,0
3,0,0,5900000,22400000,6,375,39900000.0,3.7966101694915255,1.78125,1475000.0,14962500000.0,0
2,1,1,1100000,3400000,10,426,6400000.0,3.090909090909091,1.8823529411764706,366666.6666666667,2726400000.0,0
4,1,1,3100000,11500000,14,785,19600000.0,3.7096774193548385,1.7043478260869565,620000.0,15386000000.0,1
4,0,0,2200000,8600000,20,373,12700000.0,3.909090909090909,1.4767441860465116,440000.0,4737100000.0,0
1,1,0,6000000,20100000,6,476,44600000.0,3.35,2.218905472636816,3000000.0,21229600000.0,0
1,1,1,2000000,5600000,18,320,11400000.0,2.8,2.0357142857142856,1000000.0,3648000000.0,0
4,1,0,7200000,22900000,18,657,41200000.0,3.1805555555555554,1.7991266375545851,1440000.0,27068400000.0,1
1,0,1,500000,1900000,12,868,2800000.0,3.8,1.4736842105263157,250000.0,2430400000.0,1
1,0,1,5800000,13900000,6,345,39700000.0,2.396551724137931,2.856115107913669,2900000.0,13696500000.0,0
0,0,0,200000,300000,6,472,1200000.0,1.5,4.0,200000.0,566400000.0,0
4,0,1,4600000,9500000,20,613,27800000.0,2.0652173913043477,2.9263157894736844,920000.0,17041400000.0,1
5,0,1,4600000,12800000,14,769,37300000.0,2.782608695652174,2.9140625,766666.6666666666,28683700000.0,1
1,1,0,6500000,23100000,20,741,53500000.0,3.5538461538461537,2.316017316017316,3250000.0,39643500000.0,1
4,0,1,4400000,16600000,14,889,23000000.0,3.772727272727273,1.3855421686746987,880000.0,20447000000.0,1
0,0,1,900000,3600000,10,683,6000000.0,4.0,1.6666666666666667,900000.0,4098000000.0,1
0,0,1,3200000,7400000,18,780,18600000.0,2.3125,2.5135135135135136,3200000.0,14508000000.0,1
3,1,0,600000,1100000,8,538,3000000.0,1.8333333333333333,2.727272727272727,150000.0,1614000000.0,0
1,0,0,5200000,12600000,10,721,27300000.0,2.423076923076923,2.1666666666666665,2600000.0,19683300000.0,1
3,0,1,6400000,15200000,14,467,46200000.0,2.375,3.039473684210526,1600000.0,21575400000.0,0
2,0,0,1000000,2500000,6,551,6500000.0,2.5,2.6,333333.3333333333,3581500000.0,1
2,0,0,6800000,14800000,14,803,40800000.0,2.176470588235294,2.7567567567567566,2266666.6666666665,32762400000.0,1
0,1,0,3000000,8400000,10,361,17000000.0,2.8,2.0238095238095237,3000000.0,6137000000.0,0
1,0,1,8700000,30700000,6,708,62000000.0,3.528735632183908,2.019543973941368,4350000.0,43896000000.0,1
4,1,1,8800000,20900000,18,766,76500000.0,2.375,3.660287081339713,1760000.0,58599000000.0,1
1,0,1,3900000,11500000,2,464,32500000.0,2.948717948717949,2.8260869565217392,1950000.0,15080000000.0,0
5,1,0,1700000,4300000,2,517,8100000.0,2.5294117647058822,1.8837209302325582,283333.3333333333,4187700000.0,0
3,0,1,900000,2300000,6,747,4900000.0,2.5555555555555554,2.130434782608696,225000.0,3660300000.0,1
1,0,0,7200000,24700000,6,596,37700000.0,3.4305555555555554,1.5263157894736843,3600000.0,22469200000.0,1
0,1,0,9200000,25400000,2,783,59400000.0,2.760869565217391,2.338582677165354,9200000.0,46510200000.0,1
3,0,0,5700000,19400000,2,335,45700000.0,3.4035087719298245,2.3556701030927836,1425000.0,15309500000.0,1
5,0,1,1100000,2700000,4,889,5600000.0,2.4545454545454546,2.074074074074074,183333.33333333334,4978400000.0,1
2,0,1,1100000,2200000,4,874,6200000.0,2.0,2.8181818181818183,366666.6666666667,5418800000.0,1
0,1,1,6000000,23900000,4,394,38900000.0,3.9833333333333334,1.6276150627615062,6000000.0,15326600000.0,1
2,1,1,8100000,28500000,20,420,44700000.0,3.5185185185185186,1.568421052631579,2700000.0,18774000000.0,0
2,0,1,6500000,25100000,20,848,41900000.0,3.8615384615384616,1.6693227091633467,2166666.6666666665,35531200000.0,1
0,1,1,7600000,17900000,16,788,42500000.0,2.3552631578947367,2.374301675977654,7600000.0,33490000000.0,1
1,1,0,2200000,4900000,8,509,12100000.0,2.227272727272727,2.4693877551020407,1100000.0,6158900000.0,0
4,1,1,6300000,23900000,6,899,44400000.0,3.7936507936507935,1.8577405857740585,1260000.0,39915600000.0,1
4,0,1,6700000,15800000,12,466,38600000.0,2.3582089552238807,2.4430379746835444,1340000.0,17987600000.0,0
5,1,1,1300000,4300000,2,595,6200000.0,3.3076923076923075,1.441860465116279,216666.66666666666,3689000000.0,1
1,0,0,2800000,6700000,12,322,14600000.0,2.392857142857143,2.1791044776119404,1400000.0,4701200000.0,0
3,1,0,7000000,18900000,2,691,32800000.0,2.7,1.7354497354497354,1750000.0,22664800000.0,1
3,0,1,8800000,26700000,10,379,62300000.0,3.034090909090909,2.3333333333333335,2200000.0,23611700000.0,0
0,1,0,8900000,25800000,18,531,44100000.0,2.898876404494382,1.7093023255813953,8900000.0,23417100000.0,0
5,0,0,7000000,21800000,4,631,39800000.0,3.1142857142857143,1.8256880733944953,1166666.6666666667,25113800000.0,1
0,1,1,6900000,18600000,10,330,49900000.0,2.6956521739130435,2.682795698924731,6900000.0,16467000000.0,0
5,1,0,9200000,29200000,16,383,67100000.0,3.1739130434782608,2.297945205479452,1533333.3333333333,25699300000.0,0
0,1,1,6100000,19700000,16,678,40800000.0,3.2295081967213113,2.0710659898477157,6100000.0,27662400000.0,1
1,1,1,4400000,14700000,8,894,29500000.0,3.340909090909091,2.006802721088435,2200000.0,26373000000.0,1
4,0,0,9900000,22700000,12,567,73300000.0,2.292929292929293,3.2290748898678414,1980000.0,41561100000.0,1
5,0,0,3900000,14000000,4,708,23300000.0,3.58974358974359,1.6642857142857144,650000.0,16496400000.0,1
3,1,0,6800000,21200000,2,433,42100000.0,3.1176470588235294,1.9858490566037736,1700000.0,18229300000.0,1
4,0,0,3600000,8700000,14,302,22000000.0,2.4166666666666665,2.528735632183908,720000.0,6644000000.0,0
4,1,0,700000,2600000,14,736,5000000.0,3.7142857142857144,1.9230769230769231,140000.0,3680000000.0,1
2,0,1,4000000,8500000,6,323,30600000.0,2.125,3.6,1333333.3333333333,9883800000.0,0
4,1,0,1800000,4100000,12,670,11700000.0,2.2777777777777777,2.8536585365853657,360000.0,7839000000.0,1
3,0,0,5600000,21000000,12,609,40500000.0,3.75,1.9285714285714286,1400000.0,24664500000.0,1
4,0,0,6800000,24200000,18,349,44000000.0,3.5588235294117645,1.8181818181818181,1360000.0,15356000000.0,0
5,0,1,600000,1500000,2,319,3900000.0,2.5,2.6,100000.0,1244100000.0,0
1,0,0,4200000,16200000,14,391,24600000.0,3.857142857142857,1.5185185185185186,2100000.0,9618600000.0,0
4,0,0,5000000,18700000,10,755,19800000.0,3.74,1.0588235294117647,1000000.0,14949000000.0,1
1,0,0,4100000,12200000,6,354,32700000.0,2.975609756097561,2.680327868852459,2050000.0,11575800000.0,0
3,0,1,2200000,8800000,2,877,15800000.0,4.0,1.7954545454545454,550000.0,13856600000.0,1
1,0,0,3400000,8600000,16,312,23900000.0,2.5294117647058822,2.7790697674418605,1700000.0,7456800000.0,0
0,1,0,7100000,15900000,14,746,44900000.0,2.23943661971831,2.8238993710691824,7100000.0,33495400000.0,1
3,1,0,5800000,19600000,16,313,48200000.0,3.3793103448275863,2.4591836734693877,1450000.0,15086600000.0,0
2,1,0,3400000,12900000,14,857,16500000.0,3.7941176470588234,1.2790697674418605,1133333.3333333333,14140500000.0,1
2,0,0,7700000,18300000,20,504,38000000.0,2.3766233766233764,2.0765027322404372,2566666.6666666665,19152000000.0,0
0,1,0,500000,1200000,14,556,3200000.0,2.4,2.6666666666666665,500000.0,1779200000.0,1
2,1,1,5300000,11000000,14,393,34900000.0,2.0754716981132075,3.172727272727273,1766666.6666666667,13715700000.0,0
0,1,0,4700000,14400000,14,881,37100000.0,3.0638297872340425,2.576388888888889,4700000.0,32685100000.0,1
2,1,1,4300000,12200000,14,719,27400000.0,2.8372093023255816,2.2459016393442623,1433333.3333333333,19700600000.0,1
2,1,1,900000,2500000,16,458,10100000.0,2.7777777777777777,4.04,300000.0,4625800000.0,0
4,1,0,2000000,7500000,14,857,12100000.0,3.75,1.6133333333333333,400000.0,10369700000.0,1
2,1,1,2000000,7600000,16,429,16400000.0,3.8,2.1578947368421053,666666.6666666666,7035600000.0,0
3,0,0,4100000,15900000,12,538,19200000.0,3.8780487804878048,1.2075471698113207,1025000.0,10329600000.0,0
1,0,0,6900000,14400000,10,828,53300000.0,2.0869565217391304,3.701388888888889,3450000.0,44132400000.0,1
5,1,1,2300000,6100000,6,339,18300000.0,2.652173913043478,3.0,383333.3333333333,6203700000.0,0
5,1,1,5800000,16600000,18,376,33900000.0,2.8620689655172415,2.0421686746987953,966666.6666666666,12746400000.0,0
5,0,0,8000000,30000000,14,549,39300000.0,3.75,1.31,1333333.3333333333,21575700000.0,0
3,0,1,3700000,12700000,18,587,27000000.0,3.4324324324324325,2.125984251968504,925000.0,15849000000.0,1
0,0,0,2600000,8400000,18,861,13500000.0,3.230769230769231,1.6071428571428572,2600000.0,11623500000.0,1
0,0,0,3000000,7000000,12,409,22800000.0,2.3333333333333335,3.257142857142857,3000000.0,9325200000.0,0
4,1,0,2700000,10200000,4,528,21600000.0,3.7777777777777777,2.1176470588235294,540000.0,11404800000.0,1
4,0,0,5700000,19600000,8,691,26100000.0,3.43859649122807,1.3316326530612246,1140000.0,18035100000.0,1
2,1,0,1500000,3600000,4,584,11700000.0,2.4,3.25,500000.0,6832800000.0,1
5,0,0,6800000,20000000,4,459,47400000.0,2.9411764705882355,2.37,1133333.3333333333,21756600000.0,0
1,1,1,8100000,31700000,10,755,47500000.0,3.9135802469135803,1.498422712933754,4050000.0,35862500000.0,1
3,0,1,9200000,27700000,20,688,58100000.0,3.010869565217391,2.0974729241877257,2300000.0,39972800000.0,1
1,0,1,7600000,26000000,6,384,31700000.0,3.4210526315789473,1.2192307692307693,3800000.0,12172800000.0,0
4,1,0,600000,1600000,20,869,4300000.0,2.6666666666666665,2.6875,120000.0,3736700000.0,1
1,0,1,4700000,18700000,20,445,17200000.0,3.978723404255319,0.9197860962566845,2350000.0,7654000000.0,0
0,1,0,1400000,5500000,6,393,9200000.0,3.9285714285714284,1.6727272727272726,1400000.0,3615600000.0,0
3,1,1,9400000,24600000,10,414,51600000.0,2.617021276595745,2.097560975609756,2350000.0,21362400000.0,0
2,1,0,9700000,19900000,16,395,64300000.0,2.051546391752577,3.2311557788944723,3233333.3333333335,25398500000.0,0
3,0,1,8900000,21000000,14,815,39000000.0,2.359550561797753,1.8571428571428572,2225000.0,31785000000.0,1
5,1,0,4600000,10500000,8,758,26900000.0,2.282608695652174,2.5619047619047617,766666.6666666666,20390200000.0,1
5,0,1,5600000,14500000,10,457,39900000.0,2.5892857142857144,2.7517241379310344,933333.3333333334,18234300000.0,0
0,1,1,1000000,3200000,10,854,7500000.0,3.2,2.34375,1000000.0,6405000000.0,1
3,1,0,3500000,10300000,16,324,18300000.0,2.942857142857143,1.7766990291262137,875000.0,5929200000.0,0
0,0,0,7900000,31500000,14,849,66900000.0,3.9873417721518987,2.123809523809524,7900000.0,56798100000.0,1
3,1,1,6100000,24200000,12,672,39900000.0,3.9672131147540983,1.6487603305785123,1525000.0,26812800000.0,1
3,0,1,8900000,20900000,6,859,66500000.0,2.348314606741573,3.1818181818181817,2225000.0,57123500000.0,1
4,1,0,5300000,15400000,8,584,25800000.0,2.9056603773584904,1.6753246753246753,1060000.0,15067200000.0,1
5,0,0,1300000,4800000,4,346,9800000.0,3.6923076923076925,2.0416666666666665,216666.66666666666,3390800000.0,1
3,1,0,4000000,12800000,18,635,30100000.0,3.2,2.3515625,1000000.0,19113500000.0,1
2,0,0,8700000,22700000,4,365,60400000.0,2.6091954022988504,2.66079295154185,2900000.0,22046000000.0,0
1,0,0,9500000,20000000,16,856,66800000.0,2.1052631578947367,3.34,4750000.0,57180800000.0,1
5,1,1,9000000,20000000,2,440,54200000.0,2.2222222222222223,2.71,1500000.0,23848000000.0,0
0,1,1,7300000,23300000,2,616,51500000.0,3.191780821917808,2.2103004291845494,7300000.0,31724000000.0,1
3,1,1,7400000,25700000,2,461,28800000.0,3.472972972972973,1.1206225680933852,1850000.0,13276800000.0,1
5,0,0,3100000,10800000,10,681,15700000.0,3.4838709677419355,1.4537037037037037,516666.6666666667,10691700000.0,1
2,1,0,4300000,9400000,2,485,32300000.0,2.186046511627907,3.4361702127659575,1433333.3333333333,15665500000.0,0
1,1,1,2400000,8300000,6,684,16600000.0,3.4583333333333335,2.0,1200000.0,11354400000.0,1
1,1,0,5400000,17900000,14,727,30100000.0,3.314814814814815,1.681564245810056,2700000.0,21882700000.0,1
2,0,0,1600000,5100000,6,784,9700000.0,3.1875,1.9019607843137254,533333.3333333334,7604800000.0,1
3,0,1,9900000,20400000,4,865,79200000.0,2.0606060606060606,3.8823529411764706,2475000.0,68508000000.0,1
3,0,0,5800000,20100000,18,791,34100000.0,3.4655172413793105,1.6965174129353233,1450000.0,26973100000.0,1
4,0,0,2200000,8500000,16,866,15500000.0,3.8636363636363638,1.8235294117647058,440000.0,13423000000.0,1
0,1,0,5000000,14400000,2,761,30100000.0,2.88,2.0902777777777777,5000000.0,22906100000.0,1
2,0,1,600000,2100000,18,572,2600000.0,3.5,1.2380952380952381,200000.0,1487200000.0,1
4,1,0,2200000,8600000,6,601,15600000.0,3.909090909090909,1.813953488372093,440000.0,9375600000.0,1
1,1,1,2600000,5500000,14,820,16400000.0,2.1153846153846154,2.981818181818182,1300000.0,13448000000.0,1
4,0,0,1200000,4300000,8,598,7900000.0,3.5833333333333335,1.8372093023255813,240000.0,4724200000.0,1
2,1,0,3100000,8700000,18,544,20100000.0,2.806451612903226,2.310344827586207,1033333.3333333334,10934400000.0,0
5,0,1,4600000,14500000,14,561,24500000.0,3.152173913043478,1.6896551724137931,766666.6666666666,13744500000.0,1
4,1,1,9300000,35500000,6,547,61500000.0,3.817204301075269,1.732394366197183,1860000.0,33640500000.0,0
4,1,0,6300000,13400000,2,504,45300000.0,2.126984126984127,3.3805970149253732,1260000.0,22831200000.0,0
2,0,0,5900000,20800000,14,530,34800000.0,3.5254237288135593,1.6730769230769231,1966666.6666666667,18444000000.0,0
2,1,1,2900000,10600000,6,614,12500000.0,3.6551724137931036,1.179245283018868,966666.6666666666,7675000000.0,1
4,0,0,6100000,22400000,18,351,46000000.0,3.6721311475409837,2.0535714285714284,1220000.0,16146000000.0,0
4,1,1,5900000,19700000,10,431,40500000.0,3.3389830508474576,2.0558375634517767,1180000.0,17455500000.0,0
1,0,1,4600000,18400000,10,403,29200000.0,4.0,1.5869565217391304,2300000.0,11767600000.0,0
2,0,0,7000000,20200000,8,668,56800000.0,2.8857142857142857,2.8118811881188117,2333333.3333333335,37942400000.0,1
3,0,1,5100000,10400000,18,399,37000000.0,2.0392156862745097,3.5576923076923075,1275000.0,14763000000.0,0
1,1,0,3100000,10600000,14,665,20400000.0,3.4193548387096775,1.9245283018867925,1550000.0,13566000000.0,1
2,1,0,4100000,12800000,16,344,37200000.0,3.1219512195121952,2.90625,1366666.6666666667,12796800000.0,0
0,1,0,1800000,5400000,16,555,13600000.0,3.0,2.5185185185185186,1800000.0,7548000000.0,1
4,0,1,8200000,26900000,20,301,78300000.0,3.2804878048780486,2.9107806691449816,1640000.0,23568300000.0,0
2,0,1,800000,2100000,6,726,5200000.0,2.625,2.4761904761904763,266666.6666666667,3775200000.0,1
2,1,0,8400000,23100000,6,689,39000000.0,2.75,1.6883116883116882,2800000.0,26871000000.0,1
0,0,0,8500000,33900000,4,665,43700000.0,3.988235294117647,1.289085545722714,8500000.0,29060500000.0,1
3,0,1,3300000,12700000,16,608,26900000.0,3.8484848484848486,2.1181102362204722,825000.0,16355200000.0,1
3,0,0,5800000,12800000,20,335,30700000.0,2.206896551724138,2.3984375,1450000.0,10284500000.0,0
3,0,0,4400000,10500000,18,677,19200000.0,2.3863636363636362,1.8285714285714285,1100000.0,12998400000.0,1
1,0,0,2600000,8500000,2,491,11400000.0,3.269230769230769,1.3411764705882352,1300000.0,5597400000.0,1
2,0,1,9600000,28100000,20,763,72600000.0,2.9270833333333335,2.583629893238434,3200000.0,55393800000.0,1
5,0,1,5200000,18100000,8,809,28800000.0,3.480769230769231,1.591160220994475,866666.6666666666,23299200000.0,1
5,0,1,9700000,36400000,16,544,55000000.0,3.752577319587629,1.510989010989011,1616666.6666666667,29920000000.0,0
1,1,1,200000,800000,14,624,1200000.0,4.0,1.5,100000.0,748800000.0,1
3,1,0,6500000,16800000,10,388,32400000.0,2.5846153846153848,1.9285714285714286,1625000.0,12571200000.0,0
4,1,1,7200000,23100000,14,644,39300000.0,3.2083333333333335,1.7012987012987013,1440000.0,25309200000.0,1
0,0,0,5200000,18400000,14,600,37100000.0,3.5384615384615383,2.016304347826087,5200000.0,22260000000.0,1
2,0,0,6500000,14100000,2,709,38600000.0,2.169230769230769,2.7375886524822697,2166666.6666666665,27367400000.0,1
5,1,1,2300000,5600000,8,642,15600000.0,2.4347826086956523,2.7857142857142856,383333.3333333333,10015200000.0,1
0,0,1,3300000,10400000,4,423,26900000.0,3.1515151515151514,2.5865384615384617,3300000.0,11378700000.0,1
0,0,1,2000000,5900000,12,900,16300000.0,2.95,2.76271186440678,2000000.0,14670000000.0,1
2,1,1,8300000,19500000,4,415,42000000.0,2.3493975903614457,2.1538461538461537,2766666.6666666665,17430000000.0,0
4,1,1,3800000,14300000,4,645,17900000.0,3.763157894736842,1.2517482517482517,760000.0,11545500000.0,1
0,0,0,5700000,15600000,16,742,24700000.0,2.736842105263158,1.5833333333333333,5700000.0,18327400000.0,1
4,0,0,7300000,19800000,8,724,50800000.0,2.712328767123288,2.5656565656565657,1460000.0,36779200000.0,1
1,1,0,1600000,5400000,12,707,9300000.0,3.375,1.7222222222222223,800000.0,6575100000.0,1
5,0,1,800000,2500000,4,780,3500000.0,3.125,1.4,133333.33333333334,2730000000.0,1
4,0,0,6300000,21900000,10,538,42100000.0,3.4761904761904763,1.9223744292237444,1260000.0,22649800000.0,0
2,1,0,8800000,17700000,14,706,66700000.0,2.0113636363636362,3.768361581920904,2933333.3333333335,47090200000.0,1
0,1,0,7300000,14500000,16,811,39100000.0,1.9863013698630136,2.696551724137931,7300000.0,31710100000.0,1
2,1,1,3800000,9100000,14,849,20700000.0,2.3947368421052633,2.2747252747252746,1266666.6666666667,17574300000.0,1
3,1,0,6200000,16700000,10,880,53200000.0,2.693548387096774,3.18562874251497,1550000.0,46816000000.0,1
5,0,1,3500000,9500000,4,664,23000000.0,2.7142857142857144,2.4210526315789473,583333.3333333334,15272000000.0,1
5,1,1,1400000,5000000,2,465,9400000.0,3.5714285714285716,1.88,233333.33333333334,4371000000.0,1
3,0,1,3500000,12000000,2,786,19400000.0,3.4285714285714284,1.6166666666666667,875000.0,15248400000.0,1
1,1,1,600000,2000000,10,326,4500000.0,3.3333333333333335,2.25,300000.0,1467000000.0,0
0,0,0,4100000,10800000,16,399,31500000.0,2.6341463414634148,2.9166666666666665,4100000.0,12568500000.0,0
2,0,1,5400000,11500000,6,841,24600000.0,2.1296296296296298,2.139130434782609,1800000.0,20688600000.0,1
2,0,1,2000000,6700000,14,638,12300000.0,3.35,1.835820895522388,666666.6666666666,7847400000.0,1
4,1,1,3500000,8900000,4,478,23000000.0,2.5428571428571427,2.5842696629213484,700000.0,10994000000.0,0
0,1,1,8300000,30000000,4,600,63900000.0,3.6144578313253013,2.13,8300000.0,38340000000.0,1
0,1,1,6700000,15600000,16,768,31900000.0,2.328358208955224,2.0448717948717947,6700000.0,24499200000.0,1
0,0,0,1900000,6500000,10,523,10800000.0,3.4210526315789473,1.6615384615384616,1900000.0,5648400000.0,0
2,1,1,6500000,20900000,14,327,35800000.0,3.2153846153846155,1.7129186602870814,2166666.6666666665,11706600000.0,0
1,1,1,600000,1800000,8,799,4700000.0,3.0,2.611111111111111,300000.0,3755300000.0,1
5,1,0,7000000,23000000,18,803,56900000.0,3.2857142857142856,2.473913043478261,1166666.6666666667,45690700000.0,1
2,1,0,7700000,15400000,18,524,45600000.0,2.0,2.961038961038961,2566666.6666666665,23894400000.0,0
1,1,0,2600000,6600000,6,506,15900000.0,2.5384615384615383,2.409090909090909,1300000.0,8045400000.0,0
1,1,0,9200000,18800000,2,351,69100000.0,2.0434782608695654,3.675531914893617,4600000.0,24254100000.0,0
2,1,1,1800000,4200000,8,648,12100000.0,2.3333333333333335,2.880952380952381,600000.0,7840800000.0,1
1,0,0,4900000,18500000,4,612,31300000.0,3.7755102040816326,1.691891891891892,2450000.0,19155600000.0,1
1,1,0,5700000,12400000,14,396,36100000.0,2.175438596491228,2.911290322580645,2850000.0,14295600000.0,0
3,0,0,300000,800000,2,458,1800000.0,2.6666666666666665,2.25,75000.0,824400000.0,0
3,1,1,1700000,3400000,6,488,6700000.0,2.0,1.9705882352941178,425000.0,3269600000.0,0
4,1,0,7000000,18900000,6,475,27300000.0,2.7,1.4444444444444444,1400000.0,12967500000.0,0
1,0,0,2200000,7000000,18,417,14300000.0,3.1818181818181817,2.0428571428571427,1100000.0,5963100000.0,0
2,0,0,6800000,18700000,8,781,47600000.0,2.75,2.5454545454545454,2266666.6666666665,37175600000.0,1
1,0,1,2400000,6200000,12,337,17200000.0,2.5833333333333335,2.774193548387097,1200000.0,5796400000.0,0
0,0,1,600000,1800000,12,511,3100000.0,3.0,1.7222222222222223,600000.0,1584100000.0,0
4,1,0,6200000,17300000,6,837,45600000.0,2.7903225806451615,2.6358381502890174,1240000.0,38167200000.0,1
1,0,0,7600000,24600000,12,810,47300000.0,3.236842105263158,1.9227642276422765,3800000.0,38313000000.0,1
2,0,0,4800000,10600000,8,588,28400000.0,2.2083333333333335,2.6792452830188678,1600000.0,16699200000.0,1
5,1,0,4200000,9200000,12,870,23600000.0,2.1904761904761907,2.5652173913043477,700000.0,20532000000.0,1
0,0,1,7200000,20700000,10,733,56700000.0,2.875,2.739130434782609,7200000.0,41561100000.0,1
5,0,1,6400000,20300000,16,348,48200000.0,3.171875,2.374384236453202,1066666.6666666667,16773600000.0,0
0,0,1,8900000,23000000,12,741,51000000.0,2.5842696629213484,2.217391304347826,8900000.0,37791000000.0,1
3,0,0,5100000,14500000,12,306,24000000.0,2.843137254901961,1.6551724137931034,1275000.0,7344000000.0,0
2,1,1,6300000,19500000,18,428,49500000.0,3.0952380952380953,2.5384615384615383,2100000.0,21186000000.0,0
3,1,0,6600000,22100000,4,455,39300000.0,3.3484848484848486,1.7782805429864252,1650000.0,17881500000.0,1
1,0,1,4800000,14700000,2,356,34800000.0,3.0625,2.36734693877551,2400000.0,12388800000.0,1
0,1,0,200000,400000,4,594,1000000.0,2.0,2.5,200000.0,594000000.0,1
0,0,1,7500000,25800000,18,844,34800000.0,3.44,1.3488372093023255,7500000.0,29371200000.0,1
4,1,0,9000000,34700000,4,771,56100000.0,3.8555555555555556,1.61671469740634,1800000.0,43253100000.0,1
2,1,0,5400000,12500000,4,622,34500000.0,2.314814814814815,2.76,1800000.0,21459000000.0,1
1,0,1,1700000,4500000,20,480,8100000.0,2.6470588235294117,1.8,850000.0,3888000000.0,0
4,1,0,4300000,11500000,20,337,39300000.0,2.6744186046511627,3.417391304347826,860000.0,13244100000.0,0
1,1,0,5200000,11200000,6,698,43200000.0,2.1538461538461537,3.857142857142857,2600000.0,30153600000.0,1
4,0,0,4400000,17000000,18,302,22800000.0,3.8636363636363638,1.3411764705882352,880000.0,6885600000.0,0
1,0,1,3900000,7800000,14,349,27100000.0,2.0,3.4743589743589745,1950000.0,9457900000.0,0
0,1,0,1100000,3300000,10,482,7600000.0,3.0,2.303030303030303,1100000.0,3663200000.0,0
2,1,0,2500000,8200000,10,429,13700000.0,3.28,1.670731707317073,833333.3333333334,5877300000.0,0
4,1,0,500000,1300000,8,471,3000000.0,2.6,2.3076923076923075,100000.0,1413000000.0,0
0,1,1,9000000,32400000,10,895,52800000.0,3.6,1.6296296296296295,9000000.0,47256000000.0,1
1,0,1,5100000,20300000,18,757,31800000.0,3.980392156862745,1.5665024630541873,2550000.0,24072600000.0,1
2,1,0,5200000,13500000,2,777,33800000.0,2.5961538461538463,2.5037037037037035,1733333.3333333333,26262600000.0,1
5,0,1,4400000,8900000,4,761,26300000.0,2.022727272727273,2.955056179775281,733333.3333333334,20014300000.0,1
1,1,0,1900000,4200000,12,821,14400000.0,2.210526315789474,3.4285714285714284,950000.0,11822400000.0,1
4,0,1,9200000,26500000,6,662,33600000.0,2.880434782608696,1.2679245283018867,1840000.0,22243200000.0,1
2,0,1,4800000,16500000,10,350,22800000.0,3.4375,1.3818181818181818,1600000.0,7980000000.0,0
4,0,0,4900000,10700000,20,321,19200000.0,2.183673469387755,1.794392523364486,980000.0,6163200000.0,0
3,1,1,4800000,10100000,4,368,34200000.0,2.1041666666666665,3.386138613861386,1200000.0,12585600000.0,0
4,1,0,9300000,24900000,14,455,81300000.0,2.6774193548387095,3.2650602409638556,1860000.0,36991500000.0,0
5,0,1,7500000,24600000,8,744,31200000.0,3.28,1.2682926829268293,1250000.0,23212800000.0,1
1,1,0,5900000,16800000,4,806,50800000.0,2.847457627118644,3.0238095238095237,2950000.0,40944800000.0,1
0,1,0,9400000,27900000,6,456,83300000.0,2.9680851063829787,2.985663082437276,9400000.0,37984800000.0,0
5,1,0,5300000,13400000,8,719,18500000.0,2.5283018867924527,1.3805970149253732,883333.3333333334,13301500000.0,1
4,1,0,3700000,9000000,18,668,25900000.0,2.4324324324324325,2.8777777777777778,740000.0,17301200000.0,1
0,1,1,2500000,5800000,18,494,20300000.0,2.32,3.5,2500000.0,10028200000.0,0
4,0,0,2800000,10800000,2,841,14500000.0,3.857142857142857,1.3425925925925926,560000.0,12194500000.0,1
0,1,1,5400000,21400000,8,721,38700000.0,3.962962962962963,1.808411214953271,5400000.0,27902700000.0,1
5,1,0,3100000,9400000,10,414,16300000.0,3.032258064516129,1.7340425531914894,516666.6666666667,6748200000.0,0
5,0,0,4800000,15500000,10,812,32300000.0,3.2291666666666665,2.0838709677419356,800000.0,26227600000.0,1
1,0,0,8800000,17500000,20,832,36800000.0,1.9886363636363635,2.1028571428571428,4400000.0,30617600000.0,1
2,1,0,4100000,14900000,12,571,27300000.0,3.6341463414634148,1.832214765100671,1366666.6666666667,15588300000.0,1
5,0,0,9700000,37000000,14,459,75000000.0,3.814432989690722,2.027027027027027,1616666.6666666667,34425000000.0,0
2,1,1,6400000,24100000,6,592,35000000.0,3.765625,1.4522821576763485,2133333.3333333335,20720000000.0,1
5,1,0,3400000,13100000,20,527,18000000.0,3.8529411764705883,1.3740458015267176,566666.6666666666,9486000000.0,0
4,0,0,3500000,10200000,12,333,25500000.0,2.914285714285714,2.5,700000.0,8491500000.0,0
3,0,0,3200000,10000000,18,532,15300000.0,3.125,1.53,800000.0,8139600000.0,0
2,1,1,4900000,13100000,18,754,35200000.0,2.673469387755102,2.687022900763359,1633333.3333333333,26540800000.0,1
0,1,1,1300000,4800000,4,835,4700000.0,3.6923076923076925,0.9791666666666666,1300000.0,3924500000.0,0
4,1,0,2500000,5400000,10,592,17700000.0,2.16,3.2777777777777777,500000.0,10478400000.0,1
0,1,0,7500000,27300000,20,553,46700000.0,3.64,1.7106227106227105,7500000.0,25825100000.0,1
2,1,0,700000,2000000,8,806,5600000.0,2.857142857142857,2.8,233333.33333333334,4513600000.0,1
4,1,1,8200000,28500000,2,378,55900000.0,3.475609756097561,1.96140350877193,1640000.0,21130200000.0,1
1,0,0,6900000,26200000,4,534,50700000.0,3.7971014492753623,1.9351145038167938,3450000.0,27073800000.0,1
1,0,1,1500000,5900000,16,400,12900000.0,3.933333333333333,2.1864406779661016,750000.0,5160000000.0,0
3,1,0,6300000,18300000,18,543,32400000.0,2.9047619047619047,1.7704918032786885,1575000.0,17593200000.0,0
0,0,1,8800000,25600000,10,715,71300000.0,2.909090909090909,2.78515625,8800000.0,50979500000.0,1
4,1,1,8900000,20700000,6,684,37400000.0,2.3258426966292136,1.8067632850241546,1780000.0,25581600000.0,1
3,0,1,2100000,6100000,8,346,13500000.0,2.9047619047619047,2.2131147540983607,525000.0,4671000000.0,0
1,1,1,9200000,29200000,6,669,57900000.0,3.1739130434782608,1.9828767123287672,4600000.0,38735100000.0,1
2,0,0,3600000,8000000,12,566,25100000.0,2.2222222222222223,3.1375,1200000.0,14206600000.0,1
0,0,1,8600000,23600000,2,361,63300000.0,2.744186046511628,2.6822033898305087,8600000.0,22851300000.0,0
5,1,0,3000000,8000000,6,333,14000000.0,2.6666666666666665,1.75,500000.0,4662000000.0,0
3,0,1,5200000,16300000,8,335,37400000.0,3.1346153846153846,2.294478527607362,1300000.0,12529000000.0,0
3,1,1,7200000,20400000,10,558,51000000.0,2.8333333333333335,2.5,1800000.0,28458000000.0,1
1,0,1,4000000,15600000,12,436,31200000.0,3.9,2.0,2000000.0,13603200000.0,0
1,0,0,2400000,5200000,2,371,19100000.0,2.1666666666666665,3.673076923076923,1200000.0,7086100000.0,0
2,0,1,5500000,18400000,10,515,33800000.0,3.3454545454545452,1.8369565217391304,1833333.3333333333,17407000000.0,0
0,0,1,9000000,24300000,10,599,49600000.0,2.7,2.0411522633744856,9000000.0,29710400000.0,1
0,0,1,7900000,24000000,20,728,63400000.0,3.037974683544304,2.6416666666666666,7900000.0,46155200000.0,1
2,0,1,6200000,21600000,20,679,54700000.0,3.4838709677419355,2.5324074074074074,2066666.6666666667,37141300000.0,1
3,1,1,7900000,29200000,4,399,65800000.0,3.6962025316455698,2.2534246575342465,1975000.0,26254200000.0,1
3,0,0,1200000,4500000,6,819,7800000.0,3.75,1.7333333333333334,300000.0,6388200000.0,1
1,1,0,4700000,11700000,6,308,31700000.0,2.4893617021276597,2.7094017094017095,2350000.0,9763600000.0,0
5,1,1,5900000,15600000,2,730,39100000.0,2.6440677966101696,2.5064102564102564,983333.3333333334,28543000000.0,1
4,0,1,1400000,5100000,14,312,9600000.0,3.642857142857143,1.8823529411764706,280000.0,2995200000.0,0
3,0,1,4700000,12800000,16,740,28600000.0,2.723404255319149,2.234375,1175000.0,21164000000.0,1
5,1,1,7600000,20000000,10,522,47600000.0,2.6315789473684212,2.38,1266666.6666666667,24847200000.0,0
4,1,0,7200000,16900000,4,702,54600000.0,2.3472222222222223,3.230769230769231,1440000.0,38329200000.0,1
4,0,1,1400000,4300000,16,447,11100000.0,3.0714285714285716,2.5813953488372094,280000.0,4961700000.0,0
5,1,0,1400000,2900000,4,829,8400000.0,2.0714285714285716,2.896551724137931,233333.33333333334,6963600000.0,1
2,1,0,7900000,18500000,18,727,59300000.0,2.3417721518987342,3.2054054054054055,2633333.3333333335,43111100000.0,1
5,0,1,7600000,18700000,14,509,42900000.0,2.460526315789474,2.2941176470588234,1266666.6666666667,21836100000.0,0
3,1,1,9600000,34200000,2,745,44200000.0,3.5625,1.2923976608187135,2400000.0,32929000000.0,1
1,0,0,2300000,6600000,18,513,16100000.0,2.869565217391304,2.4393939393939394,1150000.0,8259300000.0,0
2,0,0,8100000,18500000,6,372,68200000.0,2.2839506172839505,3.6864864864864866,2700000.0,25370400000.0,0
2,1,1,300000,700000,4,411,1900000.0,2.3333333333333335,2.7142857142857144,100000.0,780900000.0,0
4,1,0,4700000,10800000,20,495,39600000.0,2.297872340425532,3.6666666666666665,940000.0,19602000000.0,0
5,0,0,1100000,2500000,4,827,8100000.0,2.272727272727273,3.24,183333.33333333334,6698700000.0,1
4,0,0,8600000,25100000,6,820,53700000.0,2.9186046511627906,2.139442231075697,1720000.0,44034000000.0,1
5,1,1,8700000,28100000,10,660,62300000.0,3.2298850574712645,2.2170818505338077,1450000.0,41118000000.0,1
0,0,0,2200000,8600000,4,563,9100000.0,3.909090909090909,1.058139534883721,2200000.0,5123300000.0,1
1,0,1,500000,1400000,10,883,2900000.0,2.8,2.0714285714285716,250000.0,2560700000.0,1
0,0,1,9100000,22000000,12,387,79600000.0,2.4175824175824174,3.618181818181818,9100000.0,30805200000.0,0
1,1,0,2200000,8700000,12,613,10400000.0,3.9545454545454546,1.1954022988505748,1100000.0,6375200000.0,1
0,0,1,2200000,8000000,14,335,16300000.0,3.6363636363636362,2.0375,2200000.0,5460500000.0,0
1,1,1,9600000,34500000,2,795,51700000.0,3.59375,1.4985507246376812,4800000.0,41101500000.0,1
1,1,1,6500000,13900000,8,369,35400000.0,2.1384615384615384,2.5467625899280577,3250000.0,13062600000.0,0
4,1,1,2400000,7400000,18,888,15100000.0,3.0833333333333335,2.0405405405405403,480000.0,13408800000.0,1
4,0,0,5500000,12300000,6,742,39700000.0,2.2363636363636363,3.227642276422764,1100000.0,29457400000.0,1
0,1,0,5000000,14400000,4,874,30300000.0,2.88,2.1041666666666665,5000000.0,26482200000.0,1
1,1,0,2700000,8100000,16,691,15800000.0,3.0,1.9506172839506173,1350000.0,10917800000.0,1
3,0,1,8500000,30300000,12,762,40600000.0,3.5647058823529414,1.33993399339934,2125000.0,30937200000.0,1
1,1,0,4400000,10700000,18,324,23600000.0,2.4318181818181817,2.205607476635514,2200000.0,7646400000.0,0
4,0,0,500000,1800000,20,777,2700000.0,3.6,1.5,100000.0,2097900000.0,1
0,1,0,8300000,21400000,2,662,53100000.0,2.5783132530120483,2.4813084112149535,8300000.0,35152200000.0,1
2,0,1,6000000,13000000,12,462,24800000.0,2.1666666666666665,1.9076923076923078,2000000.0,11457600000.0,0
3,0,1,4000000,10400000,14,609,25300000.0,2.6,2.4326923076923075,1000000.0,15407700000.0,1
5,1,1,4400000,11700000,20,590,21400000.0,2.659090909090909,1.829059829059829,733333.3333333334,12626000000.0,1
3,1,1,4400000,15800000,18,779,31100000.0,3.590909090909091,1.9683544303797469,1100000.0,24226900000.0,1
2,1,1,1900000,5000000,14,641,9800000.0,2.6315789473684212,1.96,633333.3333333334,6281800000.0,1
0,1,1,5000000,18400000,12,752,35600000.0,3.68,1.934782608695652,5000000.0,26771200000.0,1
0,1,0,8000000,23700000,10,305,63000000.0,2.9625,2.6582278481012658,8000000.0,19215000000.0,0
4,0,0,8200000,20700000,10,546,53400000.0,2.524390243902439,2.579710144927536,1640000.0,29156400000.0,0
2,1,0,7000000,24200000,8,833,53000000.0,3.4571428571428573,2.190082644628099,2333333.3333333335,44149000000.0,1
2,0,0,2400000,8800000,18,421,12800000.0,3.6666666666666665,1.4545454545454546,800000.0,5388800000.0,0
5,1,0,6600000,18800000,4,639,33700000.0,2.8484848484848486,1.7925531914893618,1100000.0,21534300000.0,1
3,1,0,3200000,6900000,20,735,17500000.0,2.15625,2.536231884057971,800000.0,12862500000.0,1
0,0,1,2600000,5400000,2,377,13800000.0,2.076923076923077,2.5555555555555554,2600000.0,5202600000.0,0
3,0,0,6900000,15600000,20,310,33300000.0,2.260869565217391,2.1346153846153846,1725000.0,10323000000.0,0
4,1,0,4800000,14000000,2,695,33000000.0,2.9166666666666665,2.357142857142857,960000.0,22935000000.0,1
1,0,1,300000,1200000,4,355,2000000.0,4.0,1.6666666666666667,150000.0,710000000.0,1
1,0,1,4300000,14100000,12,525,22800000.0,3.2790697674418605,1.6170212765957446,2150000.0,11970000000.0,0
5,0,0,700000,2400000,20,330,5000000.0,3.4285714285714284,2.0833333333333335,116666.66666666667,1650000000.0,0
5,1,0,9400000,25800000,14,625,85500000.0,2.74468085106383,3.313953488372093,1566666.6666666667,53437500000.0,1
3,0,1,800000,2900000,10,644,4400000.0,3.625,1.5172413793103448,200000.0,2833600000.0,1
5,0,0,4400000,14900000,4,865,32800000.0,3.3863636363636362,2.2013422818791946,733333.3333333334,28372000000.0,1
1,1,1,4700000,14800000,6,661,34500000.0,3.148936170212766,2.331081081081081,2350000.0,22804500000.0,1
2,0,0,2300000,5000000,8,884,10700000.0,2.1739130434782608,2.14,766666.6666666666,9458800000.0,1
5,1,1,8500000,26700000,10,803,51100000.0,3.1411764705882352,1.9138576779026217,1416666.6666666667,41033300000.0,1
2,1,0,7600000,28300000,12,800,57900000.0,3.723684210526316,2.045936395759717,2533333.3333333335,46320000000.0,1
2,1,0,3200000,12600000,18,796,21300000.0,3.9375,1.6904761904761905,1066666.6666666667,16954800000.0,1
4,0,0,2400000,5000000,4,716,12600000.0,2.0833333333333335,2.52,480000.0,9021600000.0,1
0,1,1,500000,1100000,18,479,4400000.0,2.2,4.0,500000.0,2107600000.0,0
3,0,1,8500000,28300000,2,810,58700000.0,3.3294117647058825,2.0742049469964665,2125000.0,47547000000.0,1
0,1,1,8900000,20900000,18,568,57500000.0,2.348314606741573,2.751196172248804,8900000.0,32660000000.0,1
0,1,0,2800000,5600000,8,842,9300000.0,2.0,1.6607142857142858,2800000.0,7830600000.0,1
3,0,1,2900000,7000000,4,806,20200000.0,2.413793103448276,2.8857142857142857,725000.0,16281200000.0,1
1,1,1,4900000,17700000,8,722,35900000.0,3.6122448979591835,2.0282485875706215,2450000.0,25919800000.0,1
5,0,0,9600000,20700000,14,442,75600000.0,2.15625,3.652173913043478,1600000.0,33415200000.0,0
3,1,1,3300000,9800000,6,360,20500000.0,2.9696969696969697,2.0918367346938775,825000.0,7380000000.0,0
3,0,0,2800000,5900000,4,461,13700000.0,2.107142857142857,2.3220338983050848,700000.0,6315700000.0,0
2,1,0,7800000,22200000,10,735,44200000.0,2.8461538461538463,1.990990990990991,2600000.0,32487000000.0,1
4,1,1,2500000,8400000,12,761,17600000.0,3.36,2.0952380952380953,500000.0,13393600000.0,1
0,1,0,4400000,10600000,20,653,33600000.0,2.409090909090909,3.169811320754717,4400000.0,21940800000.0,1
0,0,0,7900000,30800000,4,726,48900000.0,3.8987341772151898,1.5876623376623376,7900000.0,35501400000.0,1
1,1,0,8900000,22600000,18,617,63500000.0,2.539325842696629,2.809734513274336,4450000.0,39179500000.0,1
0,1,0,5600000,13400000,2,460,26400000.0,2.392857142857143,1.9701492537313432,5600000.0,12144000000.0,0
1,0,0,1400000,3300000,8,306,7500000.0,2.357142857142857,2.272727272727273,700000.0,2295000000.0,0
5,1,1,500000,1400000,4,471,2200000.0,2.8,1.5714285714285714,83333.33333333333,1036200000.0,0
1,1,1,5100000,15300000,4,628,30500000.0,3.0,1.9934640522875817,2550000.0,19154000000.0,1
3,1,0,9800000,25600000,10,404,79600000.0,2.6122448979591835,3.109375,2450000.0,32158400000.0,0
2,1,1,8600000,21600000,16,804,49600000.0,2.511627906976744,2.2962962962962963,2866666.6666666665,39878400000.0,1
3,0,0,1600000,3900000,20,804,7400000.0,2.4375,1.8974358974358974,400000.0,5949600000.0,1
1,0,1,2500000,6700000,2,502,16800000.0,2.68,2.5074626865671643,1250000.0,8433600000.0,0
0,1,0,9500000,22600000,6,861,72500000.0,2.3789473684210525,3.2079646017699117,9500000.0,62422500000.0,1
2,0,1,3000000,7800000,14,555,20600000.0,2.6,2.641025641025641,1000000.0,11433000000.0,1
0,0,0,5100000,13600000,18,351,27400000.0,2.6666666666666665,2.014705882352941,5100000.0,9617400000.0,0
2,0,1,7600000,23600000,6,358,56100000.0,3.1052631578947367,2.3771186440677967,2533333.3333333335,20083800000.0,0
5,1,0,8800000,18800000,14,836,65500000.0,2.1363636363636362,3.484042553191489,1466666.6666666667,54758000000.0,1
4,0,1,1100000,2900000,4,554,9500000.0,2.6363636363636362,3.2758620689655173,220000.0,5263000000.0,1
3,1,0,8700000,30500000,2,443,46300000.0,3.5057471264367814,1.518032786885246,2175000.0,20510900000.0,1
5,0,0,6100000,23600000,4,725,42900000.0,3.8688524590163933,1.8177966101694916,1016666.6666666666,31102500000.0,1
2,0,1,1900000,7000000,14,818,14900000.0,3.6842105263157894,2.1285714285714286,633333.3333333334,12188200000.0,1
1,0,0,9900000,38700000,6,670,74300000.0,3.909090909090909,1.9198966408268734,4950000.0,49781000000.0,1
0,1,0,5800000,21100000,6,414,31900000.0,3.6379310344827585,1.5118483412322274,5800000.0,13206600000.0,0
2,0,1,9500000,37000000,8,887,71000000.0,3.8947368421052633,1.9189189189189189,3166666.6666666665,62977000000.0,1
3,1,1,7900000,26600000,12,409,49700000.0,3.367088607594937,1.868421052631579,1975000.0,20327300000.0,0
1,0,1,1300000,4500000,14,679,10100000.0,3.4615384615384617,2.2444444444444445,650000.0,6857900000.0,1
4,1,1,700000,2600000,18,478,3600000.0,3.7142857142857144,1.3846153846153846,140000.0,1720800000.0,0
3,1,0,600000,1200000,2,752,4600000.0,2.0,3.8333333333333335,150000.0,3459200000.0,1
0,1,0,9400000,33000000,4,616,53300000.0,3.5106382978723403,1.6151515151515152,9400000.0,32832800000.0,1
2,0,1,3800000,12500000,14,842,30300000.0,3.289473684210526,2.424,1266666.6666666667,25512600000.0,1
3,1,1,7800000,26300000,20,840,41900000.0,3.371794871794872,1.5931558935361216,1950000.0,35196000000.0,1
3,1,1,7800000,27700000,6,430,41400000.0,3.551282051282051,1.4945848375451263,1950000.0,17802000000.0,0
4,0,0,2700000,7000000,4,351,14400000.0,2.5925925925925926,2.057142857142857,540000.0,5054400000.0,0
5,0,0,600000,2300000,4,347,2100000.0,3.8333333333333335,0.9130434782608695,100000.0,728700000.0,0
3,0,1,8000000,28800000,10,576,54500000.0,3.6,1.8923611111111112,2000000.0,31392000000.0,1
0,0,1,4000000,11000000,8,799,29400000.0,2.75,2.672727272727273,4000000.0,23490600000.0,1
1,0,1,3300000,10800000,2,550,25500000.0,3.272727272727273,2.361111111111111,1650000.0,14025000000.0,1
2,1,0,5800000,13300000,4,878,36900000.0,2.293103448275862,2.774436090225564,1933333.3333333333,32398200000.0,1
3,1,1,2400000,4800000,12,895,17700000.0,2.0,3.6875,600000.0,15841500000.0,1
4,0,0,7600000,29700000,6,603,44900000.0,3.9078947368421053,1.5117845117845117,1520000.0,27074700000.0,1
2,0,1,2500000,6900000,12,325,17400000.0,2.76,2.5217391304347827,833333.3333333334,5655000000.0,0
2,1,0,3300000,11800000,4,393,18800000.0,3.5757575757575757,1.5932203389830508,1100000.0,7388400000.0,1
3,1,0,9800000,30300000,2,612,53000000.0,3.0918367346938775,1.7491749174917492,2450000.0,32436000000.0,1
0,1,1,1000000,3800000,8,553,6900000.0,3.8,1.8157894736842106,1000000.0,3815700000.0,1
0,0,1,2500000,8800000,14,389,20800000.0,3.52,2.3636363636363638,2500000.0,8091200000.0,0
0,1,0,1900000,6800000,4,782,10800000.0,3.5789473684210527,1.588235294117647,1900000.0,8445600000.0,1
3,1,0,3100000,8500000,12,493,27800000.0,2.7419354838709675,3.2705882352941176,775000.0,13705400000.0,0
5,1,1,6000000,11900000,2,629,25900000.0,1.9833333333333334,2.176470588235294,1000000.0,16291100000.0,1
5,0,0,6500000,21600000,10,419,41400000.0,3.3230769230769233,1.9166666666666667,1083333.3333333333,17346600000.0,0
2,0,1,5900000,15800000,2,444,44400000.0,2.6779661016949152,2.810126582278481,1966666.6666666667,19713600000.0,0
5,0,1,6500000,15800000,16,301,43600000.0,2.4307692307692306,2.759493670886076,1083333.3333333333,13123600000.0,0
0,1,1,3800000,11200000,20,479,24900000.0,2.9473684210526314,2.2232142857142856,3800000.0,11927100000.0,0
3,0,1,3000000,11400000,10,424,18400000.0,3.8,1.6140350877192982,750000.0,7801600000.0,0
0,1,0,4300000,16900000,18,469,24200000.0,3.9302325581395348,1.4319526627218935,4300000.0,11349800000.0,0
4,0,1,3500000,8300000,2,897,27800000.0,2.3714285714285714,3.3493975903614457,700000.0,24936600000.0,1
3,0,0,300000,500000,2,477,2100000.0,1.6666666666666667,4.2,75000.0,1001700000.0,0
3,0,1,600000,1400000,16,509,4200000.0,2.3333333333333335,3.0,150000.0,2137800000.0,0
0,1,1,800000,1700000,4,752,7000000.0,2.125,4.117647058823529,800000.0,5264000000.0,1
0,0,1,5600000,19100000,14,875,44200000.0,3.4107142857142856,2.3141361256544504,5600000.0,38675000000.0,1
2,0,1,1800000,3600000,4,343,12200000.0,2.0,3.388888888888889,600000.0,4184600000.0,0
0,1,0,6800000,20800000,20,819,63100000.0,3.0588235294117645,3.0336538461538463,6800000.0,51678900000.0,1
2,1,1,4200000,16800000,2,433,21100000.0,4.0,1.255952380952381,1400000.0,9136300000.0,1
1,0,1,200000,400000,6,768,1000000.0,2.0,2.5,100000.0,768000000.0,1
2,1,1,8500000,31800000,6,714,50100000.0,3.7411764705882353,1.5754716981132075,2833333.3333333335,35771400000.0,1
2,0,1,2800000,10100000,16,531,17100000.0,3.607142857142857,1.693069306930693,933333.3333333334,9080100000.0,0
0,1,1,3600000,8600000,6,529,23300000.0,2.388888888888889,2.7093023255813953,3600000.0,12325700000.0,0
1,0,0,6200000,19500000,20,448,40800000.0,3.1451612903225805,2.0923076923076924,3100000.0,18278400000.0,0
1,1,0,2700000,10000000,2,584,20300000.0,3.7037037037037037,2.03,1350000.0,11855200000.0,1
1,1,0,6800000,22900000,4,501,35000000.0,3.3676470588235294,1.5283842794759825,3400000.0,17535000000.0,1
2,0,0,6300000,24500000,18,848,40100000.0,3.888888888888889,1.636734693877551,2100000.0,34004800000.0,1
4,0,0,8800000,19100000,6,586,59400000.0,2.1704545454545454,3.1099476439790577,1760000.0,34808400000.0,1
1,1,0,5900000,13000000,2,386,37100000.0,2.2033898305084745,2.853846153846154,2950000.0,14320600000.0,0
5,0,1,9800000,37900000,18,301,52100000.0,3.86734693877551,1.3746701846965699,1633333.3333333333,15682100000.0,0
2,1,0,3300000,8300000,6,653,20700000.0,2.515151515151515,2.4939759036144578,1100000.0,13517100000.0,1
4,1,1,300000,500000,14,448,1700000.0,1.6666666666666667,3.4,60000.0,761600000.0,0
1,0,1,4800000,11600000,16,696,29100000.0,2.4166666666666665,2.5086206896551726,2400000.0,20253600000.0,1
1,1,0,7500000,28300000,16,707,33800000.0,3.7733333333333334,1.1943462897526502,3750000.0,23896600000.0,1
2,0,0,8600000,21700000,4,429,53200000.0,2.5232558139534884,2.4516129032258065,2866666.6666666665,22822800000.0,0
4,0,0,8900000,21100000,6,631,36400000.0,2.3707865168539324,1.7251184834123223,1780000.0,22968400000.0,1
5,0,1,9600000,29600000,4,446,76200000.0,3.0833333333333335,2.574324324324324,1600000.0,33985200000.0,1
0,1,1,7700000,18100000,18,705,41300000.0,2.3506493506493507,2.281767955801105,7700000.0,29116500000.0,1
3,0,1,7000000,15200000,2,709,47500000.0,2.1714285714285713,3.125,1750000.0,33677500000.0,1
4,0,1,7800000,19500000,14,739,35700000.0,2.5,1.8307692307692307,1560000.0,26382300000.0,1
3,1,0,5100000,11000000,6,336,30600000.0,2.156862745098039,2.7818181818181817,1275000.0,10281600000.0,0
4,1,0,9400000,32600000,4,898,54400000.0,3.4680851063829787,1.6687116564417177,1880000.0,48851200000.0,1
4,0,1,600000,2100000,6,558,4800000.0,3.5,2.2857142857142856,120000.0,2678400000.0,1
3,1,0,5100000,13300000,4,589,40200000.0,2.607843137254902,3.0225563909774436,1275000.0,23677800000.0,1
2,1,1,3800000,14400000,2,301,13700000.0,3.789473684210526,0.9513888888888888,1266666.6666666667,4123700000.0,0
2,0,1,5300000,21200000,14,516,35800000.0,4.0,1.6886792452830188,1766666.6666666667,18472800000.0,0
5,0,0,1100000,3600000,12,315,6500000.0,3.272727272727273,1.8055555555555556,183333.33333333334,2047500000.0,0
3,0,0,6400000,14400000,10,546,46900000.0,2.25,3.2569444444444446,1600000.0,25607400000.0,0
0,0,1,5100000,14500000,14,559,30400000.0,2.843137254901961,2.0965517241379312,5100000.0,16993600000.0,1
3,1,1,5300000,16900000,2,350,40000000.0,3.188679245283019,2.366863905325444,1325000.0,14000000000.0,1
1,1,0,6700000,18700000,8,583,37400000.0,2.791044776119403,2.0,3350000.0,21804200000.0,1
2,0,0,4000000,9400000,8,874,23100000.0,2.35,2.4574468085106385,1333333.3333333333,20189400000.0,1
2,0,1,3900000,11600000,8,808,26800000.0,2.9743589743589745,2.310344827586207,1300000.0,21654400000.0,1
1,1,1,1600000,4900000,16,487,11300000.0,3.0625,2.306122448979592,800000.0,5503100000.0,0
3,1,0,2700000,7800000,14,870,18500000.0,2.888888888888889,2.371794871794872,675000.0,16095000000.0,1
3,1,0,1400000,3800000,8,840,8700000.0,2.7142857142857144,2.289473684210526,350000.0,7308000000.0,1
4,0,1,8000000,19200000,18,682,35700000.0,2.4,1.859375,1600000.0,24347400000.0,1
3,1,1,8200000,28900000,10,668,67900000.0,3.524390243902439,2.3494809688581313,2050000.0,45357200000.0,1
5,1,1,4800000,10300000,8,781,27000000.0,2.1458333333333335,2.621359223300971,800000.0,21087000000.0,1
4,1,0,8100000,19000000,6,375,49600000.0,2.345679012345679,2.610526315789474,1620000.0,18600000000.0,0
4,0,0,5900000,14900000,14,857,31600000.0,2.5254237288135593,2.120805369127517,1180000.0,27081200000.0,1
5,1,1,8100000,32100000,6,823,50600000.0,3.962962962962963,1.5763239875389408,1350000.0,41643800000.0,1
0,1,0,1400000,5000000,8,686,8400000.0,3.5714285714285716,1.68,1400000.0,5762400000.0,1
1,1,0,1600000,6300000,2,721,9700000.0,3.9375,1.5396825396825398,800000.0,6993700000.0,1
4,1,0,4600000,9400000,18,545,21000000.0,2.0434782608695654,2.234042553191489,920000.0,11445000000.0,0
1,0,0,2900000,8900000,6,523,18000000.0,3.0689655172413794,2.0224719101123596,1450000.0,9414000000.0,0
2,1,1,8600000,24900000,20,607,58400000.0,2.895348837209302,2.3453815261044175,2866666.6666666665,35448800000.0,1
4,0,0,3800000,14900000,20,428,24700000.0,3.9210526315789473,1.657718120805369,760000.0,10571600000.0,0
0,0,0,8200000,20300000,4,666,57000000.0,2.475609756097561,2.8078817733990147,8200000.0,37962000000.0,1
3,1,0,3200000,10100000,20,704,21100000.0,3.15625,2.089108910891089,800000.0,14854400000.0,1
0,0,1,8100000,23800000,10,794,50400000.0,2.9382716049382718,2.1176470588235294,8100000.0,40017600000.0,1
1,1,1,9800000,23300000,12,430,60200000.0,2.377551020408163,2.5836909871244633,4900000.0,25886000000.0,0
0,0,0,200000,500000,20,615,1500000.0,2.5,3.0,200000.0,922500000.0,1
0,0,0,6600000,14100000,20,360,45100000.0,2.1363636363636362,3.198581560283688,6600000.0,16236000000.0,0
0,0,0,9100000,18300000,14,458,59400000.0,2.010989010989011,3.2459016393442623,9100000.0,27205200000.0,0
2,0,0,5500000,20400000,12,887,33800000.0,3.709090909090909,1.6568627450980393,1833333.3333333333,29980600000.0,1
4,0,0,7200000,27400000,8,735,57200000.0,3.8055555555555554,2.0875912408759123,1440000.0,42042000000.0,1
1,0,0,2400000,5600000,16,379,14900000.0,2.3333333333333335,2.6607142857142856,1200000.0,5647100000.0,0
4,1,0,9600000,25500000,20,544,50300000.0,2.65625,1.9725490196078432,1920000.0,27363200000.0,0
1,1,1,5800000,16700000,12,721,35500000.0,2.8793103448275863,2.125748502994012,2900000.0,25595500000.0,1
4,0,0,2300000,6000000,8,676,13400000.0,2.608695652173913,2.2333333333333334,460000.0,9058400000.0,1
1,0,0,300000,1200000,4,342,2200000.0,4.0,1.8333333333333333,150000.0,752400000.0,1
0,0,0,9900000,27000000,16,566,69200000.0,2.727272727272727,2.562962962962963,9900000.0,39167200000.0,1
2,0,0,3500000,14000000,2,355,25000000.0,4.0,1.7857142857142858,1166666.6666666667,8875000000.0,1
2,1,0,4800000,18500000,20,605,31700000.0,3.8541666666666665,1.7135135135135136,1600000.0,19178500000.0,1
2,0,0,1600000,5200000,16,525,10400000.0,3.25,2.0,533333.3333333334,5460000000.0,0
5,1,1,800000,2500000,12,403,4500000.0,3.125,1.8,133333.33333333334,1813500000.0,0
1,1,1,9000000,33500000,18,727,62700000.0,3.7222222222222223,1.871641791044776,4500000.0,45582900000.0,1
1,1,0,8300000,28900000,12,529,60500000.0,3.4819277108433737,2.093425605536332,4150000.0,32004500000.0,0
4,1,0,2800000,6100000,18,415,16800000.0,2.1785714285714284,2.7540983606557377,560000.0,6972000000.0,0
1,1,1,6400000,17300000,10,879,34700000.0,2.703125,2.005780346820809,3200000.0,30501300000.0,1
2,0,1,6000000,12600000,16,649,39100000.0,2.1,3.1031746031746033,2000000.0,25375900000.0,1
0,1,0,2900000,9800000,16,395,20700000.0,3.3793103448275863,2.1122448979591835,2900000.0,8176500000.0,0
0,1,0,6500000,24100000,20,488,41900000.0,3.707692307692308,1.7385892116182573,6500000.0,20447200000.0,0
1,1,1,200000,400000,8,569,1400000.0,2.0,3.5,100000.0,796600000.0,1
1,0,0,8400000,24600000,14,817,54400000.0,2.9285714285714284,2.2113821138211383,4200000.0,44444800000.0,1
1,1,1,6100000,17800000,20,706,48100000.0,2.918032786885246,2.702247191011236,3050000.0,33958600000.0,1
2,1,1,8000000,31200000,8,553,41600000.0,3.9,1.3333333333333333,2666666.6666666665,23004800000.0,1
5,0,1,900000,1800000,14,464,5100000.0,2.0,2.8333333333333335,150000.0,2366400000.0,0
2,1,0,7300000,20000000,6,729,50800000.0,2.73972602739726,2.54,2433333.3333333335,37033200000.0,1
4,0,1,3700000,7400000,12,363,26500000.0,2.0,3.581081081081081,740000.0,9619500000.0,0
2,1,0,5200000,17200000,12,565,31100000.0,3.3076923076923075,1.808139534883721,1733333.3333333333,17571500000.0,1
1,1,0,7200000,21000000,14,421,41500000.0,2.9166666666666665,1.9761904761904763,3600000.0,17471500000.0,0
0,0,1,9400000,34200000,10,512,67600000.0,3.6382978723404253,1.976608187134503,9400000.0,34611200000.0,0
3,0,1,3400000,12400000,2,730,23200000.0,3.6470588235294117,1.8709677419354838,850000.0,16936000000.0,1
0,1,0,600000,2300000,8,627,4800000.0,3.8333333333333335,2.0869565217391304,600000.0,3009600000.0,1
0,0,1,3300000,10000000,16,434,24100000.0,3.0303030303030303,2.41,3300000.0,10459400000.0,0
2,1,1,5900000,14300000,2,410,37300000.0,2.4237288135593222,2.6083916083916083,1966666.6666666667,15293000000.0,0
3,0,0,1300000,3600000,16,624,9900000.0,2.769230769230769,2.75,325000.0,6177600000.0,1
4,1,1,5700000,16900000,4,656,50800000.0,2.9649122807017543,3.0059171597633134,1140000.0,33324800000.0,1
2,0,0,7700000,27300000,16,758,45800000.0,3.5454545454545454,1.6776556776556777,2566666.6666666665,34716400000.0,1
4,0,1,7000000,23500000,18,336,52000000.0,3.357142857142857,2.2127659574468086,1400000.0,17472000000.0,0
5,1,0,8100000,21900000,18,378,34400000.0,2.7037037037037037,1.5707762557077625,1350000.0,13003200000.0,0
1,1,1,1900000,4200000,4,620,15900000.0,2.210526315789474,3.7857142857142856,950000.0,9858000000.0,1
2,1,0,4500000,9100000,18,593,21200000.0,2.022222222222222,2.32967032967033,1500000.0,12571600000.0,1
0,0,1,9600000,34000000,12,710,80000000.0,3.5416666666666665,2.3529411764705883,9600000.0,56800000000.0,1
1,0,1,5400000,20700000,8,753,25300000.0,3.8333333333333335,1.2222222222222223,2700000.0,19050900000.0,1
1,0,1,7800000,27200000,16,454,48000000.0,3.4871794871794872,1.7647058823529411,3900000.0,21792000000.0,0
1,1,1,8200000,19100000,8,619,67500000.0,2.3292682926829267,3.5340314136125652,4100000.0,41782500000.0,1
2,1,0,8900000,28500000,6,367,69600000.0,3.202247191011236,2.442105263157895,2966666.6666666665,25543200000.0,0
1,1,0,1400000,3100000,20,384,7400000.0,2.2142857142857144,2.3870967741935485,700000.0,2841600000.0,0
2,1,0,1700000,5900000,16,610,8400000.0,3.4705882352941178,1.423728813559322,566666.6666666666,5124000000.0,1
0,1,0,5300000,19500000,12,802,31500000.0,3.6792452830188678,1.6153846153846154,5300000.0,25263000000.0,1
3,1,0,6500000,25200000,10,858,48400000.0,3.876923076923077,1.9206349206349207,1625000.0,41527200000.0,1
2,1,0,5900000,14000000,8,599,38700000.0,2.3728813559322033,2.7642857142857142,1966666.6666666667,23181300000.0,1
4,1,1,9800000,27000000,2,395,54400000.0,2.7551020408163267,2.0148148148148146,1960000.0,21488000000.0,0
3,1,1,7700000,16200000,6,380,55500000.0,2.103896103896104,3.425925925925926,1925000.0,21090000000.0,0
1,1,0,7900000,27100000,10,803,58600000.0,3.430379746835443,2.162361623616236,3950000.0,47055800000.0,1
4,1,0,3500000,8900000,20,809,25500000.0,2.5428571428571427,2.865168539325843,700000.0,20629500000.0,1
4,0,0,2400000,6600000,2,722,18000000.0,2.75,2.727272727272727,480000.0,12996000000.0,1
5,1,0,9900000,35700000,10,392,64400000.0,3.606060606060606,1.803921568627451,1650000.0,25244800000.0,0
0,1,0,3900000,14500000,8,545,22600000.0,3.717948717948718,1.5586206896551724,3900000.0,12317000000.0,0
2,0,1,7300000,28500000,10,799,44700000.0,3.904109589041096,1.568421052631579,2433333.3333333335,35715300000.0,1
0,1,1,6400000,21900000,12,727,54800000.0,3.421875,2.502283105022831,6400000.0,39839600000.0,1
4,1,0,7100000,19800000,18,530,38500000.0,2.788732394366197,1.9444444444444444,1420000.0,20405000000.0,0
2,0,0,8800000,19000000,14,637,60800000.0,2.159090909090909,3.2,2933333.3333333335,38729600000.0,1
5,1,0,7400000,21000000,4,561,55400000.0,2.8378378378378377,2.638095238095238,1233333.3333333333,31079400000.0,1
2,0,0,4400000,12000000,20,421,31100000.0,2.727272727272727,2.591666666666667,1466666.6666666667,13093100000.0,0
3,1,1,8600000,30300000,14,459,49000000.0,3.5232558139534884,1.6171617161716172,2150000.0,22491000000.0,0
3,0,0,6900000,26000000,14,828,41100000.0,3.7681159420289854,1.5807692307692307,1725000.0,34030800000.0,1
4,1,0,9600000,27500000,20,679,75000000.0,2.8645833333333335,2.727272727272727,1920000.0,50925000000.0,1
2,1,1,8100000,25700000,8,455,63100000.0,3.1728395061728394,2.455252918287938,2700000.0,28710500000.0,0
0,0,0,2600000,9400000,18,879,11600000.0,3.6153846153846154,1.2340425531914894,2600000.0,10196400000.0,1
3,1,1,9300000,26100000,14,636,66900000.0,2.806451612903226,2.5632183908045976,2325000.0,42548400000.0,1
2,0,1,2100000,5600000,16,426,9000000.0,2.6666666666666665,1.6071428571428572,700000.0,3834000000.0,0
4,0,1,9000000,21500000,14,508,71300000.0,2.388888888888889,3.316279069767442,1800000.0,36220400000.0,0
3,0,1,7000000,19200000,4,768,49200000.0,2.742857142857143,2.5625,1750000.0,37785600000.0,1
3,0,0,2200000,6400000,20,667,21400000.0,2.909090909090909,3.34375,550000.0,14273800000.0,1
5,1,1,7500000,28200000,2,440,44400000.0,3.76,1.574468085106383,1250000.0,19536000000.0,1
1,1,1,8300000,16800000,2,366,60400000.0,2.0240963855421685,3.5952380952380953,4150000.0,22106400000.0,0
2,0,0,300000,600000,2,383,2400000.0,2.0,4.0,100000.0,919200000.0,0
0,0,1,300000,800000,4,603,1800000.0,2.6666666666666665,2.25,300000.0,1085400000.0,1
3,1,0,3900000,14900000,4,728,29100000.0,3.8205128205128207,1.9530201342281879,975000.0,21184800000.0,1
0,0,0,6600000,20300000,6,549,44600000.0,3.0757575757575757,2.1970443349753697,6600000.0,24485400000.0,0
0,1,0,4100000,10700000,8,855,26500000.0,2.6097560975609757,2.4766355140186915,4100000.0,22657500000.0,1
5,1,1,1800000,5300000,12,461,11500000.0,2.9444444444444446,2.169811320754717,300000.0,5301500000.0,0
3,0,1,7000000,16100000,16,379,40200000.0,2.3,2.4968944099378882,1750000.0,15235800000.0,0
2,0,1,5100000,13700000,6,559,35400000.0,2.6862745098039214,2.5839416058394162,1700000.0,19788600000.0,1
1,0,1,300000,600000,8,816,2200000.0,2.0,3.6666666666666665,150000.0,1795200000.0,1
4,0,1,4300000,11400000,2,560,26100000.0,2.6511627906976742,2.289473684210526,860000.0,14616000000.0,1
0,1,1,3200000,12000000,14,645,22100000.0,3.75,1.8416666666666666,3200000.0,14254500000.0,1
4,0,1,4200000,11500000,6,551,34500000.0,2.738095238095238,3.0,840000.0,19009500000.0,1
0,0,1,9600000,22900000,8,515,60100000.0,2.3854166666666665,2.6244541484716155,9600000.0,30951500000.0,0
4,1,0,1300000,3600000,10,657,9100000.0,2.769230769230769,2.5277777777777777,260000.0,5978700000.0,1
3,0,0,2400000,9300000,2,682,14200000.0,3.875,1.5268817204301075,600000.0,9684400000.0,1
0,1,0,600000,1600000,10,588,3100000.0,2.6666666666666665,1.9375,600000.0,1822800000.0,1
5,1,1,9600000,38000000,10,359,63300000.0,3.9583333333333335,1.6657894736842105,1600000.0,22724700000.0,0
0,1,0,400000,1200000,4,766,2700000.0,3.0,2.25,400000.0,2068200000.0,1
4,1,0,5900000,19900000,14,469,46300000.0,3.3728813559322033,2.3266331658291457,1180000.0,21714700000.0,0
0,1,1,700000,1400000,10,618,3700000.0,2.0,2.642857142857143,700000.0,2286600000.0,1
0,0,1,8600000,17700000,20,711,60200000.0,2.058139534883721,3.401129943502825,8600000.0,42802200000.0,1
0,1,1,9000000,34000000,4,549,43300000.0,3.7777777777777777,1.2735294117647058,9000000.0,23771700000.0,1
3,1,1,5100000,20400000,6,754,23700000.0,4.0,1.161764705882353,1275000.0,17869800000.0,1
4,0,1,500000,1500000,6,461,3700000.0,3.0,2.466666666666667,100000.0,1705700000.0,0
2,1,0,1600000,3800000,10,837,12000000.0,2.375,3.1578947368421053,533333.3333333334,10044000000.0,1
0,1,1,9800000,23900000,14,459,42700000.0,2.438775510204082,1.786610878661088,9800000.0,19599300000.0,0
4,1,0,7800000,29700000,20,614,55800000.0,3.8076923076923075,1.878787878787879,1560000.0,34261200000.0,1
4,0,0,6500000,24000000,16,373,33000000.0,3.6923076923076925,1.375,1300000.0,12309000000.0,0
5,1,1,7500000,26500000,12,512,49100000.0,3.533333333333333,1.8528301886792453,1250000.0,25139200000.0,0
4,1,1,8900000,23400000,18,781,50300000.0,2.6292134831460676,2.1495726495726495,1780000.0,39284300000.0,1
4,1,1,1800000,5800000,14,305,9500000.0,3.2222222222222223,1.6379310344827587,360000.0,2897500000.0,0
1,0,1,7600000,27800000,6,447,33000000.0,3.6578947368421053,1.1870503597122302,3800000.0,14751000000.0,0
4,1,1,1200000,4600000,6,757,8400000.0,3.8333333333333335,1.826086956521739,240000.0,6358800000.0,1
5,1,1,2700000,10400000,2,723,15200000.0,3.8518518518518516,1.4615384615384615,450000.0,10989600000.0,1
1,0,1,4600000,10900000,12,463,19900000.0,2.369565217391304,1.8256880733944953,2300000.0,9213700000.0,0
2,0,0,6900000,18700000,10,699,44900000.0,2.710144927536232,2.4010695187165774,2300000.0,31385100000.0,1
4,1,1,8400000,25200000,2,308,55600000.0,3.0,2.2063492063492065,1680000.0,17124800000.0,1
0,1,0,300000,500000,18,702,2000000.0,1.6666666666666667,4.0,300000.0,1404000000.0,1
2,0,1,9500000,37500000,4,456,74000000.0,3.9473684210526314,1.9733333333333334,3166666.6666666665,33744000000.0,1
3,1,1,1900000,5900000,8,651,10500000.0,3.1052631578947367,1.7796610169491525,475000.0,6835500000.0,1
3,0,0,4200000,14500000,20,840,23900000.0,3.4523809523809526,1.6482758620689655,1050000.0,20076000000.0,1
4,1,1,2200000,7900000,18,848,16900000.0,3.590909090909091,2.1392405063291138,440000.0,14331200000.0,1
5,1,1,7100000,19700000,4,727,50000000.0,2.7746478873239435,2.5380710659898478,1183333.3333333333,36350000000.0,1
4,1,0,3500000,11600000,10,335,24100000.0,3.3142857142857145,2.0775862068965516,700000.0,8073500000.0,0
5,0,0,400000,800000,18,304,3200000.0,2.0,4.0,66666.66666666667,972800000.0,0
2,1,1,8800000,34400000,2,712,58200000.0,3.909090909090909,1.691860465116279,2933333.3333333335,41438400000.0,1
0,0,0,1800000,6600000,10,737,14500000.0,3.6666666666666665,2.196969696969697,1800000.0,10686500000.0,1
1,1,1,7600000,29300000,14,690,57000000.0,3.8552631578947367,1.9453924914675769,3800000.0,39330000000.0,1
1,1,1,1000000,3200000,4,888,7000000.0,3.2,2.1875,500000.0,6216000000.0,1
2,0,1,8200000,27200000,10,839,47100000.0,3.317073170731707,1.7316176470588236,2733333.3333333335,39516900000.0,1
5,0,1,3600000,12400000,8,333,24500000.0,3.4444444444444446,1.9758064516129032,600000.0,8158500000.0,0
5,1,0,9400000,23700000,18,862,53000000.0,2.521276595744681,2.2362869198312234,1566666.6666666667,45686000000.0,1
5,0,0,2600000,9100000,4,309,17100000.0,3.5,1.879120879120879,433333.3333333333,5283900000.0,1
5,0,0,9500000,30700000,10,823,63400000.0,3.231578947368421,2.0651465798045603,1583333.3333333333,52178200000.0,1
0,1,1,3500000,11700000,14,649,19600000.0,3.342857142857143,1.6752136752136753,3500000.0,12720400000.0,1
5,0,1,9800000,35700000,10,726,71500000.0,3.642857142857143,2.0028011204481793,1633333.3333333333,51909000000.0,1
4,1,0,800000,3100000,18,712,4100000.0,3.875,1.3225806451612903,160000.0,2919200000.0,1
0,0,0,9700000,37300000,20,701,62900000.0,3.845360824742268,1.6863270777479893,9700000.0,44092900000.0,1
3,1,0,6200000,21300000,12,655,42300000.0,3.435483870967742,1.9859154929577465,1550000.0,27706500000.0,1
1,0,1,4400000,16600000,18,385,24600000.0,3.772727272727273,1.4819277108433735,2200000.0,9471000000.0,0
2,1,0,1800000,3800000,4,777,13800000.0,2.111111111111111,3.6315789473684212,600000.0,10722600000.0,1
3,1,0,1700000,5300000,14,696,6300000.0,3.1176470588235294,1.1886792452830188,425000.0,4384800000.0,1
3,1,0,3900000,14100000,16,496,21300000.0,3.6153846153846154,1.5106382978723405,975000.0,10564800000.0,0
2,1,1,2200000,7900000,6,659,16200000.0,3.590909090909091,2.050632911392405,733333.3333333334,10675800000.0,1
3,0,1,6300000,17700000,2,542,39400000.0,2.8095238095238093,2.225988700564972,1575000.0,21354800000.0,0
2,0,0,2200000,8700000,18,729,16100000.0,3.9545454545454546,1.8505747126436782,733333.3333333334,11736900000.0,1
1,1,0,8100000,28400000,6,744,60300000.0,3.506172839506173,2.1232394366197185,4050000.0,44863200000.0,1
4,0,0,6800000,17000000,2,749,58300000.0,2.5,3.429411764705882,1360000.0,43666700000.0,1
0,1,0,4700000,14800000,20,755,36400000.0,3.148936170212766,2.4594594594594597,4700000.0,27482000000.0,1
3,1,1,2200000,5300000,2,506,11900000.0,2.409090909090909,2.2452830188679247,550000.0,6021400000.0,0
3,1,1,3500000,13000000,6,391,27200000.0,3.7142857142857144,2.0923076923076924,875000.0,10635200000.0,0
1,0,1,3500000,11600000,10,898,19300000.0,3.3142857142857145,1.6637931034482758,1750000.0,17331400000.0,1
5,0,0,500000,1500000,12,527,2000000.0,3.0,1.3333333333333333,83333.33333333333,1054000000.0,0
5,0,0,9900000,35800000,20,470,81700000.0,3.6161616161616164,2.282122905027933,1650000.0,38399000000.0,0
1,1,0,8400000,25000000,12,694,50900000.0,2.9761904761904763,2.036,4200000.0,35324600000.0,1
1,1,0,5000000,18800000,14,325,35900000.0,3.76,1.9095744680851063,2500000.0,11667500000.0,0
4,0,1,5500000,13400000,10,880,23800000.0,2.4363636363636365,1.7761194029850746,1100000.0,20944000000.0,1
5,1,1,3000000,11900000,14,459,26700000.0,3.966666666666667,2.2436974789915967,500000.0,12255300000.0,0
3,0,1,9400000,21400000,10,323,61500000.0,2.276595744680851,2.8738317757009346,2350000.0,19864500000.0,0
4,1,0,7600000,29000000,8,739,61100000.0,3.8157894736842106,2.106896551724138,1520000.0,45152900000.0,1
0,0,1,5500000,16300000,10,724,31500000.0,2.963636363636364,1.9325153374233128,5500000.0,22806000000.0,1
1,1,0,3100000,7400000,18,487,23300000.0,2.3870967741935485,3.1486486486486487,1550000.0,11347100000.0,0
3,1,0,7700000,27700000,4,439,54700000.0,3.5974025974025974,1.9747292418772564,1925000.0,24013300000.0,1
2,1,0,9800000,25400000,2,655,53700000.0,2.5918367346938775,2.1141732283464565,3266666.6666666665,35173500000.0,1
3,0,0,3200000,9200000,14,443,16100000.0,2.875,1.75,800000.0,7132300000.0,0
2,1,0,700000,2600000,20,489,3600000.0,3.7142857142857144,1.3846153846153846,233333.33333333334,1760400000.0,0
4,0,1,3100000,8600000,14,427,20500000.0,2.774193548387097,2.383720930232558,620000.0,8753500000.0,0
0,1,1,4500000,10500000,20,417,27200000.0,2.3333333333333335,2.5904761904761906,4500000.0,11342400000.0,0
5,0,1,8900000,24800000,18,842,49300000.0,2.7865168539325844,1.9879032258064515,1483333.3333333333,41510600000.0,1
3,0,0,5900000,23200000,2,307,52900000.0,3.9322033898305087,2.2801724137931036,1475000.0,16240300000.0,1
2,0,0,1500000,4500000,18,428,12400000.0,3.0,2.7555555555555555,500000.0,5307200000.0,0
4,0,1,6300000,15200000,16,415,45900000.0,2.4126984126984126,3.0197368421052633,1260000.0,19048500000.0,0
3,0,1,6500000,18200000,20,405,41200000.0,2.8,2.2637362637362637,1625000.0,16686000000.0,0
4,1,0,8000000,31500000,18,683,57900000.0,3.9375,1.838095238095238,1600000.0,39545700000.0,1
1,1,1,3300000,10600000,14,742,13800000.0,3.212121212121212,1.3018867924528301,1650000.0,10239600000.0,1
4,0,0,3900000,10000000,10,530,25300000.0,2.5641025641025643,2.53,780000.0,13409000000.0,0
3,1,0,1600000,3500000,10,844,13500000.0,2.1875,3.857142857142857,400000.0,11394000000.0,1
2,0,1,3900000,13900000,18,715,22600000.0,3.5641025641025643,1.6258992805755397,1300000.0,16159000000.0,1
3,1,1,8000000,26300000,12,476,53700000.0,3.2875,2.041825095057034,2000000.0,25561200000.0,0
2,1,0,2200000,4800000,6,721,11000000.0,2.1818181818181817,2.2916666666666665,733333.3333333334,7931000000.0,1
4,0,0,7600000,30300000,12,339,56400000.0,3.986842105263158,1.8613861386138615,1520000.0,19119600000.0,0
5,0,1,2700000,6800000,6,461,16400000.0,2.5185185185185186,2.411764705882353,450000.0,7560400000.0,0
2,1,1,6300000,23200000,12,556,44800000.0,3.6825396825396823,1.9310344827586208,2100000.0,24908800000.0,1
3,0,0,7700000,18700000,8,483,55500000.0,2.4285714285714284,2.9679144385026737,1925000.0,26806500000.0,0
2,1,0,4500000,17200000,18,406,27500000.0,3.8222222222222224,1.5988372093023255,1500000.0,11165000000.0,0
2,1,1,9400000,24800000,14,513,87100000.0,2.6382978723404253,3.5120967741935485,3133333.3333333335,44682300000.0,0
0,0,0,4600000,12600000,16,574,28300000.0,2.739130434782609,2.246031746031746,4600000.0,16244200000.0,1
0,1,1,5200000,15700000,6,692,29100000.0,3.019230769230769,1.8535031847133758,5200000.0,20137200000.0,1
5,1,1,8000000,29800000,18,867,63800000.0,3.725,2.140939597315436,1333333.3333333333,55314600000.0,1
1,0,1,9900000,38500000,2,875,49200000.0,3.888888888888889,1.277922077922078,4950000.0,43050000000.0,1
4,1,1,8500000,18600000,10,597,52400000.0,2.1882352941176473,2.817204301075269,1700000.0,31282800000.0,1
2,1,1,4900000,12000000,20,513,45400000.0,2.4489795918367347,3.783333333333333,1633333.3333333333,23290200000.0,0
3,1,1,7000000,24200000,2,354,49000000.0,3.4571428571428573,2.024793388429752,1750000.0,17346000000.0,1
2,0,0,9600000,25900000,18,647,68800000.0,2.6979166666666665,2.6563706563706564,3200000.0,44513600000.0,1
1,1,0,9700000,23700000,6,875,74400000.0,2.443298969072165,3.1392405063291138,4850000.0,65100000000.0,1
1,1,0,6200000,14300000,20,819,40200000.0,2.306451612903226,2.8111888111888113,3100000.0,32923800000.0,1
4,0,1,4100000,9600000,10,521,38000000.0,2.341463414634146,3.9583333333333335,820000.0,19798000000.0,0
0,1,1,6100000,19900000,20,761,28000000.0,3.262295081967213,1.407035175879397,6100000.0,21308000000.0,1
0,1,0,700000,1900000,18,572,4700000.0,2.7142857142857144,2.473684210526316,700000.0,2688400000.0,1
3,1,0,6400000,24100000,12,571,51200000.0,3.765625,2.12448132780083,1600000.0,29235200000.0,1
4,1,1,3800000,7800000,20,891,29200000.0,2.0526315789473686,3.7435897435897436,760000.0,26017200000.0,1
1,0,0,4900000,14800000,12,895,40300000.0,3.020408163265306,2.722972972972973,2450000.0,36068500000.0,1
2,1,0,2100000,6600000,20,580,16200000.0,3.142857142857143,2.4545454545454546,700000.0,9396000000.0,1
2,1,0,6200000,23400000,8,605,51800000.0,3.774193548387097,2.213675213675214,2066666.6666666667,31339000000.0,1
4,0,0,1600000,5100000,8,705,10200000.0,3.1875,2.0,320000.0,7191000000.0,1
1,0,1,1300000,5000000,20,423,7200000.0,3.8461538461538463,1.44,650000.0,3045600000.0,0
5,0,1,7300000,22500000,2,846,40500000.0,3.0821917808219177,1.8,1216666.6666666667,34263000000.0,1
2,0,0,2100000,5000000,4,542,11000000.0,2.380952380952381,2.2,700000.0,5962000000.0,0
5,0,0,600000,2400000,18,631,3900000.0,4.0,1.625,100000.0,2460900000.0,1
4,1,0,7000000,24500000,18,318,25900000.0,3.5,1.0571428571428572,1400000.0,8236200000.0,0
1,0,1,3000000,6800000,10,541,25100000.0,2.2666666666666666,3.6911764705882355,1500000.0,13579100000.0,0
1,1,0,900000,2900000,20,782,5800000.0,3.2222222222222223,2.0,450000.0,4535600000.0,1
2,1,0,9600000,35000000,2,888,62800000.0,3.6458333333333335,1.7942857142857143,3200000.0,55766400000.0,1
0,1,0,1500000,3600000,14,747,5800000.0,2.4,1.6111111111111112,1500000.0,4332600000.0,1
0,1,1,5000000,18900000,6,641,39100000.0,3.78,2.068783068783069,5000000.0,25063100000.0,1
3,1,1,500000,1700000,4,640,2600000.0,3.4,1.5294117647058822,125000.0,1664000000.0,1
4,0,0,7600000,28100000,12,324,52000000.0,3.6973684210526314,1.8505338078291815,1520000.0,16848000000.0,0
4,1,0,5500000,21200000,20,359,34500000.0,3.8545454545454545,1.6273584905660377,1100000.0,12385500000.0,0
0,0,1,6600000,23300000,12,338,31400000.0,3.5303030303030303,1.3476394849785407,6600000.0,10613200000.0,0
0,1,0,1400000,3200000,14,384,9300000.0,2.2857142857142856,2.90625,1400000.0,3571200000.0,0
5,0,1,8800000,26600000,16,545,73700000.0,3.022727272727273,2.7706766917293235,1466666.6666666667,40166500000.0,0
5,0,0,6200000,24200000,18,610,45900000.0,3.903225806451613,1.896694214876033,1033333.3333333334,27999000000.0,1
2,1,1,8300000,27900000,18,840,44400000.0,3.36144578313253,1.5913978494623655,2766666.6666666665,37296000000.0,1
3,0,0,2400000,8100000,6,630,19400000.0,3.375,2.3950617283950617,600000.0,12222000000.0,1
1,1,0,9100000,31200000,4,508,63400000.0,3.4285714285714284,2.032051282051282,4550000.0,32207200000.0,1
0,0,1,9500000,34900000,4,535,54500000.0,3.6736842105263157,1.5616045845272206,9500000.0,29157500000.0,1
1,1,0,1200000,3400000,20,717,8000000.0,2.8333333333333335,2.3529411764705883,600000.0,5736000000.0,1
2,1,1,7700000,19300000,8,735,37300000.0,2.5064935064935066,1.932642487046632,2566666.6666666665,27415500000.0,1
5,1,1,7800000,22000000,20,528,44200000.0,2.8205128205128207,2.0090909090909093,1300000.0,23337600000.0,0
0,1,1,9400000,20000000,4,350,46600000.0,2.127659574468085,2.33,9400000.0,16310000000.0,0
0,0,0,1700000,5700000,12,422,11900000.0,3.3529411764705883,2.087719298245614,1700000.0,5021800000.0,0
5,1,0,4000000,13700000,6,496,26600000.0,3.425,1.9416058394160585,666666.6666666666,13193600000.0,0
4,0,0,4200000,15500000,18,794,23600000.0,3.6904761904761907,1.5225806451612902,840000.0,18738400000.0,1
2,1,0,2400000,7700000,6,719,16000000.0,3.2083333333333335,2.0779220779220777,800000.0,11504000000.0,1
3,0,1,2700000,6100000,14,630,19600000.0,2.259259259259259,3.2131147540983607,675000.0,12348000000.0,1
3,0,1,600000,1800000,4,843,3800000.0,3.0,2.111111111111111,150000.0,3203400000.0,1
2,1,0,4600000,15600000,2,764,31000000.0,3.391304347826087,1.9871794871794872,1533333.3333333333,23684000000.0,1
3,1,0,7200000,17700000,4,662,46200000.0,2.4583333333333335,2.610169491525424,1800000.0,30584400000.0,1
0,0,0,4700000,15500000,16,311,33200000.0,3.297872340425532,2.141935483870968,4700000.0,10325200000.0,0
4,0,0,4300000,10100000,2,606,26100000.0,2.3488372093023258,2.5841584158415842,860000.0,15816600000.0,1
5,1,0,4700000,10200000,16,874,36600000.0,2.1702127659574466,3.588235294117647,783333.3333333334,31988400000.0,1
4,0,1,8700000,30000000,4,370,79900000.0,3.4482758620689653,2.6633333333333336,1740000.0,29563000000.0,1
1,1,0,7000000,20500000,10,414,53000000.0,2.9285714285714284,2.5853658536585367,3500000.0,21942000000.0,0
2,0,0,600000,1100000,10,800,4600000.0,1.8333333333333333,4.181818181818182,200000.0,3680000000.0,1
1,0,0,6800000,16900000,12,779,51800000.0,2.485294117647059,3.06508875739645,3400000.0,40352200000.0,1
1,0,0,6400000,14100000,20,553,39800000.0,2.203125,2.8226950354609928,3200000.0,22009400000.0,1
4,0,0,7600000,29900000,18,445,42800000.0,3.9342105263157894,1.431438127090301,1520000.0,19046000000.0,0
3,0,0,9000000,21400000,8,496,68000000.0,2.3777777777777778,3.177570093457944,2250000.0,33728000000.0,0
0,1,1,2400000,5900000,10,650,16400000.0,2.4583333333333335,2.7796610169491527,2400000.0,10660000000.0,1
3,0,0,6800000,17900000,6,783,58900000.0,2.6323529411764706,3.2905027932960893,1700000.0,46118700000.0,1
5,1,1,3500000,13500000,10,535,24400000.0,3.857142857142857,1.8074074074074074,583333.3333333334,13054000000.0,0
4,1,1,8900000,34000000,20,415,63000000.0,3.8202247191011236,1.8529411764705883,1780000.0,26145000000.0,0
0,0,0,6000000,15300000,8,709,30500000.0,2.55,1.9934640522875817,6000000.0,21624500000.0,1
3,0,0,700000,2500000,14,819,5600000.0,3.5714285714285716,2.24,175000.0,4586400000.0,1
0,0,1,6800000,17300000,18,841,43800000.0,2.5441176470588234,2.531791907514451,6800000.0,36835800000.0,1
4,0,1,5300000,10700000,12,700,41100000.0,2.018867924528302,3.8411214953271027,1060000.0,28770000000.0,1
1,1,1,1400000,4200000,4,881,10400000.0,3.0,2.4761904761904763,700000.0,9162400000.0,1
2,1,1,1400000,4600000,4,804,10000000.0,3.2857142857142856,2.1739130434782608,466666.6666666667,8040000000.0,1
4,0,0,9200000,21700000,6,653,65300000.0,2.358695652173913,3.0092165898617513,1840000.0,42640900000.0,1
1,1,1,7900000,29200000,2,663,70400000.0,3.6962025316455698,2.410958904109589,3950000.0,46675200000.0,1
0,0,0,4500000,17500000,10,495,29700000.0,3.888888888888889,1.697142857142857,4500000.0,14701500000.0,0
1,0,0,3800000,9800000,8,335,21200000.0,2.5789473684210527,2.163265306122449,1900000.0,7102000000.0,0
5,1,1,1500000,4900000,6,618,8500000.0,3.2666666666666666,1.7346938775510203,250000.0,5253000000.0,1
3,0,0,1200000,2400000,12,480,7900000.0,2.0,3.2916666666666665,300000.0,3792000000.0,0
4,0,0,1700000,4900000,18,843,15000000.0,2.8823529411764706,3.061224489795918,340000.0,12645000000.0,1
4,1,0,5200000,14100000,16,483,34500000.0,2.7115384615384617,2.4468085106382977,1040000.0,16663500000.0,0
1,0,0,1600000,5100000,12,548,9300000.0,3.1875,1.8235294117647058,800000.0,5096400000.0,0
4,1,1,6600000,16000000,16,379,48300000.0,2.4242424242424243,3.01875,1320000.0,18305700000.0,0
5,0,1,9400000,26600000,20,771,71400000.0,2.8297872340425534,2.6842105263157894,1566666.6666666667,55049400000.0,1
4,1,1,300000,500000,2,353,2300000.0,1.6666666666666667,4.6,60000.0,811900000.0,0
5,0,0,4600000,11500000,16,668,25300000.0,2.5,2.2,766666.6666666666,16900400000.0,1
3,0,1,6100000,21300000,2,387,30600000.0,3.4918032786885247,1.4366197183098592,1525000.0,11842200000.0,1
0,0,1,1500000,4100000,12,789,12300000.0,2.7333333333333334,3.0,1500000.0,9704700000.0,1
0,1,1,400000,900000,2,855,7900000.0,2.25,8.777777777777779,400000.0,6754500000.0,1
0,0,0,8700000,33600000,14,751,50600000.0,3.8620689655172415,1.505952380952381,8700000.0,38000600000.0,1
3,0,0,7000000,21600000,12,739,42100000.0,3.085714285714286,1.9490740740740742,1750000.0,31111900000.0,1
4,1,0,4700000,13100000,14,492,26000000.0,2.7872340425531914,1.984732824427481,940000.0,12792000000.0,0
4,0,1,7600000,23800000,16,896,30000000.0,3.1315789473684212,1.2605042016806722,1520000.0,26880000000.0,1
1,0,1,9200000,24500000,4,545,59600000.0,2.6630434782608696,2.4326530612244897,4600000.0,32482000000.0,0
5,0,0,9400000,36800000,20,891,58700000.0,3.9148936170212765,1.5951086956521738,1566666.6666666667,52301700000.0,1
0,1,0,4800000,15100000,6,848,23900000.0,3.1458333333333335,1.5827814569536425,4800000.0,20267200000.0,1
3,0,1,600000,2400000,12,884,3400000.0,4.0,1.4166666666666667,150000.0,3005600000.0,1
3,1,1,4900000,14300000,14,439,38400000.0,2.9183673469387754,2.6853146853146854,1225000.0,16857600000.0,0
3,1,1,3300000,8500000,12,586,24300000.0,2.5757575757575757,2.8588235294117648,825000.0,14239800000.0,1
3,1,1,9100000,18800000,20,308,50000000.0,2.065934065934066,2.6595744680851063,2275000.0,15400000000.0,0
5,1,0,6100000,23500000,16,300,28600000.0,3.8524590163934427,1.2170212765957447,1016666.6666666666,8580000000.0,0
3,1,1,8400000,19600000,2,741,48700000.0,2.3333333333333335,2.4846938775510203,2100000.0,36086700000.0,1
4,1,0,7900000,31400000,8,698,61700000.0,3.9746835443037973,1.964968152866242,1580000.0,43066600000.0,1
2,0,1,6100000,22300000,10,733,44600000.0,3.6557377049180326,2.0,2033333.3333333333,32691800000.0,1
3,0,1,2000000,4200000,16,571,12700000.0,2.1,3.0238095238095237,500000.0,7251700000.0,1
3,1,1,9900000,29900000,20,490,54100000.0,3.0202020202020203,1.8093645484949832,2475000.0,26509000000.0,0
2,0,0,9500000,25400000,16,451,67100000.0,2.6736842105263157,2.641732283464567,3166666.6666666665,30262100000.0,0
4,1,1,1900000,6800000,6,559,13200000.0,3.5789473684210527,1.9411764705882353,380000.0,7378800000.0,1
4,1,1,6900000,21400000,10,577,35900000.0,3.101449275362319,1.6775700934579438,1380000.0,20714300000.0,1
2,0,1,1500000,5000000,4,613,13000000.0,3.3333333333333335,2.6,500000.0,7969000000.0,1
4,0,0,1900000,3800000,20,785,9200000.0,2.0,2.4210526315789473,380000.0,7222000000.0,1
0,1,1,2300000,6000000,8,690,16400000.0,2.608695652173913,2.7333333333333334,2300000.0,11316000000.0,1
2,0,0,7800000,17100000,14,351,52600000.0,2.1923076923076925,3.0760233918128654,2600000.0,18462600000.0,0
4,0,0,400000,1000000,10,447,1500000.0,2.5,1.5,80000.0,670500000.0,0
0,1,1,9400000,19200000,20,708,74100000.0,2.0425531914893615,3.859375,9400000.0,52462800000.0,1
2,1,0,9100000,21700000,12,549,83400000.0,2.3846153846153846,3.8433179723502304,3033333.3333333335,45786600000.0,0
1,1,1,9000000,18800000,8,797,43900000.0,2.088888888888889,2.3351063829787235,4500000.0,34988300000.0,1
4,0,0,7100000,14300000,14,537,48400000.0,2.0140845070422535,3.3846153846153846,1420000.0,25990800000.0,0
3,1,0,800000,2500000,12,828,3900000.0,3.125,1.56,200000.0,3229200000.0,1
0,1,1,4500000,9600000,14,471,25500000.0,2.1333333333333333,2.65625,4500000.0,12010500000.0,0
5,1,0,8500000,25400000,4,336,49300000.0,2.988235294117647,1.9409448818897639,1416666.6666666667,16564800000.0,0
3,0,1,2500000,9800000,16,424,15000000.0,3.92,1.530612244897959,625000.0,6360000000.0,0
2,1,0,1500000,3300000,18,440,7900000.0,2.2,2.393939393939394,500000.0,3476000000.0,0
0,0,0,6200000,17300000,8,583,24500000.0,2.7903225806451615,1.416184971098266,6200000.0,14283500000.0,1
1,0,1,1300000,2900000,6,480,7500000.0,2.230769230769231,2.586206896551724,650000.0,3600000000.0,0
5,0,0,6600000,25800000,10,670,40900000.0,3.909090909090909,1.5852713178294573,1100000.0,27403000000.0,1
0,1,1,5300000,13700000,6,329,30400000.0,2.5849056603773586,2.218978102189781,5300000.0,10001600000.0,0
5,0,0,1400000,3000000,6,754,12900000.0,2.142857142857143,4.3,233333.33333333334,9726600000.0,1
2,0,1,2900000,7800000,18,588,16300000.0,2.689655172413793,2.08974358974359,966666.6666666666,9584400000.0,1
3,0,0,6500000,16500000,4,551,32200000.0,2.5384615384615383,1.9515151515151514,1625000.0,17742200000.0,1
3,1,0,8300000,18900000,4,316,59400000.0,2.2771084337349397,3.142857142857143,2075000.0,18770400000.0,0
2,0,1,8900000,32200000,12,382,37200000.0,3.6179775280898876,1.15527950310559,2966666.6666666665,14210400000.0,0
3,1,0,5300000,15000000,6,717,33500000.0,2.830188679245283,2.2333333333333334,1325000.0,24019500000.0,1
0,1,0,2800000,7300000,6,676,14600000.0,2.607142857142857,2.0,2800000.0,9869600000.0,1
1,0,0,8000000,27800000,6,667,51000000.0,3.475,1.8345323741007193,4000000.0,34017000000.0,1
3,0,0,3900000,10500000,20,821,22800000.0,2.6923076923076925,2.1714285714285713,975000.0,18718800000.0,1
0,1,0,6200000,20100000,20,345,36700000.0,3.2419354838709675,1.8258706467661692,6200000.0,12661500000.0,0
3,0,1,5900000,19200000,10,442,33000000.0,3.2542372881355934,1.71875,1475000.0,14586000000.0,0
1,1,1,6000000,23300000,12,672,39300000.0,3.8833333333333333,1.6866952789699572,3000000.0,26409600000.0,1
3,0,1,9100000,29300000,2,508,67600000.0,3.21978021978022,2.3071672354948807,2275000.0,34340800000.0,1
5,1,1,3400000,12300000,10,615,23500000.0,3.6176470588235294,1.910569105691057,566666.6666666666,14452500000.0,1
1,1,1,1800000,4400000,8,689,11100000.0,2.4444444444444446,2.522727272727273,900000.0,7647900000.0,1
1,1,0,300000,1200000,18,747,1000000.0,4.0,0.8333333333333334,150000.0,747000000.0,0
1,1,1,9000000,22800000,10,412,52300000.0,2.533333333333333,2.293859649122807,4500000.0,21547600000.0,0
1,1,0,6400000,16900000,2,703,36900000.0,2.640625,2.1834319526627217,3200000.0,25940700000.0,1
5,0,0,5800000,22200000,16,884,34000000.0,3.8275862068965516,1.5315315315315314,966666.6666666666,30056000000.0,1
5,1,1,2600000,8600000,18,651,11500000.0,3.3076923076923075,1.3372093023255813,433333.3333333333,7486500000.0,1
4,0,0,6600000,17300000,14,793,39500000.0,2.621212121212121,2.2832369942196533,1320000.0,31323500000.0,1
2,0,0,6100000,21800000,4,407,35900000.0,3.5737704918032787,1.646788990825688,2033333.3333333333,14611300000.0,1
2,0,0,4100000,11100000,8,390,17400000.0,2.707317073170732,1.5675675675675675,1366666.6666666667,6786000000.0,0
3,0,1,300000,1000000,12,469,2000000.0,3.3333333333333335,2.0,75000.0,938000000.0,0
4,1,0,4700000,10400000,6,373,35100000.0,2.2127659574468086,3.375,940000.0,13092300000.0,0
4,1,1,1500000,5800000,2,304,8700000.0,3.8666666666666667,1.5,300000.0,2644800000.0,1
5,0,0,2700000,8300000,8,833,16000000.0,3.074074074074074,1.927710843373494,450000.0,13328000000.0,1
2,1,0,6900000,20900000,2,302,65500000.0,3.028985507246377,3.1339712918660285,2300000.0,19781000000.0,1
0,1,0,7600000,28700000,6,397,52600000.0,3.776315789473684,1.8327526132404182,7600000.0,20882200000.0,0
1,1,0,4100000,10000000,6,891,21400000.0,2.4390243902439024,2.14,2050000.0,19067400000.0,1
3,0,0,4100000,12200000,2,457,20200000.0,2.975609756097561,1.6557377049180328,1025000.0,9231400000.0,0
4,0,0,1600000,3200000,16,657,7200000.0,2.0,2.25,320000.0,4730400000.0,1
2,0,1,400000,1400000,2,480,2700000.0,3.5,1.9285714285714286,133333.33333333334,1296000000.0,1
5,1,1,4400000,17300000,20,840,23900000.0,3.9318181818181817,1.3815028901734103,733333.3333333334,20076000000.0,1
2,0,1,3800000,8000000,12,866,16900000.0,2.1052631578947367,2.1125,1266666.6666666667,14635400000.0,1
0,0,0,4300000,17000000,8,619,31700000.0,3.953488372093023,1.8647058823529412,4300000.0,19622300000.0,1
1,1,1,9000000,33500000,2,748,54900000.0,3.7222222222222223,1.6388059701492537,4500000.0,41065200000.0,1
3,0,1,9500000,25500000,12,881,71600000.0,2.6842105263157894,2.8078431372549018,2375000.0,63079600000.0,1
2,1,1,6900000,13900000,8,829,49400000.0,2.0144927536231885,3.553956834532374,2300000.0,40952600000.0,1
3,0,0,4300000,11100000,6,312,22000000.0,2.5813953488372094,1.981981981981982,1075000.0,6864000000.0,0
3,0,0,6600000,21400000,10,467,46700000.0,3.242424242424242,2.182242990654206,1650000.0,21808900000.0,0
1,1,1,5200000,14300000,18,650,28900000.0,2.75,2.020979020979021,2600000.0,18785000000.0,1
3,1,1,400000,1100000,6,711,1900000.0,2.75,1.7272727272727273,100000.0,1350900000.0,1
4,0,0,1300000,4100000,18,886,7700000.0,3.1538461538461537,1.8780487804878048,260000.0,6822200000.0,1
5,0,0,9700000,28400000,4,494,51700000.0,2.9278350515463916,1.8204225352112675,1616666.6666666667,25539800000.0,0
2,1,1,5400000,10900000,14,741,33300000.0,2.0185185185185186,3.055045871559633,1800000.0,24675300000.0,1
4,0,0,1200000,3300000,12,876,5300000.0,2.75,1.606060606060606,240000.0,4642800000.0,1
0,1,1,7000000,26400000,14,610,33500000.0,3.7714285714285714,1.268939393939394,7000000.0,20435000000.0,1
5,1,0,7600000,26000000,6,778,51700000.0,3.4210526315789473,1.9884615384615385,1266666.6666666667,40222600000.0,1
5,1,1,700000,1800000,14,571,2900000.0,2.5714285714285716,1.6111111111111112,116666.66666666667,1655900000.0,1
3,1,1,7500000,25100000,18,554,53600000.0,3.3466666666666667,2.135458167330677,1875000.0,29694400000.0,1
0,0,1,2300000,6200000,8,712,18800000.0,2.6956521739130435,3.032258064516129,2300000.0,13385600000.0,1
5,0,1,5600000,11500000,4,695,36100000.0,2.0535714285714284,3.139130434782609,933333.3333333334,25089500000.0,1
0,0,1,5400000,10900000,20,366,30000000.0,2.0185185185185186,2.7522935779816513,5400000.0,10980000000.0,0
1,0,1,1800000,5500000,10,426,14000000.0,3.0555555555555554,2.5454545454545454,900000.0,5964000000.0,0
0,0,0,2900000,6900000,10,320,14800000.0,2.3793103448275863,2.1449275362318843,2900000.0,4736000000.0,0
3,0,1,1400000,4600000,8,543,7400000.0,3.2857142857142856,1.608695652173913,350000.0,4018200000.0,0
2,1,0,2800000,11000000,16,525,18200000.0,3.9285714285714284,1.6545454545454545,933333.3333333334,9555000000.0,0
0,0,1,3300000,13100000,12,812,21500000.0,3.9696969696969697,1.6412213740458015,3300000.0,17458000000.0,1
0,0,0,7000000,25300000,14,697,46500000.0,3.6142857142857143,1.8379446640316206,7000000.0,32410500000.0,1
1,0,0,3900000,15100000,12,527,30600000.0,3.871794871794872,2.0264900662251657,1950000.0,16126200000.0,0
1,0,0,5700000,17200000,4,512,35700000.0,3.017543859649123,2.0755813953488373,2850000.0,18278400000.0,1
0,1,0,4100000,9200000,4,671,25000000.0,2.2439024390243905,2.717391304347826,4100000.0,16775000000.0,1
1,1,1,2200000,8700000,20,539,15800000.0,3.9545454545454546,1.8160919540229885,1100000.0,8516200000.0,0
5,0,0,2200000,7200000,10,532,12100000.0,3.272727272727273,1.6805555555555556,366666.6666666667,6437200000.0,0
3,0,1,2500000,7700000,16,485,14400000.0,3.08,1.87012987012987,625000.0,6984000000.0,0
0,0,1,900000,2100000,6,521,4600000.0,2.3333333333333335,2.1904761904761907,900000.0,2396600000.0,0
1,0,0,2900000,7400000,10,874,15000000.0,2.5517241379310347,2.027027027027027,1450000.0,13110000000.0,1
2,0,0,9800000,22900000,10,788,52800000.0,2.336734693877551,2.3056768558951966,3266666.6666666665,41606400000.0,1
2,0,0,5200000,14800000,12,659,38900000.0,2.8461538461538463,2.6283783783783785,1733333.3333333333,25635100000.0,1
1,1,1,8600000,19600000,16,498,44100000.0,2.2790697674418605,2.25,4300000.0,21961800000.0,0
2,1,1,4800000,13200000,20,310,33500000.0,2.75,2.537878787878788,1600000.0,10385000000.0,0
0,1,0,2000000,4700000,6,785,13100000.0,2.35,2.7872340425531914,2000000.0,10283500000.0,1
0,1,0,3600000,8700000,10,309,19200000.0,2.4166666666666665,2.206896551724138,3600000.0,5932800000.0,0
3,0,1,5300000,19600000,2,433,38400000.0,3.69811320754717,1.9591836734693877,1325000.0,16627200000.0,1
1,0,1,400000,1300000,18,801,2200000.0,3.25,1.6923076923076923,200000.0,1762200000.0,1
3,1,1,6500000,22400000,6,488,57000000.0,3.4461538461538463,2.544642857142857,1625000.0,27816000000.0,0
0,0,1,2300000,6000000,16,756,13700000.0,2.608695652173913,2.283333333333333,2300000.0,10357200000.0,1
3,1,0,1000000,2800000,4,757,7300000.0,2.8,2.607142857142857,250000.0,5526100000.0,1
5,0,0,3200000,10100000,6,828,26200000.0,3.15625,2.594059405940594,533333.3333333334,21693600000.0,1
3,1,1,3400000,7200000,12,733,17800000.0,2.1176470588235294,2.4722222222222223,850000.0,13047400000.0,1
0,0,0,9600000,38200000,8,421,63100000.0,3.9791666666666665,1.6518324607329844,9600000.0,26565100000.0,0
3,0,0,5300000,20300000,4,872,37600000.0,3.830188679245283,1.8522167487684729,1325000.0,32787200000.0,1
3,1,0,4700000,17400000,10,393,41700000.0,3.702127659574468,2.396551724137931,1175000.0,16388100000.0,0
3,1,0,9700000,37800000,12,700,57200000.0,3.8969072164948453,1.5132275132275133,2425000.0,40040000000.0,1
5,1,0,8800000,21600000,18,613,65900000.0,2.4545454545454546,3.050925925925926,1466666.6666666667,40396700000.0,1
5,1,0,5900000,13400000,6,455,42900000.0,2.2711864406779663,3.201492537313433,983333.3333333334,19519500000.0,0
4,1,1,2400000,7100000,16,871,19300000.0,2.9583333333333335,2.7183098591549295,480000.0,16810300000.0,1
4,1,1,7900000,21500000,16,497,38200000.0,2.721518987341772,1.7767441860465116,1580000.0,18985400000.0,0
0,1,0,1400000,2700000,2,649,10200000.0,1.9285714285714286,3.7777777777777777,1400000.0,6619800000.0,1
0,1,1,3500000,10000000,14,709,21300000.0,2.857142857142857,2.13,3500000.0,15101700000.0,1
4,1,0,3400000,13500000,12,705,24300000.0,3.9705882352941178,1.8,680000.0,17131500000.0,1
2,1,0,6100000,23600000,2,476,33800000.0,3.8688524590163933,1.4322033898305084,2033333.3333333333,16088800000.0,1
2,0,1,3000000,7100000,4,819,18300000.0,2.3666666666666667,2.5774647887323945,1000000.0,14987700000.0,1
5,0,1,3400000,9400000,16,535,24800000.0,2.764705882352941,2.6382978723404253,566666.6666666666,13268000000.0,0
0,1,1,400000,1200000,14,889,2200000.0,3.0,1.8333333333333333,400000.0,1955800000.0,1
0,1,0,5900000,11800000,12,468,42800000.0,2.0,3.6271186440677967,5900000.0,20030400000.0,0
5,1,1,400000,800000,2,759,2200000.0,2.0,2.75,66666.66666666667,1669800000.0,1
3,1,1,9000000,33600000,2,426,70400000.0,3.7333333333333334,2.0952380952380953,2250000.0,29990400000.0,1
0,1,1,8800000,23600000,8,712,42100000.0,2.6818181818181817,1.7838983050847457,8800000.0,29975200000.0,1
4,1,1,2000000,4700000,2,615,10300000.0,2.35,2.1914893617021276,400000.0,6334500000.0,1
2,1,0,4700000,14000000,12,784,37800000.0,2.978723404255319,2.7,1566666.6666666667,29635200000.0,1
4,0,0,2700000,6100000,16,677,13700000.0,2.259259259259259,2.2459016393442623,540000.0,9274900000.0,1
1,0,0,2600000,7900000,12,306,15300000.0,3.0384615384615383,1.9367088607594938,1300000.0,4681800000.0,0
1,0,1,9000000,25400000,16,655,67100000.0,2.8222222222222224,2.641732283464567,4500000.0,43950500000.0,1
4,0,0,5100000,19400000,8,755,22700000.0,3.803921568627451,1.1701030927835052,1020000.0,17138500000.0,1
2,1,0,6600000,25800000,18,598,29200000.0,3.909090909090909,1.1317829457364341,2200000.0,17461600000.0,1
2,1,0,4400000,9800000,18,712,20800000.0,2.227272727272727,2.122448979591837,1466666.6666666667,14809600000.0,1
4,0,1,1500000,4600000,6,524,12100000.0,3.066666666666667,2.630434782608696,300000.0,6340400000.0,0
1,0,0,6200000,23100000,16,838,41000000.0,3.725806451612903,1.774891774891775,3100000.0,34358000000.0,1
4,1,1,900000,2900000,6,560,6400000.0,3.2222222222222223,2.206896551724138,180000.0,3584000000.0,1
3,0,0,7700000,26400000,12,759,39000000.0,3.4285714285714284,1.4772727272727273,1925000.0,29601000000.0,1
2,1,1,600000,2400000,6,454,3300000.0,4.0,1.375,200000.0,1498200000.0,0
4,0,0,4300000,16500000,4,539,28100000.0,3.8372093023255816,1.7030303030303031,860000.0,15145900000.0,1
2,0,1,8200000,27800000,16,827,56900000.0,3.3902439024390243,2.0467625899280577,2733333.3333333335,47056300000.0,1
0,0,0,3500000,11900000,12,686,21800000.0,3.4,1.8319327731092436,3500000.0,14954800000.0,1
1,1,1,9900000,34100000,14,371,67000000.0,3.4444444444444446,1.964809384164223,4950000.0,24857000000.0,0
5,1,0,700000,1900000,4,784,4200000.0,2.7142857142857144,2.210526315789474,116666.66666666667,3292800000.0,1
1,1,1,2100000,7300000,16,826,14200000.0,3.4761904761904763,1.9452054794520548,1050000.0,11729200000.0,1
2,0,0,3200000,10500000,12,502,20300000.0,3.28125,1.9333333333333333,1066666.6666666667,10190600000.0,0
0,1,0,2900000,7800000,8,367,15700000.0,2.689655172413793,2.0128205128205128,2900000.0,5761900000.0,0
0,0,0,7000000,18300000,6,541,41800000.0,2.6142857142857143,2.2841530054644807,7000000.0,22613800000.0,0
1,1,0,3700000,13600000,16,608,18800000.0,3.675675675675676,1.3823529411764706,1850000.0,11430400000.0,1
3,0,1,4500000,13100000,12,570,28400000.0,2.911111111111111,2.16793893129771,1125000.0,16188000000.0,1
3,1,0,200000,800000,18,752,900000.0,4.0,1.125,50000.0,676800000.0,1
5,0,1,5600000,20500000,8,873,42200000.0,3.6607142857142856,2.0585365853658537,933333.3333333334,36840600000.0,1
5,1,0,5400000,18600000,2,538,33200000.0,3.4444444444444446,1.7849462365591398,900000.0,17861600000.0,1
4,0,0,300000,1000000,10,819,2100000.0,3.3333333333333335,2.1,60000.0,1719900000.0,1
1,1,1,7500000,29800000,18,770,43300000.0,3.973333333333333,1.4530201342281879,3750000.0,33341000000.0,1
5,0,1,2500000,9600000,6,345,13200000.0,3.84,1.375,416666.6666666667,4554000000.0,0
4,1,1,3100000,8100000,12,730,24300000.0,2.6129032258064515,3.0,620000.0,17739000000.0,1
1,1,1,7600000,19300000,20,835,38300000.0,2.539473684210526,1.9844559585492227,3800000.0,31980500000.0,1
3,0,1,500000,1700000,2,811,2600000.0,3.4,1.5294117647058822,125000.0,2108600000.0,1
2,0,0,2700000,5900000,14,662,15900000.0,2.185185185185185,2.694915254237288,900000.0,10525800000.0,1
2,0,1,3500000,13300000,4,420,18400000.0,3.8,1.3834586466165413,1166666.6666666667,7728000000.0,1
5,0,0,3700000,11700000,4,413,28600000.0,3.1621621621621623,2.4444444444444446,616666.6666666666,11811800000.0,1
2,0,1,5600000,20000000,10,367,43800000.0,3.5714285714285716,2.19,1866666.6666666667,16074600000.0,0
5,0,1,4800000,16400000,14,390,24300000.0,3.4166666666666665,1.4817073170731707,800000.0,9477000000.0,0
4,0,1,5200000,12200000,2,602,39300000.0,2.3461538461538463,3.221311475409836,1040000.0,23658600000.0,1
3,1,0,2900000,11500000,16,843,19900000.0,3.9655172413793105,1.7304347826086957,725000.0,16775700000.0,1
1,1,0,2700000,6800000,20,713,11800000.0,2.5185185185185186,1.7352941176470589,1350000.0,8413400000.0,1
3,1,0,5000000,16200000,8,591,24300000.0,3.24,1.5,1250000.0,14361300000.0,1
2,0,1,2700000,9400000,14,701,15600000.0,3.4814814814814814,1.6595744680851063,900000.0,10935600000.0,1
4,0,1,2800000,10000000,12,655,20300000.0,3.5714285714285716,2.03,560000.0,13296500000.0,1
3,0,1,7300000,20000000,18,720,58200000.0,2.73972602739726,2.91,1825000.0,41904000000.0,1
0,1,1,5900000,15100000,10,794,30600000.0,2.559322033898305,2.0264900662251657,5900000.0,24296400000.0,1
0,1,0,8100000,21300000,2,392,63300000.0,2.6296296296296298,2.971830985915493,8100000.0,24813600000.0,0
3,1,1,1900000,7100000,6,583,11700000.0,3.736842105263158,1.647887323943662,475000.0,6821100000.0,1
5,1,0,1800000,6800000,18,457,8500000.0,3.7777777777777777,1.25,300000.0,3884500000.0,0
0,0,1,7600000,17800000,14,570,58700000.0,2.3421052631578947,3.297752808988764,7600000.0,33459000000.0,1
1,1,0,9100000,30100000,14,890,70200000.0,3.3076923076923075,2.3322259136212624,4550000.0,62478000000.0,1
2,0,1,5300000,12300000,14,472,35300000.0,2.3207547169811322,2.869918699186992,1766666.6666666667,16661600000.0,0
2,0,0,3700000,10900000,12,788,17200000.0,2.945945945945946,1.5779816513761469,1233333.3333333333,13553600000.0,1
0,0,0,9500000,35300000,6,605,60800000.0,3.7157894736842105,1.7223796033994334,9500000.0,36784000000.0,1
3,1,0,8300000,30500000,10,473,57800000.0,3.674698795180723,1.8950819672131147,2075000.0,27339400000.0,0
5,1,0,6400000,21500000,16,728,32500000.0,3.359375,1.5116279069767442,1066666.6666666667,23660000000.0,1
5,1,1,5300000,17800000,16,505,36400000.0,3.358490566037736,2.044943820224719,883333.3333333334,18382000000.0,0
0,1,1,5600000,19300000,6,407,29600000.0,3.4464285714285716,1.5336787564766838,5600000.0,12047200000.0,0
1,1,1,900000,1700000,18,464,3900000.0,1.8888888888888888,2.2941176470588234,450000.0,1809600000.0,0
0,1,1,2400000,7200000,20,514,14700000.0,3.0,2.0416666666666665,2400000.0,7555800000.0,0
1,1,0,9500000,23000000,10,627,70800000.0,2.4210526315789473,3.0782608695652174,4750000.0,44391600000.0,1
2,0,1,7400000,14900000,20,627,55300000.0,2.0135135135135136,3.7114093959731544,2466666.6666666665,34673100000.0,1
4,0,1,1500000,3200000,10,858,7900000.0,2.1333333333333333,2.46875,300000.0,6778200000.0,1
3,1,1,8800000,30200000,8,607,53700000.0,3.4318181818181817,1.7781456953642385,2200000.0,32595900000.0,1
5,0,1,4900000,14300000,4,663,39700000.0,2.9183673469387754,2.7762237762237763,816666.6666666666,26321100000.0,1
1,0,1,8100000,26900000,6,522,48000000.0,3.3209876543209877,1.7843866171003717,4050000.0,25056000000.0,0
2,0,1,2300000,9100000,20,610,15500000.0,3.9565217391304346,1.7032967032967032,766666.6666666666,9455000000.0,1
5,0,1,3000000,6600000,16,462,21700000.0,2.2,3.287878787878788,500000.0,10025400000.0,0
2,0,1,3900000,9300000,8,591,26500000.0,2.3846153846153846,2.849462365591398,1300000.0,15661500000.0,1
4,1,1,1700000,6500000,20,636,11100000.0,3.823529411764706,1.7076923076923076,340000.0,7059600000.0,1
0,0,1,2100000,4900000,10,359,8900000.0,2.3333333333333335,1.816326530612245,2100000.0,3195100000.0,0
4,1,1,9700000,25000000,4,542,64500000.0,2.577319587628866,2.58,1940000.0,34959000000.0,0
5,0,1,3500000,11800000,4,642,20700000.0,3.3714285714285714,1.7542372881355932,583333.3333333334,13289400000.0,1
5,0,1,1500000,5500000,4,414,6300000.0,3.6666666666666665,1.1454545454545455,250000.0,2608200000.0,1
3,0,1,8800000,26200000,20,865,69300000.0,2.977272727272727,2.645038167938931,2200000.0,59944500000.0,1
3,1,0,900000,3100000,10,369,3700000.0,3.4444444444444446,1.1935483870967742,225000.0,1365300000.0,0
0,1,1,3500000,10800000,14,838,27100000.0,3.085714285714286,2.509259259259259,3500000.0,22709800000.0,1
5,0,0,5500000,21200000,4,582,40600000.0,3.8545454545454545,1.9150943396226414,916666.6666666666,23629200000.0,1
5,0,1,9800000,23200000,10,416,58400000.0,2.36734693877551,2.5172413793103448,1633333.3333333333,24294400000.0,0
5,1,0,2100000,5500000,20,705,12600000.0,2.619047619047619,2.290909090909091,350000.0,8883000000.0,1
0,1,0,1800000,5700000,18,306,8500000.0,3.1666666666666665,1.4912280701754386,1800000.0,2601000000.0,0
5,1,1,5800000,13000000,8,851,37200000.0,2.2413793103448274,2.8615384615384616,966666.6666666666,31657200000.0,1
5,1,0,6700000,17200000,18,613,48200000.0,2.5671641791044775,2.802325581395349,1116666.6666666667,29546600000.0,1
3,1,0,4300000,16300000,10,366,31400000.0,3.7906976744186047,1.9263803680981595,1075000.0,11492400000.0,0
1,1,0,1200000,2800000,12,431,5100000.0,2.3333333333333335,1.8214285714285714,600000.0,2198100000.0,0
5,0,1,9700000,25900000,2,754,54200000.0,2.670103092783505,2.0926640926640925,1616666.6666666667,40866800000.0,1
5,1,1,5400000,11200000,10,447,35600000.0,2.074074074074074,3.1785714285714284,900000.0,15913200000.0,0
1,0,1,5300000,14100000,14,510,50400000.0,2.660377358490566,3.574468085106383,2650000.0,25704000000.0,0
1,1,0,7300000,24200000,20,324,44000000.0,3.315068493150685,1.8181818181818181,3650000.0,14256000000.0,0
5,1,0,9500000,19200000,2,523,42700000.0,2.0210526315789474,2.2239583333333335,1583333.3333333333,22332100000.0,0
0,0,1,7200000,15600000,2,362,31800000.0,2.1666666666666665,2.0384615384615383,7200000.0,11511600000.0,0
3,1,1,9000000,32900000,6,657,51700000.0,3.6555555555555554,1.5714285714285714,2250000.0,33966900000.0,1
5,0,0,6500000,23300000,12,790,35300000.0,3.5846153846153848,1.5150214592274678,1083333.3333333333,27887000000.0,1
1,1,1,9500000,30500000,18,500,30600000.0,3.210526315789474,1.0032786885245901,4750000.0,15300000000.0,0
2,0,1,9900000,33200000,4,465,72700000.0,3.3535353535353534,2.1897590361445785,3300000.0,33805500000.0,1
4,0,0,2900000,8700000,6,409,19600000.0,3.0,2.2528735632183907,580000.0,8016400000.0,0
4,1,1,700000,1800000,20,626,2800000.0,2.5714285714285716,1.5555555555555556,140000.0,1752800000.0,1
5,0,0,4200000,13400000,16,545,34000000.0,3.1904761904761907,2.537313432835821,700000.0,18530000000.0,0
3,0,0,4200000,11400000,10,654,31100000.0,2.7142857142857144,2.7280701754385963,1050000.0,20339400000.0,1
0,0,0,7600000,26500000,6,515,47100000.0,3.486842105263158,1.7773584905660378,7600000.0,24256500000.0,0
2,1,1,7100000,18800000,12,838,27800000.0,2.647887323943662,1.4787234042553192,2366666.6666666665,23296400000.0,1
1,0,1,4700000,16000000,14,406,26900000.0,3.404255319148936,1.68125,2350000.0,10921400000.0,0
0,1,1,9800000,23200000,10,573,65400000.0,2.36734693877551,2.8189655172413794,9800000.0,37474200000.0,1
0,1,1,9800000,38700000,2,611,56000000.0,3.9489795918367347,1.4470284237726099,9800000.0,34216000000.0,1
0,0,0,5100000,13400000,16,649,28000000.0,2.627450980392157,2.08955223880597,5100000.0,18172000000.0,1
0,0,1,3300000,7700000,12,775,21900000.0,2.3333333333333335,2.844155844155844,3300000.0,16972500000.0,1
3,1,0,4500000,12500000,12,469,29300000.0,2.7777777777777777,2.344,1125000.0,13741700000.0,0
0,1,1,3900000,12800000,18,587,27400000.0,3.282051282051282,2.140625,3900000.0,16083800000.0,1
3,1,1,3200000,9900000,10,316,27000000.0,3.09375,2.727272727272727,800000.0,8532000000.0,0
2,1,0,3200000,10400000,10,556,29800000.0,3.25,2.8653846153846154,1066666.6666666667,16568800000.0,1
2,0,0,9600000,31200000,12,578,52100000.0,3.25,1.669871794871795,3200000.0,30113800000.0,1
2,0,1,8700000,18900000,2,554,35300000.0,2.1724137931034484,1.8677248677248677,2900000.0,19556200000.0,1
2,0,1,1900000,6800000,6,892,12100000.0,3.5789473684210527,1.7794117647058822,633333.3333333334,10793200000.0,1
2,0,1,2900000,10200000,10,315,16600000.0,3.5172413793103448,1.6274509803921569,966666.6666666666,5229000000.0,0
0,0,0,6200000,12900000,10,695,32000000.0,2.0806451612903225,2.4806201550387597,6200000.0,22240000000.0,1
0,0,0,5900000,20300000,4,806,25200000.0,3.440677966101695,1.2413793103448276,5900000.0,20311200000.0,1
4,0,1,3200000,12800000,8,638,18700000.0,4.0,1.4609375,640000.0,11930600000.0,1
1,0,1,1300000,5000000,4,610,9600000.0,3.8461538461538463,1.92,650000.0,5856000000.0,1
2,0,1,1300000,3200000,4,810,11000000.0,2.4615384615384617,3.4375,433333.3333333333,8910000000.0,1
1,1,0,8700000,33200000,4,866,69700000.0,3.8160919540229883,2.0993975903614457,4350000.0,60360200000.0,1
3,0,0,6300000,23800000,10,760,41200000.0,3.7777777777777777,1.73109243697479,1575000.0,31312000000.0,1
3,1,0,4300000,11200000,6,556,34900000.0,2.604651162790698,3.1160714285714284,1075000.0,19404400000.0,1
3,0,1,6400000,23500000,12,684,60200000.0,3.671875,2.5617021276595744,1600000.0,41176800000.0,1
5,0,1,7700000,25800000,18,578,50500000.0,3.3506493506493507,1.9573643410852712,1283333.3333333333,29189000000.0,1
2,0,0,6900000,23900000,12,814,47500000.0,3.463768115942029,1.9874476987447698,2300000.0,38665000000.0,1
0,0,0,4200000,14800000,20,510,29400000.0,3.5238095238095237,1.9864864864864864,4200000.0,14994000000.0,0
4,0,0,3900000,9000000,2,674,31500000.0,2.3076923076923075,3.5,780000.0,21231000000.0,1
0,1,1,2000000,4900000,14,570,12000000.0,2.45,2.4489795918367347,2000000.0,6840000000.0,1
1,0,0,500000,1700000,2,680,3600000.0,3.4,2.1176470588235294,250000.0,2448000000.0,1
0,1,0,3500000,8800000,12,803,17500000.0,2.5142857142857142,1.9886363636363635,3500000.0,14052500000.0,1
2,0,1,3100000,10700000,16,357,22600000.0,3.4516129032258065,2.1121495327102804,1033333.3333333334,8068200000.0,0
3,0,1,4900000,19000000,4,575,44300000.0,3.877551020408163,2.331578947368421,1225000.0,25472500000.0,1
1,0,0,1000000,3600000,4,546,5600000.0,3.6,1.5555555555555556,500000.0,3057600000.0,1
2,1,0,6700000,21400000,8,370,43700000.0,3.1940298507462686,2.042056074766355,2233333.3333333335,16169000000.0,0
1,1,0,4100000,9400000,6,713,15200000.0,2.292682926829268,1.6170212765957446,2050000.0,10837600000.0,1
4,0,1,1600000,3800000,2,896,8400000.0,2.375,2.210526315789474,320000.0,7526400000.0,1
3,1,1,2400000,9200000,14,626,14400000.0,3.8333333333333335,1.565217391304348,600000.0,9014400000.0,1
0,1,0,2200000,6400000,4,854,10300000.0,2.909090909090909,1.609375,2200000.0,8796200000.0,1
4,1,0,3200000,8400000,18,802,14200000.0,2.625,1.6904761904761905,640000.0,11388400000.0,1
4,0,1,1600000,4400000,20,382,9100000.0,2.75,2.0681818181818183,320000.0,3476200000.0,0
2,0,0,3900000,14900000,6,415,20600000.0,3.8205128205128207,1.3825503355704698,1300000.0,8549000000.0,0
5,1,1,2000000,6300000,4,366,15700000.0,3.15,2.492063492063492,333333.3333333333,5746200000.0,1
1,1,1,7600000,25400000,10,595,44200000.0,3.3421052631578947,1.7401574803149606,3800000.0,26299000000.0,1
1,0,0,9800000,21300000,2,356,75600000.0,2.173469387755102,3.5492957746478875,4900000.0,26913600000.0,0
5,0,0,7900000,29900000,6,568,44300000.0,3.7848101265822787,1.4816053511705685,1316666.6666666667,25162400000.0,1
1,1,0,1600000,4000000,10,615,11800000.0,2.5,2.95,800000.0,7257000000.0,1
1,1,1,6400000,13900000,12,313,48400000.0,2.171875,3.4820143884892087,3200000.0,15149200000.0,0
1,1,1,6400000,17900000,6,575,42600000.0,2.796875,2.3798882681564244,3200000.0,24495000000.0,1
4,1,0,1600000,5500000,10,577,7100000.0,3.4375,1.290909090909091,320000.0,4096700000.0,1
0,1,0,9200000,30700000,10,455,65000000.0,3.3369565217391304,2.1172638436482085,9200000.0,29575000000.0,0
1,0,0,7800000,24900000,6,500,46300000.0,3.1923076923076925,1.859437751004016,3900000.0,23150000000.0,0
1,0,1,4000000,9400000,8,509,21400000.0,2.35,2.276595744680851,2000000.0,10892600000.0,0
2,0,1,6100000,19400000,8,379,34500000.0,3.180327868852459,1.7783505154639174,2033333.3333333333,13075500000.0,0
5,1,0,7100000,14500000,14,664,43100000.0,2.0422535211267605,2.972413793103448,1183333.3333333333,28618400000.0,1
0,0,1,2500000,9900000,6,623,15800000.0,3.96,1.595959595959596,2500000.0,9843400000.0,1
5,1,0,3200000,8700000,16,558,16000000.0,2.71875,1.839080459770115,533333.3333333334,8928000000.0,1
4,1,0,1700000,4300000,18,580,12200000.0,2.5294117647058822,2.8372093023255816,340000.0,7076000000.0,1
4,1,0,6300000,17600000,6,612,46000000.0,2.7936507936507935,2.6136363636363638,1260000.0,28152000000.0,1
4,1,1,700000,2400000,14,705,2800000.0,3.4285714285714284,1.1666666666666667,140000.0,1974000000.0,1
4,1,1,1100000,2700000,18,301,9200000.0,2.4545454545454546,3.4074074074074074,220000.0,2769200000.0,0
1,0,1,8900000,32000000,16,711,32800000.0,3.595505617977528,1.025,4450000.0,23320800000.0,1
3,1,0,300000,700000,20,735,2400000.0,2.3333333333333335,3.4285714285714284,75000.0,1764000000.0,1
1,0,0,2200000,5200000,14,682,11100000.0,2.3636363636363638,2.1346153846153846,1100000.0,7570200000.0,1
3,0,0,3400000,13500000,10,348,24500000.0,3.9705882352941178,1.8148148148148149,850000.0,8526000000.0,0
0,1,1,7900000,23500000,20,750,57300000.0,2.9746835443037973,2.4382978723404256,7900000.0,42975000000.0,1
3,0,1,5800000,18200000,16,835,29600000.0,3.1379310344827585,1.6263736263736264,1450000.0,24716000000.0,1
0,1,1,9400000,20000000,6,389,52700000.0,2.127659574468085,2.635,9400000.0,20500300000.0,0
2,1,0,4800000,18900000,4,866,36000000.0,3.9375,1.9047619047619047,1600000.0,31176000000.0,1
3,0,0,7600000,26600000,4,689,38800000.0,3.5,1.4586466165413534,1900000.0,26733200000.0,1
0,0,0,5900000,17600000,16,645,48100000.0,2.983050847457627,2.7329545454545454,5900000.0,31024500000.0,1
1,1,1,4300000,10100000,2,797,29900000.0,2.3488372093023258,2.9603960396039604,2150000.0,23830300000.0,1
5,1,0,6100000,17800000,6,849,37700000.0,2.918032786885246,2.1179775280898876,1016666.6666666666,32007300000.0,1
5,1,0,5400000,19700000,20,423,39500000.0,3.6481481481481484,2.00507614213198,900000.0,16708500000.0,0
1,0,1,5200000,11200000,2,370,43200000.0,2.1538461538461537,3.857142857142857,2600000.0,15984000000.0,0
5,0,0,8500000,31300000,12,378,73700000.0,3.6823529411764704,2.3546325878594248,1416666.6666666667,27858600000.0,0
4,0,0,900000,1900000,20,417,5500000.0,2.111111111111111,2.8947368421052633,180000.0,2293500000.0,0
1,0,0,1400000,4100000,20,530,7200000.0,2.9285714285714284,1.7560975609756098,700000.0,3816000000.0,0
1,0,1,2400000,9300000,20,543,9900000.0,3.875,1.064516129032258,1200000.0,5375700000.0,0
4,1,0,6300000,15000000,18,750,30400000.0,2.380952380952381,2.026666666666667,1260000.0,22800000000.0,1
1,1,0,3100000,7600000,20,346,17800000.0,2.4516129032258065,2.3421052631578947,1550000.0,6158800000.0,0
4,1,1,6900000,19000000,14,330,43600000.0,2.753623188405797,2.294736842105263,1380000.0,14388000000.0,0
2,0,1,3000000,7400000,10,712,21500000.0,2.466666666666667,2.9054054054054053,1000000.0,15308000000.0,1
0,0,0,3100000,10100000,14,376,24900000.0,3.2580645161290325,2.4653465346534653,3100000.0,9362400000.0,0
4,0,0,600000,1200000,14,338,3800000.0,2.0,3.1666666666666665,120000.0,1284400000.0,0
4,0,1,4700000,13700000,14,600,43200000.0,2.9148936170212765,3.153284671532847,940000.0,25920000000.0,1
1,1,0,2500000,6900000,20,495,17500000.0,2.76,2.536231884057971,1250000.0,8662500000.0,0
0,1,0,9700000,30400000,4,300,81000000.0,3.134020618556701,2.664473684210526,9700000.0,24300000000.0,1
4,0,1,7600000,20000000,18,691,48300000.0,2.6315789473684212,2.415,1520000.0,33375300000.0,1
1,1,0,8400000,24700000,8,519,52900000.0,2.9404761904761907,2.1417004048582995,4200000.0,27455100000.0,0
3,1,1,3800000,15100000,20,540,23300000.0,3.973684210526316,1.5430463576158941,950000.0,12582000000.0,0
3,0,1,3100000,11400000,16,562,17500000.0,3.6774193548387095,1.5350877192982457,775000.0,9835000000.0,1
2,0,0,5700000,21300000,10,323,34100000.0,3.736842105263158,1.6009389671361502,1900000.0,11014300000.0,0
1,1,1,5500000,19700000,10,312,40400000.0,3.581818181818182,2.050761421319797,2750000.0,12604800000.0,0
1,0,1,200000,600000,2,511,1600000.0,3.0,2.6666666666666665,100000.0,817600000.0,1
3,0,1,3700000,13800000,10,621,22000000.0,3.72972972972973,1.5942028985507246,925000.0,13662000000.0,1
2,0,1,1600000,4300000,20,512,12900000.0,2.6875,3.0,533333.3333333334,6604800000.0,0
4,1,0,3900000,11000000,2,786,22300000.0,2.8205128205128207,2.0272727272727273,780000.0,17527800000.0,1
3,0,1,700000,1600000,18,303,3700000.0,2.2857142857142856,2.3125,175000.0,1121100000.0,0
3,1,1,5800000,16700000,18,633,34900000.0,2.8793103448275863,2.089820359281437,1450000.0,22091700000.0,1
4,1,1,3800000,14000000,6,711,34400000.0,3.6842105263157894,2.4571428571428573,760000.0,24458400000.0,1
2,1,0,6400000,16900000,16,472,37900000.0,2.640625,2.242603550295858,2133333.3333333335,17888800000.0,0
1,1,1,5500000,12100000,4,350,39600000.0,2.2,3.272727272727273,2750000.0,13860000000.0,0
1,0,1,6800000,13700000,10,879,31900000.0,2.014705882352941,2.3284671532846715,3400000.0,28040100000.0,1
4,0,0,6700000,13400000,10,436,35500000.0,2.0,2.6492537313432836,1340000.0,15478000000.0,0
1,1,1,5300000,11500000,14,848,25300000.0,2.169811320754717,2.2,2650000.0,21454400000.0,1
2,1,0,6600000,23200000,16,555,43000000.0,3.515151515151515,1.853448275862069,2200000.0,23865000000.0,1
2,1,0,6600000,13100000,20,885,42000000.0,1.9848484848484849,3.2061068702290076,2200000.0,37170000000.0,1
0,0,0,7600000,25200000,6,888,55600000.0,3.3157894736842106,2.2063492063492065,7600000.0,49372800000.0,1
4,0,1,2500000,6100000,20,478,19400000.0,2.44,3.180327868852459,500000.0,9273200000.0,0
4,0,0,1100000,2500000,4,603,7700000.0,2.272727272727273,3.08,220000.0,4643100000.0,1
1,0,0,2300000,8200000,8,784,10700000.0,3.5652173913043477,1.3048780487804879,1150000.0,8388800000.0,1
1,1,1,3300000,11700000,4,682,22900000.0,3.5454545454545454,1.9572649572649572,1650000.0,15617800000.0,1
4,1,1,2600000,5900000,6,471,16100000.0,2.269230769230769,2.7288135593220337,520000.0,7583100000.0,0
4,0,1,9300000,36700000,20,808,64800000.0,3.946236559139785,1.7656675749318802,1860000.0,52358400000.0,1
4,0,0,5300000,18500000,8,470,32000000.0,3.490566037735849,1.7297297297297298,1060000.0,15040000000.0,0
2,0,0,5400000,13800000,20,574,24700000.0,2.5555555555555554,1.789855072463768,1800000.0,14177800000.0,1
4,0,1,3500000,12000000,8,314,23100000.0,3.4285714285714284,1.925,700000.0,7253400000.0,0
2,1,0,4200000,10200000,14,407,24900000.0,2.4285714285714284,2.4411764705882355,1400000.0,10134300000.0,0
0,0,1,9200000,34900000,4,702,66800000.0,3.7934782608695654,1.9140401146131805,9200000.0,46893600000.0,1
2,1,0,4300000,9800000,2,499,26600000.0,2.2790697674418605,2.7142857142857144,1433333.3333333333,13273400000.0,0
1,1,1,7500000,19900000,10,669,36000000.0,2.6533333333333333,1.8090452261306533,3750000.0,24084000000.0,1
5,0,1,5400000,18800000,20,326,37800000.0,3.4814814814814814,2.0106382978723403,900000.0,12322800000.0,0
3,0,0,5500000,16200000,18,778,36800000.0,2.9454545454545453,2.271604938271605,1375000.0,28630400000.0,1
2,0,1,2100000,4500000,2,787,15700000.0,2.142857142857143,3.488888888888889,700000.0,12355900000.0,1
0,1,0,3700000,12300000,16,831,23800000.0,3.324324324324324,1.934959349593496,3700000.0,19777800000.0,1
0,1,0,8800000,32900000,18,576,48200000.0,3.7386363636363638,1.465045592705167,8800000.0,27763200000.0,1
5,0,0,5800000,22800000,12,600,43500000.0,3.9310344827586206,1.9078947368421053,966666.6666666666,26100000000.0,1
4,1,0,7900000,30600000,2,569,38500000.0,3.8734177215189876,1.2581699346405228,1580000.0,21906500000.0,1
1,0,1,3100000,6300000,20,867,18600000.0,2.032258064516129,2.9523809523809526,1550000.0,16126200000.0,1
0,0,0,4100000,14500000,12,441,29800000.0,3.5365853658536586,2.0551724137931036,4100000.0,13141800000.0,0
2,0,1,9800000,32700000,2,304,56800000.0,3.336734693877551,1.7370030581039755,3266666.6666666665,17267200000.0,1
5,0,0,3300000,8400000,18,520,21800000.0,2.5454545454545454,2.5952380952380953,550000.0,11336000000.0,0
0,1,0,2000000,6200000,14,613,8600000.0,3.1,1.3870967741935485,2000000.0,5271800000.0,1
2,0,1,600000,1100000,8,885,2200000.0,1.8333333333333333,2.0,200000.0,1947000000.0,1
4,0,1,3600000,9500000,2,841,24900000.0,2.638888888888889,2.6210526315789475,720000.0,20940900000.0,1
2,0,0,7500000,29100000,20,815,56300000.0,3.88,1.9347079037800687,2500000.0,45884500000.0,1
5,1,1,200000,400000,18,822,1400000.0,2.0,3.5,33333.333333333336,1150800000.0,1
4,0,0,9900000,29100000,18,772,82000000.0,2.9393939393939394,2.8178694158075603,1980000.0,63304000000.0,1
5,1,1,6100000,22500000,6,776,46100000.0,3.6885245901639343,2.048888888888889,1016666.6666666666,35773600000.0,1
4,0,1,3500000,10300000,10,337,29600000.0,2.942857142857143,2.8737864077669903,700000.0,9975200000.0,0
0,0,1,7800000,19000000,12,333,70500000.0,2.4358974358974357,3.710526315789474,7800000.0,23476500000.0,0
3,0,1,8700000,29300000,4,312,46700000.0,3.367816091954023,1.5938566552901023,2175000.0,14570400000.0,1
2,1,1,5500000,12400000,14,842,34100000.0,2.2545454545454544,2.75,1833333.3333333333,28712200000.0,1
3,1,1,1800000,5100000,8,790,5800000.0,2.8333333333333335,1.1372549019607843,450000.0,4582000000.0,1
2,1,0,8000000,31900000,16,806,50300000.0,3.9875,1.5768025078369905,2666666.6666666665,40541800000.0,1
5,0,1,7500000,17000000,8,300,41700000.0,2.2666666666666666,2.4529411764705884,1250000.0,12510000000.0,0
5,1,1,3700000,12000000,12,605,23000000.0,3.2432432432432434,1.9166666666666667,616666.6666666666,13915000000.0,1
2,1,1,1600000,4700000,12,582,9000000.0,2.9375,1.9148936170212767,533333.3333333334,5238000000.0,1
5,1,0,1300000,2700000,6,607,8600000.0,2.076923076923077,3.185185185185185,216666.66666666666,5220200000.0,1
5,1,1,2400000,8200000,10,709,17400000.0,3.4166666666666665,2.1219512195121952,400000.0,12336600000.0,1
4,1,1,4100000,11600000,14,854,25800000.0,2.8292682926829267,2.2241379310344827,820000.0,22033200000.0,1
2,0,1,7300000,15200000,20,776,54800000.0,2.0821917808219177,3.6052631578947367,2433333.3333333335,42524800000.0,1
1,1,1,8000000,24600000,12,649,43400000.0,3.075,1.7642276422764227,4000000.0,28166600000.0,1
3,0,0,7900000,28000000,4,394,58100000.0,3.5443037974683542,2.075,1975000.0,22891400000.0,1
4,0,0,7200000,18900000,16,371,44500000.0,2.625,2.3544973544973544,1440000.0,16509500000.0,0
3,0,0,6200000,13200000,14,707,53400000.0,2.129032258064516,4.045454545454546,1550000.0,37753800000.0,1
2,0,1,5700000,18100000,20,491,28500000.0,3.175438596491228,1.574585635359116,1900000.0,13993500000.0,0
0,1,1,5800000,14100000,16,570,32500000.0,2.4310344827586206,2.3049645390070923,5800000.0,18525000000.0,1
1,0,0,900000,3500000,18,395,7600000.0,3.888888888888889,2.1714285714285713,450000.0,3002000000.0,0
0,0,1,2200000,7500000,10,497,11900000.0,3.409090909090909,1.5866666666666667,2200000.0,5914300000.0,0
3,0,1,1800000,5300000,14,440,6800000.0,2.9444444444444446,1.2830188679245282,450000.0,2992000000.0,0
0,0,1,800000,2400000,16,825,4900000.0,3.0,2.0416666666666665,800000.0,4042500000.0,1
2,1,1,7600000,18100000,14,320,53900000.0,2.3815789473684212,2.977900552486188,2533333.3333333335,17248000000.0,0
2,1,1,4100000,13500000,4,846,30500000.0,3.292682926829268,2.259259259259259,1366666.6666666667,25803000000.0,1
3,1,1,4600000,10900000,12,856,31300000.0,2.369565217391304,2.871559633027523,1150000.0,26792800000.0,1
3,1,0,2300000,6800000,10,418,13200000.0,2.9565217391304346,1.9411764705882353,575000.0,5517600000.0,0
0,0,1,8000000,21100000,6,306,64800000.0,2.6375,3.071090047393365,8000000.0,19828800000.0,0
2,0,1,3800000,14500000,16,567,18500000.0,3.8157894736842106,1.2758620689655173,1266666.6666666667,10489500000.0,1
2,0,1,9500000,36800000,6,493,76200000.0,3.873684210526316,2.0706521739130435,3166666.6666666665,37566600000.0,0
2,1,0,9300000,21200000,2,509,47800000.0,2.2795698924731185,2.2547169811320753,3100000.0,24330200000.0,0
4,1,0,4700000,17000000,4,364,32500000.0,3.617021276595745,1.911764705882353,940000.0,11830000000.0,1
5,0,0,6000000,24000000,20,639,29300000.0,4.0,1.2208333333333334,1000000.0,18722700000.0,1
2,1,1,5500000,21700000,2,309,42000000.0,3.9454545454545453,1.935483870967742,1833333.3333333333,12978000000.0,1
0,0,1,4600000,14800000,6,433,34500000.0,3.217391304347826,2.331081081081081,4600000.0,14938500000.0,0
5,0,0,9900000,33600000,20,580,69900000.0,3.393939393939394,2.080357142857143,1650000.0,40542000000.0,1
1,1,1,6200000,16200000,4,888,46000000.0,2.6129032258064515,2.8395061728395063,3100000.0,40848000000.0,1
4,0,1,400000,1100000,6,644,3300000.0,2.75,3.0,80000.0,2125200000.0,1
1,0,1,7800000,22200000,10,763,44500000.0,2.8461538461538463,2.0045045045045047,3900000.0,33953500000.0,1
0,1,1,2900000,10800000,20,694,19300000.0,3.7241379310344827,1.787037037037037,2900000.0,13394200000.0,1
3,0,0,500000,1200000,6,757,3200000.0,2.4,2.6666666666666665,125000.0,2422400000.0,1
0,0,0,2500000,6900000,12,471,17800000.0,2.76,2.579710144927536,2500000.0,8383800000.0,0
5,0,0,9000000,35200000,2,437,64900000.0,3.911111111111111,1.84375,1500000.0,28361300000.0,1
4,0,1,5200000,11400000,10,406,34100000.0,2.1923076923076925,2.991228070175439,1040000.0,13844600000.0,0
5,0,0,6000000,19700000,20,376,48000000.0,3.283333333333333,2.436548223350254,1000000.0,18048000000.0,0
1,1,0,5100000,13800000,14,350,24600000.0,2.7058823529411766,1.7826086956521738,2550000.0,8610000000.0,0
5,0,1,8000000,22500000,20,784,51700000.0,2.8125,2.2977777777777777,1333333.3333333333,40532800000.0,1
4,1,1,9200000,25400000,14,765,58500000.0,2.760869565217391,2.3031496062992125,1840000.0,44752500000.0,1
4,0,0,9800000,32200000,18,593,58200000.0,3.2857142857142856,1.8074534161490683,1960000.0,34512600000.0,1
3,1,1,7600000,30000000,10,344,71400000.0,3.9473684210526314,2.38,1900000.0,24561600000.0,0
1,1,0,5100000,11800000,12,314,39600000.0,2.3137254901960786,3.3559322033898304,2550000.0,12434400000.0,0
4,1,1,1500000,3300000,16,382,6900000.0,2.2,2.090909090909091,300000.0,2635800000.0,0
2,0,1,6200000,16500000,4,510,43300000.0,2.661290322580645,2.624242424242424,2066666.6666666667,22083000000.0,0
2,1,1,6300000,24600000,8,464,29800000.0,3.9047619047619047,1.2113821138211383,2100000.0,13827200000.0,0
1,1,1,5500000,14900000,2,403,40100000.0,2.709090909090909,2.6912751677852347,2750000.0,16160300000.0,0
3,0,0,8100000,30400000,12,606,45500000.0,3.753086419753086,1.4967105263157894,2025000.0,27573000000.0,1
1,1,0,6300000,22000000,20,646,36400000.0,3.492063492063492,1.6545454545454545,3150000.0,23514400000.0,1
1,1,0,1100000,3600000,20,495,6300000.0,3.272727272727273,1.75,550000.0,3118500000.0,0
3,0,1,7200000,21600000,2,626,42800000.0,3.0,1.9814814814814814,1800000.0,26792800000.0,1
1,0,1,3000000,6000000,16,518,21000000.0,2.0,3.5,1500000.0,10878000000.0,0
5,1,0,2700000,7600000,8,746,13700000.0,2.814814814814815,1.8026315789473684,450000.0,10220200000.0,1
0,0,0,5000000,16300000,12,737,22200000.0,3.26,1.361963190184049,5000000.0,16361400000.0,1
0,0,0,8400000,22300000,14,371,43400000.0,2.6547619047619047,1.946188340807175,8400000.0,16101400000.0,0
1,1,0,7700000,27300000,8,509,43300000.0,3.5454545454545454,1.586080586080586,3850000.0,22039700000.0,0
1,1,0,4700000,14000000,2,411,24000000.0,2.978723404255319,1.7142857142857142,2350000.0,9864000000.0,0
2,0,0,4300000,11800000,20,701,33700000.0,2.744186046511628,2.8559322033898304,1433333.3333333333,23623700000.0,1
5,0,0,2500000,8800000,10,769,16200000.0,3.52,1.8409090909090908,416666.6666666667,12457800000.0,1
5,0,1,4400000,12500000,6,740,25800000.0,2.840909090909091,2.064,733333.3333333334,19092000000.0,1
5,0,0,5700000,11600000,4,892,43500000.0,2.0350877192982457,3.75,950000.0,38802000000.0,1
2,0,0,5300000,13100000,14,417,36100000.0,2.4716981132075473,2.7557251908396947,1766666.6666666667,15053700000.0,0
5,1,0,4600000,14400000,6,785,33700000.0,3.130434782608696,2.3402777777777777,766666.6666666666,26454500000.0,1
3,0,0,400000,1100000,16,504,1800000.0,2.75,1.6363636363636365,100000.0,907200000.0,0
0,0,0,2100000,5900000,14,402,10200000.0,2.8095238095238093,1.728813559322034,2100000.0,4100400000.0,0
2,1,1,1200000,3500000,16,540,9200000.0,2.9166666666666665,2.6285714285714286,400000.0,4968000000.0,0
2,1,1,8000000,28400000,10,607,55800000.0,3.55,1.9647887323943662,2666666.6666666665,33870600000.0,1
1,1,1,5000000,19400000,10,410,34000000.0,3.88,1.7525773195876289,2500000.0,13940000000.0,0
0,0,0,8500000,17200000,12,624,38600000.0,2.023529411764706,2.244186046511628,8500000.0,24086400000.0,1
4,1,0,4600000,16600000,16,805,27100000.0,3.608695652173913,1.6325301204819278,920000.0,21815500000.0,1
2,1,0,4600000,16100000,18,709,35300000.0,3.5,2.1925465838509317,1533333.3333333333,25027700000.0,1
2,0,1,8500000,30900000,14,511,55100000.0,3.635294117647059,1.7831715210355987,2833333.3333333335,28156100000.0,0
1,1,1,7800000,25100000,18,766,40900000.0,3.217948717948718,1.6294820717131475,3900000.0,31329400000.0,1
3,0,1,1400000,3800000,16,451,10000000.0,2.7142857142857144,2.6315789473684212,350000.0,4510000000.0,0
1,0,1,3700000,10200000,4,447,20000000.0,2.7567567567567566,1.9607843137254901,1850000.0,8940000000.0,0
3,0,1,1000000,2500000,18,763,5000000.0,2.5,2.0,250000.0,3815000000.0,1
5,0,0,900000,3100000,20,834,5300000.0,3.4444444444444446,1.7096774193548387,150000.0,4420200000.0,1
2,1,0,5600000,19500000,8,429,36600000.0,3.482142857142857,1.876923076923077,1866666.6666666667,15701400000.0,0
4,0,0,3200000,10600000,16,693,24900000.0,3.3125,2.349056603773585,640000.0,17255700000.0,1
1,1,0,2900000,11100000,20,478,18600000.0,3.8275862068965516,1.6756756756756757,1450000.0,8890800000.0,0
2,1,1,300000,800000,10,752,2300000.0,2.6666666666666665,2.875,100000.0,1729600000.0,1
0,1,1,2400000,5900000,14,319,19000000.0,2.4583333333333335,3.2203389830508473,2400000.0,6061000000.0,0
3,1,0,5000000,17600000,8,303,35600000.0,3.52,2.022727272727273,1250000.0,10786800000.0,0
3,0,1,5000000,16700000,20,420,31700000.0,3.34,1.8982035928143712,1250000.0,13314000000.0,0
2,0,1,200000,600000,8,552,1500000.0,3.0,2.5,66666.66666666667,828000000.0,1
3,0,1,6000000,16000000,12,606,41300000.0,2.6666666666666665,2.58125,1500000.0,25027800000.0,1
2,0,0,5600000,13700000,2,558,35600000.0,2.4464285714285716,2.5985401459854014,1866666.6666666667,19864800000.0,1
1,0,0,4500000,12400000,6,504,30500000.0,2.7555555555555555,2.4596774193548385,2250000.0,15372000000.0,0
5,0,1,200000,300000,8,412,6400000.0,1.5,21.333333333333332,33333.333333333336,2636800000.0,0
4,0,1,6200000,18300000,4,900,42000000.0,2.9516129032258065,2.2950819672131146,1240000.0,37800000000.0,1
4,0,1,9800000,23800000,8,634,65800000.0,2.4285714285714284,2.764705882352941,1960000.0,41717200000.0,1
5,1,1,3900000,9000000,8,340,25900000.0,2.3076923076923075,2.8777777777777778,650000.0,8806000000.0,0
3,0,1,8300000,20900000,4,615,33200000.0,2.5180722891566263,1.5885167464114833,2075000.0,20418000000.0,1
2,1,1,4900000,12200000,18,353,25200000.0,2.489795918367347,2.0655737704918034,1633333.3333333333,8895600000.0,0
4,1,1,6900000,16300000,8,606,34000000.0,2.36231884057971,2.085889570552147,1380000.0,20604000000.0,1
2,0,0,4500000,14500000,18,498,26400000.0,3.2222222222222223,1.8206896551724139,1500000.0,13147200000.0,0
4,0,0,7500000,21900000,2,585,54600000.0,2.92,2.493150684931507,1500000.0,31941000000.0,1
1,0,1,2300000,6400000,8,578,15400000.0,2.782608695652174,2.40625,1150000.0,8901200000.0,1
1,1,0,7400000,15500000,2,693,46900000.0,2.0945945945945947,3.0258064516129033,3700000.0,32501700000.0,1
4,1,0,4800000,14300000,6,795,19600000.0,2.9791666666666665,1.3706293706293706,960000.0,15582000000.0,1
1,1,0,2600000,9900000,6,594,16400000.0,3.8076923076923075,1.6565656565656566,1300000.0,9741600000.0,1
3,0,1,2700000,10600000,8,840,14400000.0,3.925925925925926,1.3584905660377358,675000.0,12096000000.0,1
3,0,0,3700000,10900000,16,301,23100000.0,2.945945945945946,2.1192660550458715,925000.0,6953100000.0,0
4,1,1,2600000,9400000,18,481,18100000.0,3.6153846153846154,1.925531914893617,520000.0,8706100000.0,0
5,0,1,8800000,23100000,16,531,53500000.0,2.625,2.316017316017316,1466666.6666666667,28408500000.0,0
2,0,0,7500000,15400000,8,332,40500000.0,2.0533333333333332,2.6298701298701297,2500000.0,13446000000.0,0
0,1,0,4700000,18500000,4,516,25900000.0,3.9361702127659575,1.4,4700000.0,13364400000.0,1
2,0,0,7100000,26600000,6,727,55300000.0,3.7464788732394365,2.0789473684210527,2366666.6666666665,40203100000.0,1
3,0,1,5500000,19300000,10,344,34700000.0,3.5090909090909093,1.7979274611398963,1375000.0,11936800000.0,0
2,1,0,9500000,31500000,12,650,67800000.0,3.3157894736842106,2.1523809523809523,3166666.6666666665,44070000000.0,1
3,1,1,4200000,15400000,8,362,36300000.0,3.6666666666666665,2.357142857142857,1050000.0,13140600000.0,0
5,1,1,6900000,18600000,18,307,37800000.0,2.6956521739130435,2.032258064516129,1150000.0,11604600000.0,0
5,1,0,9900000,24600000,2,530,70400000.0,2.484848484848485,2.861788617886179,1650000.0,37312000000.0,0
5,1,0,6700000,17700000,6,482,37800000.0,2.6417910447761193,2.135593220338983,1116666.6666666667,18219600000.0,0
0,0,1,9300000,22200000,14,701,52300000.0,2.3870967741935485,2.355855855855856,9300000.0,36662300000.0,1
2,1,0,5600000,17200000,16,586,34400000.0,3.0714285714285716,2.0,1866666.6666666667,20158400000.0,1
0,1,1,8100000,17600000,16,384,70400000.0,2.1728395061728394,4.0,8100000.0,27033600000.0,0
4,0,0,6000000,18000000,18,882,28900000.0,3.0,1.6055555555555556,1200000.0,25489800000.0,1
5,0,1,4200000,11200000,2,758,25200000.0,2.6666666666666665,2.25,700000.0,19101600000.0,1
5,1,0,1600000,4000000,18,529,8800000.0,2.5,2.2,266666.6666666667,4655200000.0,0
3,1,1,800000,1500000,2,589,4800000.0,1.875,3.2,200000.0,2827200000.0,1
1,1,0,500000,1300000,6,670,3600000.0,2.6,2.769230769230769,250000.0,2412000000.0,1
5,0,1,4300000,14100000,12,532,34900000.0,3.2790697674418605,2.475177304964539,716666.6666666666,18566800000.0,0
0,0,0,4000000,12500000,18,868,28500000.0,3.125,2.28,4000000.0,24738000000.0,1
2,0,0,2900000,7300000,2,776,23200000.0,2.5172413793103448,3.1780821917808217,966666.6666666666,18003200000.0,1
5,1,1,2300000,9100000,16,644,16300000.0,3.9565217391304346,1.7912087912087913,383333.3333333333,10497200000.0,1
0,1,1,1800000,6000000,12,658,12100000.0,3.3333333333333335,2.0166666666666666,1800000.0,7961800000.0,1
1,1,1,8700000,33900000,10,766,45500000.0,3.896551724137931,1.3421828908554572,4350000.0,34853000000.0,1
3,0,0,7800000,21100000,12,717,38000000.0,2.7051282051282053,1.8009478672985781,1950000.0,27246000000.0,1
2,1,0,3200000,6300000,10,339,15200000.0,1.96875,2.4126984126984126,1066666.6666666667,5152800000.0,0
0,0,0,1600000,4500000,18,463,8000000.0,2.8125,1.7777777777777777,1600000.0,3704000000.0,0
4,0,0,2400000,7300000,4,540,12800000.0,3.0416666666666665,1.7534246575342465,480000.0,6912000000.0,1
1,1,0,1800000,5900000,16,804,9300000.0,3.2777777777777777,1.576271186440678,900000.0,7477200000.0,1
1,1,0,7500000,16000000,10,541,48300000.0,2.1333333333333333,3.01875,3750000.0,26130300000.0,0
4,0,1,6700000,18400000,10,371,23400000.0,2.746268656716418,1.2717391304347827,1340000.0,8681400000.0,0
5,1,0,5800000,13700000,6,369,28300000.0,2.3620689655172415,2.065693430656934,966666.6666666666,10442700000.0,0
0,0,0,500000,1800000,2,651,2600000.0,3.6,1.4444444444444444,500000.0,1692600000.0,1
0,1,1,9400000,30700000,10,477,52000000.0,3.265957446808511,1.6938110749185669,9400000.0,24804000000.0,0
4,0,0,1600000,6200000,18,554,10600000.0,3.875,1.7096774193548387,320000.0,5872400000.0,1
0,1,1,9300000,25000000,14,362,74300000.0,2.6881720430107525,2.972,9300000.0,26896600000.0,0
5,1,0,3700000,14000000,2,469,15200000.0,3.7837837837837838,1.0857142857142856,616666.6666666666,7128800000.0,1
3,0,0,900000,1900000,12,547,6200000.0,2.111111111111111,3.263157894736842,225000.0,3391400000.0,0
4,0,0,500000,1300000,6,809,1900000.0,2.6,1.4615384615384615,100000.0,1537100000.0,1
1,1,1,7800000,16200000,2,335,47900000.0,2.076923076923077,2.95679012345679,3900000.0,16046500000.0,0
5,0,1,5300000,13700000,18,708,33600000.0,2.5849056603773586,2.4525547445255476,883333.3333333334,23788800000.0,1
0,1,0,300000,700000,16,779,1600000.0,2.3333333333333335,2.2857142857142856,300000.0,1246400000.0,1
0,1,1,5000000,19900000,6,748,31100000.0,3.98,1.5628140703517588,5000000.0,23262800000.0,1
0,1,0,7900000,28600000,18,541,33300000.0,3.6202531645569622,1.1643356643356644,7900000.0,18015300000.0,0
4,1,0,5300000,15800000,2,527,32600000.0,2.981132075471698,2.0632911392405062,1060000.0,17180200000.0,0
0,0,1,5500000,15300000,4,859,38400000.0,2.7818181818181817,2.5098039215686274,5500000.0,32985600000.0,1
0,1,0,1500000,5600000,18,604,10600000.0,3.7333333333333334,1.8928571428571428,1500000.0,6402400000.0,1
5,1,0,6600000,20100000,18,348,39100000.0,3.0454545454545454,1.945273631840796,1100000.0,13606800000.0,0
4,1,1,6200000,16200000,20,734,31800000.0,2.6129032258064515,1.962962962962963,1240000.0,23341200000.0,1
3,1,0,6300000,17000000,16,388,33100000.0,2.6984126984126986,1.9470588235294117,1575000.0,12842800000.0,0
0,1,1,3800000,8100000,20,831,17900000.0,2.1315789473684212,2.2098765432098766,3800000.0,14874900000.0,1
5,0,0,500000,1500000,6,433,9000000.0,3.0,6.0,83333.33333333333,3897000000.0,0
2,1,1,5000000,15900000,16,699,40000000.0,3.18,2.5157232704402515,1666666.6666666667,27960000000.0,1
0,0,0,4500000,17100000,8,303,37200000.0,3.8,2.175438596491228,4500000.0,11271600000.0,0
4,0,0,1000000,3800000,2,611,6600000.0,3.8,1.736842105263158,200000.0,4032600000.0,1
2,1,0,1700000,3700000,20,558,13000000.0,2.176470588235294,3.5135135135135136,566666.6666666666,7254000000.0,1
4,1,1,1200000,4800000,2,752,7300000.0,4.0,1.5208333333333333,240000.0,5489600000.0,1
5,0,1,8500000,25800000,14,786,68600000.0,3.0352941176470587,2.6589147286821704,1416666.6666666667,53919600000.0,1
0,1,0,8600000,29000000,18,481,56900000.0,3.372093023255814,1.9620689655172414,8600000.0,27368900000.0,0
2,1,0,400000,1300000,16,507,2200000.0,3.25,1.6923076923076923,133333.33333333334,1115400000.0,0
4,1,0,8700000,19800000,14,715,67400000.0,2.2758620689655173,3.404040404040404,1740000.0,48191000000.0,1
0,0,0,1800000,5700000,20,392,11100000.0,3.1666666666666665,1.9473684210526316,1800000.0,4351200000.0,0
0,1,1,4700000,17700000,16,887,26100000.0,3.765957446808511,1.4745762711864407,4700000.0,23150700000.0,1
0,0,0,7300000,21600000,2,479,53600000.0,2.958904109589041,2.4814814814814814,7300000.0,25674400000.0,0
2,1,0,8400000,32100000,20,328,48400000.0,3.8214285714285716,1.5077881619937694,2800000.0,15875200000.0,0
2,1,1,4800000,12900000,8,740,24900000.0,2.6875,1.930232558139535,1600000.0,18426000000.0,1
2,1,0,9200000,34200000,2,456,55000000.0,3.717391304347826,1.608187134502924,3066666.6666666665,25080000000.0,1
1,0,0,6200000,21100000,10,467,54900000.0,3.403225806451613,2.6018957345971563,3100000.0,25638300000.0,0
0,1,1,200000,700000,10,587,6400000.0,3.5,9.142857142857142,200000.0,3756800000.0,0
0,0,1,2500000,6700000,16,569,15400000.0,2.68,2.298507462686567,2500000.0,8762600000.0,1
3,0,1,8000000,24400000,14,399,56700000.0,3.05,2.3237704918032787,2000000.0,22623300000.0,0
1,0,0,4600000,15200000,4,593,33200000.0,3.3043478260869565,2.1842105263157894,2300000.0,19687600000.0,1
3,0,1,4900000,12700000,8,409,28500000.0,2.5918367346938775,2.2440944881889764,1225000.0,11656500000.0,0
4,0,0,9500000,21300000,18,353,57700000.0,2.2421052631578946,2.708920187793427,1900000.0,20368100000.0,0
5,1,1,4500000,11600000,20,306,24300000.0,2.577777777777778,2.0948275862068964,750000.0,7435800000.0,0
2,1,1,5900000,14200000,12,499,45400000.0,2.406779661016949,3.1971830985915495,1966666.6666666667,22654600000.0,0
4,1,0,4200000,14600000,6,324,26900000.0,3.4761904761904763,1.8424657534246576,840000.0,8715600000.0,0
2,0,1,3300000,11300000,6,647,28300000.0,3.4242424242424243,2.504424778761062,1100000.0,18310100000.0,1
2,1,1,4900000,12600000,2,767,25300000.0,2.5714285714285716,2.007936507936508,1633333.3333333333,19405100000.0,1
4,0,0,5300000,10700000,12,821,45800000.0,2.018867924528302,4.280373831775701,1060000.0,37601800000.0,1
4,0,0,7200000,17700000,6,338,54200000.0,2.4583333333333335,3.062146892655367,1440000.0,18319600000.0,0
0,1,0,8400000,24300000,4,785,57100000.0,2.892857142857143,2.3497942386831276,8400000.0,44823500000.0,1
3,1,0,3800000,11800000,4,694,13900000.0,3.1052631578947367,1.1779661016949152,950000.0,9646600000.0,1
0,0,0,9900000,22300000,20,613,65800000.0,2.2525252525252526,2.9506726457399104,9900000.0,40335400000.0,1
4,1,1,2900000,8300000,10,318,25800000.0,2.8620689655172415,3.108433734939759,580000.0,8204400000.0,0
3,0,1,6000000,18700000,18,783,40400000.0,3.1166666666666667,2.160427807486631,1500000.0,31633200000.0,1
2,0,0,1700000,5300000,20,761,7900000.0,3.1176470588235294,1.490566037735849,566666.6666666666,6011900000.0,1
4,1,1,5300000,12000000,10,329,48000000.0,2.2641509433962264,4.0,1060000.0,15792000000.0,0
5,0,1,7500000,15000000,14,661,52200000.0,2.0,3.48,1250000.0,34504200000.0,1
4,0,0,400000,900000,18,339,1900000.0,2.25,2.111111111111111,80000.0,644100000.0,0
1,1,1,8300000,17700000,10,673,61900000.0,2.1325301204819276,3.4971751412429377,4150000.0,41658700000.0,1
3,1,0,4500000,16900000,18,748,37400000.0,3.7555555555555555,2.21301775147929,1125000.0,27975200000.0,1
3,1,0,4600000,10000000,4,702,28900000.0,2.1739130434782608,2.89,1150000.0,20287800000.0,1
4,0,0,4700000,10300000,12,710,38700000.0,2.1914893617021276,3.7572815533980584,940000.0,27477000000.0,1
0,1,1,900000,3500000,6,331,8400000.0,3.888888888888889,2.4,900000.0,2780400000.0,0
1,0,0,2400000,7600000,12,372,18100000.0,3.1666666666666665,2.3815789473684212,1200000.0,6733200000.0,0
0,0,1,3900000,9600000,10,783,26800000.0,2.4615384615384617,2.7916666666666665,3900000.0,20984400000.0,1
0,1,0,8300000,31400000,18,558,48400000.0,3.783132530120482,1.5414012738853504,8300000.0,27007200000.0,1
4,1,1,4700000,13000000,6,552,28200000.0,2.765957446808511,2.169230769230769,940000.0,15566400000.0,1
4,0,0,3900000,10600000,20,544,23000000.0,2.717948717948718,2.169811320754717,780000.0,12512000000.0,0
2,0,0,400000,1000000,6,425,2100000.0,2.5,2.1,133333.33333333334,892500000.0,0
2,0,1,1700000,5100000,18,321,11400000.0,3.0,2.235294117647059,566666.6666666666,3659400000.0,0
2,1,1,6100000,15500000,8,758,33400000.0,2.540983606557377,2.1548387096774193,2033333.3333333333,25317200000.0,1
5,1,1,7300000,19600000,10,373,45200000.0,2.684931506849315,2.306122448979592,1216666.6666666667,16859600000.0,0
3,0,1,300000,500000,6,876,1800000.0,1.6666666666666667,3.6,75000.0,1576800000.0,1
2,0,0,4300000,14500000,10,594,31400000.0,3.372093023255814,2.1655172413793102,1433333.3333333333,18651600000.0,1
3,0,0,7000000,18400000,18,837,31800000.0,2.6285714285714286,1.7282608695652173,1750000.0,26616600000.0,1
0,0,1,4900000,16500000,4,600,31800000.0,3.36734693877551,1.9272727272727272,4900000.0,19080000000.0,1
4,1,0,6200000,12400000,20,547,50200000.0,2.0,4.048387096774194,1240000.0,27459400000.0,0
1,0,0,4100000,15800000,12,431,37900000.0,3.8536585365853657,2.3987341772151898,2050000.0,16334900000.0,0
0,0,1,7300000,22600000,12,851,36800000.0,3.095890410958904,1.6283185840707965,7300000.0,31316800000.0,1
4,0,1,9200000,28100000,12,760,68100000.0,3.0543478260869565,2.4234875444839856,1840000.0,51756000000.0,1
0,0,0,800000,2400000,2,716,5400000.0,3.0,2.25,800000.0,3866400000.0,1
4,0,0,2900000,11200000,10,744,19500000.0,3.8620689655172415,1.7410714285714286,580000.0,14508000000.0,1
3,0,0,8100000,21600000,4,740,52900000.0,2.6666666666666665,2.449074074074074,2025000.0,39146000000.0,1
0,1,0,9300000,20300000,14,759,76000000.0,2.182795698924731,3.7438423645320196,9300000.0,57684000000.0,1
4,1,1,9200000,29400000,14,517,48500000.0,3.1956521739130435,1.6496598639455782,1840000.0,25074500000.0,0
3,0,1,3100000,6300000,18,895,20400000.0,2.032258064516129,3.238095238095238,775000.0,18258000000.0,1
3,0,1,7000000,15400000,20,315,49800000.0,2.2,3.2337662337662336,1750000.0,15687000000.0,0
4,0,0,3900000,8800000,14,527,27500000.0,2.2564102564102564,3.125,780000.0,14492500000.0,0
3,1,0,5500000,19800000,14,853,28900000.0,3.6,1.4595959595959596,1375000.0,24651700000.0,1
0,1,0,6600000,13700000,20,747,35900000.0,2.0757575757575757,2.6204379562043796,6600000.0,26817300000.0,1
2,0,0,9900000,31600000,16,892,65800000.0,3.191919191919192,2.0822784810126582,3300000.0,58693600000.0,1
4,1,1,6600000,20500000,8,856,48700000.0,3.106060606060606,2.375609756097561,1320000.0,41687200000.0,1
3,1,0,8600000,23600000,4,324,50400000.0,2.744186046511628,2.135593220338983,2150000.0,16329600000.0,0
5,1,0,7900000,28600000,12,812,68200000.0,3.6202531645569622,2.3846153846153846,1316666.6666666667,55378400000.0,1
5,1,1,6800000,22600000,2,804,44100000.0,3.323529411764706,1.9513274336283186,1133333.3333333333,35456400000.0,1
4,1,0,700000,1800000,8,874,4200000.0,2.5714285714285716,2.3333333333333335,140000.0,3670800000.0,1
2,0,1,3800000,10000000,12,516,25900000.0,2.6315789473684212,2.59,1266666.6666666667,13364400000.0,0
5,1,1,6900000,18300000,4,402,55000000.0,2.652173913043478,3.0054644808743167,1150000.0,22110000000.0,0
1,1,1,3700000,12400000,12,330,17600000.0,3.3513513513513513,1.4193548387096775,1850000.0,5808000000.0,0
1,1,0,7900000,24000000,12,867,70600000.0,3.037974683544304,2.941666666666667,3950000.0,61210200000.0,1
4,1,1,8800000,34200000,16,844,61100000.0,3.8863636363636362,1.786549707602339,1760000.0,51568400000.0,1
5,0,1,3300000,7800000,8,310,19400000.0,2.3636363636363638,2.4871794871794872,550000.0,6014000000.0,0
4,0,0,5800000,14200000,20,535,38700000.0,2.4482758620689653,2.7253521126760565,1160000.0,20704500000.0,0
1,1,1,7400000,29500000,16,323,51900000.0,3.9864864864864864,1.759322033898305,3700000.0,16763700000.0,0
1,1,0,8200000,25600000,4,686,29600000.0,3.1219512195121952,1.15625,4100000.0,20305600000.0,1
0,0,1,3300000,9600000,8,465,18500000.0,2.909090909090909,1.9270833333333333,3300000.0,8602500000.0,0
4,1,1,5300000,10700000,12,547,28500000.0,2.018867924528302,2.663551401869159,1060000.0,15589500000.0,0
1,0,0,5700000,19100000,12,649,40500000.0,3.3508771929824563,2.1204188481675392,2850000.0,26284500000.0,1
2,0,0,9000000,31000000,14,670,70700000.0,3.4444444444444446,2.2806451612903227,3000000.0,47369000000.0,1
3,1,0,5900000,14400000,10,408,34200000.0,2.440677966101695,2.375,1475000.0,13953600000.0,0
2,0,0,5400000,11900000,6,303,46500000.0,2.2037037037037037,3.907563025210084,1800000.0,14089500000.0,0
0,1,0,9800000,34800000,14,497,38600000.0,3.5510204081632653,1.1091954022988506,9800000.0,19184200000.0,0
4,1,1,9800000,34100000,14,740,55600000.0,3.479591836734694,1.6304985337243403,1960000.0,41144000000.0,1
4,0,1,3800000,8200000,4,309,28300000.0,2.1578947368421053,3.451219512195122,760000.0,8744700000.0,0
0,0,0,9500000,24400000,14,769,61800000.0,2.568421052631579,2.5327868852459017,9500000.0,47524200000.0,1
3,1,1,2500000,7100000,6,420,18800000.0,2.84,2.647887323943662,625000.0,7896000000.0,0
1,1,0,1900000,6000000,20,540,8100000.0,3.1578947368421053,1.35,950000.0,4374000000.0,0
5,1,1,4400000,10600000,20,806,26600000.0,2.409090909090909,2.509433962264151,733333.3333333334,21439600000.0,1
4,1,1,1400000,2900000,6,723,10100000.0,2.0714285714285716,3.4827586206896552,280000.0,7302300000.0,1
5,0,1,3200000,11800000,16,565,21800000.0,3.6875,1.847457627118644,533333.3333333334,12317000000.0,1
1,1,1,3100000,9200000,16,374,16500000.0,2.967741935483871,1.7934782608695652,1550000.0,6171000000.0,0
4,1,0,4500000,9900000,10,509,29100000.0,2.2,2.9393939393939394,900000.0,14811900000.0,0
3,0,1,9300000,23500000,16,728,50500000.0,2.5268817204301075,2.148936170212766,2325000.0,36764000000.0,1
2,1,0,6900000,18200000,20,396,48200000.0,2.63768115942029,2.6483516483516483,2300000.0,19087200000.0,0
0,0,1,3900000,8600000,2,667,26400000.0,2.2051282051282053,3.0697674418604652,3900000.0,17608800000.0,1
5,0,0,3200000,7400000,12,583,29100000.0,2.3125,3.9324324324324325,533333.3333333334,16965300000.0,1
1,0,1,5600000,21100000,10,459,33100000.0,3.767857142857143,1.5687203791469195,2800000.0,15192900000.0,0
4,0,1,3700000,11900000,18,635,28400000.0,3.2162162162162162,2.3865546218487395,740000.0,18034000000.0,1
3,0,0,8400000,27200000,12,604,58600000.0,3.238095238095238,2.1544117647058822,2100000.0,35394400000.0,1
0,0,1,4200000,8900000,14,796,22700000.0,2.119047619047619,2.550561797752809,4200000.0,18069200000.0,1
4,1,0,3800000,8500000,10,416,30000000.0,2.236842105263158,3.5294117647058822,760000.0,12480000000.0,0
3,1,0,3200000,8200000,8,311,22800000.0,2.5625,2.7804878048780486,800000.0,7090800000.0,0
1,1,0,9700000,33900000,10,833,75700000.0,3.4948453608247423,2.2330383480825957,4850000.0,63058100000.0,1
1,0,1,4300000,9400000,6,543,31600000.0,2.186046511627907,3.3617021276595747,2150000.0,17158800000.0,0
5,1,1,8100000,20300000,18,751,48600000.0,2.506172839506173,2.394088669950739,1350000.0,36498600000.0,1
5,0,1,9400000,23200000,14,885,57700000.0,2.4680851063829787,2.4870689655172415,1566666.6666666667,51064500000.0,1
4,0,1,8100000,19400000,6,346,50900000.0,2.3950617283950617,2.6237113402061856,1620000.0,17611400000.0,0
4,1,0,6500000,14500000,4,588,49000000.0,2.230769230769231,3.3793103448275863,1300000.0,28812000000.0,1
2,1,0,9400000,23100000,4,488,63100000.0,2.4574468085106385,2.7316017316017316,3133333.3333333335,30792800000.0,0
1,0,1,2600000,6600000,20,765,8800000.0,2.5384615384615383,1.3333333333333333,1300000.0,6732000000.0,1
3,0,1,8000000,25600000,6,337,38000000.0,3.2,1.484375,2000000.0,12806000000.0,0
1,1,0,4700000,9300000,8,515,26000000.0,1.9787234042553192,2.795698924731183,2350000.0,13390000000.0,0
2,1,1,7600000,22300000,12,555,40700000.0,2.9342105263157894,1.8251121076233183,2533333.3333333335,22588500000.0,1
1,1,1,6800000,27200000,2,702,40400000.0,4.0,1.4852941176470589,3400000.0,28360800000.0,1
2,0,1,6600000,17000000,2,457,31900000.0,2.5757575757575757,1.8764705882352941,2200000.0,14578300000.0,0
2,1,0,8200000,27200000,10,425,50100000.0,3.317073170731707,1.8419117647058822,2733333.3333333335,21292500000.0,0
1,1,1,4400000,12300000,6,583,34100000.0,2.7954545454545454,2.772357723577236,2200000.0,19880300000.0,1
1,0,0,8300000,29200000,6,877,64600000.0,3.5180722891566263,2.212328767123288,4150000.0,56654200000.0,1
0,1,0,9200000,36500000,14,522,51400000.0,3.967391304347826,1.4082191780821918,9200000.0,26830800000.0,0
5,0,1,2700000,8700000,20,687,14100000.0,3.2222222222222223,1.6206896551724137,450000.0,9686700000.0,1
0,1,0,6100000,23600000,20,856,32600000.0,3.8688524590163933,1.38135593220339,6100000.0,27905600000.0,1
4,0,1,9100000,33000000,8,543,60800000.0,3.6263736263736264,1.8424242424242425,1820000.0,33014400000.0,0
5,0,1,7600000,15400000,14,576,34300000.0,2.026315789473684,2.227272727272727,1266666.6666666667,19756800000.0,1
2,0,0,7200000,17000000,10,856,52600000.0,2.361111111111111,3.0941176470588236,2400000.0,45025600000.0,1
0,1,1,2600000,8200000,8,722,18000000.0,3.1538461538461537,2.1951219512195124,2600000.0,12996000000.0,1
4,1,1,6500000,20200000,12,653,50200000.0,3.1076923076923078,2.485148514851485,1300000.0,32780600000.0,1
5,1,0,8900000,35500000,16,480,58600000.0,3.9887640449438204,1.6507042253521127,1483333.3333333333,28128000000.0,0
2,1,1,5400000,14300000,14,477,27500000.0,2.6481481481481484,1.9230769230769231,1800000.0,13117500000.0,0
0,1,0,300000,500000,2,885,1500000.0,1.6666666666666667,3.0,300000.0,1327500000.0,1
0,0,0,8400000,19600000,18,530,57100000.0,2.3333333333333335,2.913265306122449,8400000.0,30263000000.0,0
3,1,0,8300000,17200000,8,870,41800000.0,2.072289156626506,2.4302325581395348,2075000.0,36366000000.0,1
4,0,0,1700000,5600000,8,395,9400000.0,3.2941176470588234,1.6785714285714286,340000.0,3713000000.0,0
2,0,0,1500000,4200000,16,771,10100000.0,2.8,2.4047619047619047,500000.0,7787100000.0,1
1,0,1,200000,500000,2,579,1200000.0,2.5,2.4,100000.0,694800000.0,1
1,1,1,1000000,3700000,14,798,7400000.0,3.7,2.0,500000.0,5905200000.0,1
3,0,1,8800000,25100000,8,473,54600000.0,2.852272727272727,2.1752988047808763,2200000.0,25825800000.0,0
0,1,1,1000000,3200000,8,304,5500000.0,3.2,1.71875,1000000.0,1672000000.0,0
0,0,1,8600000,23000000,14,678,70100000.0,2.6744186046511627,3.0478260869565217,8600000.0,47527800000.0,1
5,1,1,2400000,8900000,2,745,15000000.0,3.7083333333333335,1.6853932584269662,400000.0,11175000000.0,1
1,1,0,2400000,8900000,8,835,10200000.0,3.7083333333333335,1.146067415730337,1200000.0,8517000000.0,1
5,0,1,6000000,12100000,20,848,40300000.0,2.0166666666666666,3.330578512396694,1000000.0,34174400000.0,1
5,0,0,7600000,16300000,18,872,32700000.0,2.1447368421052633,2.0061349693251533,1266666.6666666667,28514400000.0,1
3,0,0,8000000,20100000,10,608,56600000.0,2.5125,2.81592039800995,2000000.0,34412800000.0,1
0,1,1,5400000,19500000,16,758,29600000.0,3.611111111111111,1.5179487179487179,5400000.0,22436800000.0,1
0,0,1,1400000,3700000,4,841,9600000.0,2.642857142857143,2.5945945945945947,1400000.0,8073600000.0,1
0,0,1,800000,2600000,2,618,4000000.0,3.25,1.5384615384615385,800000.0,2472000000.0,1
4,1,1,300000,1100000,4,457,2300000.0,3.6666666666666665,2.090909090909091,60000.0,1051100000.0,1
0,1,0,4100000,14400000,4,844,22800000.0,3.5121951219512195,1.5833333333333333,4100000.0,19243200000.0,1
2,0,0,1500000,3800000,4,776,9500000.0,2.533333333333333,2.5,500000.0,7372000000.0,1
1,0,0,4600000,13900000,8,520,31700000.0,3.0217391304347827,2.2805755395683454,2300000.0,16484000000.0,0
1,1,1,3300000,7500000,12,648,18400000.0,2.272727272727273,2.453333333333333,1650000.0,11923200000.0,1
4,0,1,7900000,31400000,10,654,62100000.0,3.9746835443037973,1.9777070063694266,1580000.0,40613400000.0,1
0,0,0,8100000,26500000,20,342,40900000.0,3.271604938271605,1.5433962264150944,8100000.0,13987800000.0,0
5,0,0,900000,2800000,16,808,6900000.0,3.111111111111111,2.4642857142857144,150000.0,5575200000.0,1
1,1,1,4900000,15200000,10,429,30700000.0,3.1020408163265305,2.0197368421052633,2450000.0,13170300000.0,0
3,1,1,6100000,18100000,14,538,39700000.0,2.9672131147540983,2.1933701657458564,1525000.0,21358600000.0,0
3,0,0,4500000,16400000,6,533,23500000.0,3.6444444444444444,1.4329268292682926,1125000.0,12525500000.0,0
2,1,1,2900000,7300000,8,394,22000000.0,2.5172413793103448,3.0136986301369864,966666.6666666666,8668000000.0,0
1,0,0,7900000,29300000,2,771,54800000.0,3.7088607594936707,1.870307167235495,3950000.0,42250800000.0,1
5,1,1,4100000,10100000,4,792,24000000.0,2.4634146341463414,2.376237623762376,683333.3333333334,19008000000.0,1
5,0,1,7700000,15500000,8,407,46500000.0,2.012987012987013,3.0,1283333.3333333333,18925500000.0,0
0,0,0,5600000,19300000,18,544,35500000.0,3.4464285714285716,1.839378238341969,5600000.0,19312000000.0,0
5,1,0,9000000,18000000,18,509,55900000.0,2.0,3.1055555555555556,1500000.0,28453100000.0,0
4,0,1,6400000,18400000,16,320,43500000.0,2.875,2.364130434782609,1280000.0,13920000000.0,0
4,1,0,6900000,14700000,2,496,38500000.0,2.130434782608696,2.619047619047619,1380000.0,19096000000.0,0
3,0,0,9100000,27400000,18,652,54300000.0,3.010989010989011,1.9817518248175183,2275000.0,35403600000.0,1
2,1,1,1100000,3700000,2,806,6900000.0,3.3636363636363638,1.864864864864865,366666.6666666667,5561400000.0,1
4,0,0,1700000,4500000,12,821,11500000.0,2.6470588235294117,2.5555555555555554,340000.0,9441500000.0,1
5,1,1,9200000,28800000,20,618,69600000.0,3.130434782608696,2.4166666666666665,1533333.3333333333,43012800000.0,1
2,0,1,8300000,20600000,12,729,71200000.0,2.4819277108433737,3.4563106796116503,2766666.6666666665,51904800000.0,1
5,0,1,5000000,10600000,6,839,44500000.0,2.12,4.19811320754717,833333.3333333334,37335500000.0,1
3,1,0,2200000,6400000,2,318,9300000.0,2.909090909090909,1.453125,550000.0,2957400000.0,0
2,1,0,4500000,9600000,16,404,27500000.0,2.1333333333333333,2.8645833333333335,1500000.0,11110000000.0,0
5,0,1,4100000,9000000,6,581,22800000.0,2.1951219512195124,2.533333333333333,683333.3333333334,13246800000.0,1
1,0,0,2800000,6800000,18,596,17100000.0,2.4285714285714284,2.514705882352941,1400000.0,10191600000.0,1
1,0,0,6600000,20700000,4,415,46300000.0,3.1363636363636362,2.236714975845411,3300000.0,19214500000.0,1
3,0,1,3200000,7200000,6,728,19400000.0,2.25,2.6944444444444446,800000.0,14123200000.0,1
0,0,0,6300000,13300000,2,666,31900000.0,2.111111111111111,2.398496240601504,6300000.0,21245400000.0,1
2,1,0,4700000,17700000,14,675,32600000.0,3.765957446808511,1.8418079096045197,1566666.6666666667,22005000000.0,1
0,1,0,4100000,15400000,16,304,27500000.0,3.7560975609756095,1.7857142857142858,4100000.0,8360000000.0,0
5,1,1,7100000,15500000,4,474,48400000.0,2.183098591549296,3.1225806451612903,1183333.3333333333,22941600000.0,0
4,1,1,4900000,10200000,18,370,33400000.0,2.0816326530612246,3.2745098039215685,980000.0,12358000000.0,0
4,1,0,5600000,20300000,20,596,36600000.0,3.625,1.8029556650246306,1120000.0,21813600000.0,1
4,1,0,3400000,8300000,2,567,20500000.0,2.4411764705882355,2.4698795180722892,680000.0,11623500000.0,1
3,0,0,4500000,16100000,16,671,32300000.0,3.577777777777778,2.0062111801242235,1125000.0,21673300000.0,1
2,1,0,300000,800000,18,819,1900000.0,2.6666666666666665,2.375,100000.0,1556100000.0,1
5,0,1,7600000,23000000,10,829,35300000.0,3.026315789473684,1.5347826086956522,1266666.6666666667,29263700000.0,1
5,1,0,500000,1200000,12,454,3200000.0,2.4,2.6666666666666665,83333.33333333333,1452800000.0,0
0,1,1,5900000,15200000,16,399,37100000.0,2.5762711864406778,2.4407894736842106,5900000.0,14802900000.0,0
0,1,0,7100000,20700000,10,784,57400000.0,2.915492957746479,2.7729468599033815,7100000.0,45001600000.0,1
2,0,1,8500000,26900000,6,538,63800000.0,3.164705882352941,2.3717472118959106,2833333.3333333335,34324400000.0,0
0,1,1,6400000,16900000,16,759,41600000.0,2.640625,2.4615384615384617,6400000.0,31574400000.0,1
2,1,0,7100000,21400000,12,699,52200000.0,3.0140845070422535,2.439252336448598,2366666.6666666665,36487800000.0,1
5,0,0,1800000,5400000,14,347,11700000.0,3.0,2.1666666666666665,300000.0,4059900000.0,0
3,0,1,6600000,25200000,20,598,46000000.0,3.8181818181818183,1.8253968253968254,1650000.0,27508000000.0,1
4,1,1,8800000,27100000,2,406,54400000.0,3.0795454545454546,2.007380073800738,1760000.0,22086400000.0,1
2,0,0,4800000,15800000,20,860,23500000.0,3.2916666666666665,1.4873417721518987,1600000.0,20210000000.0,1
5,1,1,4400000,16500000,10,806,21900000.0,3.75,1.3272727272727274,733333.3333333334,17651400000.0,1
0,0,0,2000000,6900000,2,448,15200000.0,3.45,2.2028985507246377,2000000.0,6809600000.0,1
2,1,0,6800000,22600000,20,393,32800000.0,3.323529411764706,1.4513274336283186,2266666.6666666665,12890400000.0,0
5,0,1,6600000,16000000,12,811,37800000.0,2.4242424242424243,2.3625,1100000.0,30655800000.0,1
2,1,0,3300000,7900000,20,829,22700000.0,2.393939393939394,2.8734177215189876,1100000.0,18818300000.0,1
3,0,0,7400000,23400000,16,700,51900000.0,3.1621621621621623,2.217948717948718,1850000.0,36330000000.0,1
0,0,1,4500000,12400000,18,719,22800000.0,2.7555555555555555,1.8387096774193548,4500000.0,16393200000.0,1
1,0,1,9500000,30500000,12,430,54700000.0,3.210526315789474,1.7934426229508196,4750000.0,23521000000.0,0
1,1,0,800000,3000000,4,338,4900000.0,3.75,1.6333333333333333,400000.0,1656200000.0,1
2,1,0,4000000,13000000,4,695,33000000.0,3.25,2.5384615384615383,1333333.3333333333,22935000000.0,1
2,0,0,7000000,25700000,18,374,36500000.0,3.6714285714285713,1.4202334630350195,2333333.3333333335,13651000000.0,0
3,1,0,3500000,8500000,18,609,22500000.0,2.4285714285714284,2.6470588235294117,875000.0,13702500000.0,1
3,1,1,9700000,36000000,6,631,45000000.0,3.711340206185567,1.25,2425000.0,28395000000.0,1
0,0,0,3400000,10800000,6,439,20200000.0,3.176470588235294,1.8703703703703705,3400000.0,8867800000.0,0
1,1,1,4600000,13500000,20,837,27700000.0,2.9347826086956523,2.051851851851852,2300000.0,23184900000.0,1
4,1,0,3800000,10400000,10,833,28300000.0,2.736842105263158,2.7211538461538463,760000.0,23573900000.0,1
4,0,1,4200000,9600000,20,863,20800000.0,2.2857142857142856,2.1666666666666665,840000.0,17950400000.0,1
2,1,0,2500000,8700000,4,684,12900000.0,3.48,1.4827586206896552,833333.3333333334,8823600000.0,1
0,0,1,7000000,24600000,6,542,38200000.0,3.5142857142857142,1.5528455284552845,7000000.0,20704400000.0,0
1,0,0,5300000,11500000,8,753,31600000.0,2.169811320754717,2.747826086956522,2650000.0,23794800000.0,1
0,0,0,6400000,14200000,2,512,37400000.0,2.21875,2.6338028169014085,6400000.0,19148800000.0,0
3,0,0,3400000,8100000,12,385,24800000.0,2.3823529411764706,3.0617283950617282,850000.0,9548000000.0,0
4,0,0,6700000,18800000,2,749,52000000.0,2.8059701492537314,2.765957446808511,1340000.0,38948000000.0,1
1,0,1,4600000,10100000,4,618,19500000.0,2.1956521739130435,1.9306930693069306,2300000.0,12051000000.0,1
4,1,1,900000,2500000,4,583,5000000.0,2.7777777777777777,2.0,180000.0,2915000000.0,1
0,1,0,5100000,19900000,18,655,28600000.0,3.9019607843137254,1.4371859296482412,5100000.0,18733000000.0,1
0,0,1,7000000,20900000,20,380,49900000.0,2.9857142857142858,2.38755980861244,7000000.0,18962000000.0,0
3,1,1,4100000,14700000,6,679,26400000.0,3.5853658536585367,1.7959183673469388,1025000.0,17925600000.0,1
2,1,0,4600000,14800000,6,410,41600000.0,3.217391304347826,2.810810810810811,1533333.3333333333,17056000000.0,0
2,1,1,3600000,11500000,8,590,20700000.0,3.1944444444444446,1.8,1200000.0,12213000000.0,1
5,1,0,5900000,13800000,14,397,36400000.0,2.3389830508474576,2.63768115942029,983333.3333333334,14450800000.0,0
2,1,0,600000,2100000,16,425,4000000.0,3.5,1.9047619047619047,200000.0,1700000000.0,0
0,1,0,4900000,16400000,2,383,27600000.0,3.3469387755102042,1.6829268292682926,4900000.0,10570800000.0,1
5,1,1,6400000,23900000,6,406,56800000.0,3.734375,2.3765690376569037,1066666.6666666667,23060800000.0,0
2,1,0,7000000,19800000,10,563,44100000.0,2.8285714285714287,2.227272727272727,2333333.3333333335,24828300000.0,1
3,1,1,6700000,13400000,14,782,44300000.0,2.0,3.3059701492537314,1675000.0,34642600000.0,1
1,0,1,800000,2200000,4,852,4300000.0,2.75,1.9545454545454546,400000.0,3663600000.0,1
5,0,0,7600000,27800000,2,753,55500000.0,3.6578947368421053,1.9964028776978417,1266666.6666666667,41791500000.0,1
5,1,1,3200000,7600000,4,489,20400000.0,2.375,2.6842105263157894,533333.3333333334,9975600000.0,0
2,0,1,4900000,13800000,2,586,28200000.0,2.816326530612245,2.0434782608695654,1633333.3333333333,16525200000.0,1
3,0,0,7200000,20800000,16,560,37500000.0,2.888888888888889,1.8028846153846154,1800000.0,21000000000.0,1
3,1,0,5600000,20600000,6,487,40400000.0,3.6785714285714284,1.9611650485436893,1400000.0,19674800000.0,0
4,1,1,7300000,18300000,8,434,46400000.0,2.506849315068493,2.5355191256830603,1460000.0,20137600000.0,0
4,0,0,3300000,7000000,20,504,21200000.0,2.121212121212121,3.0285714285714285,660000.0,10684800000.0,0
2,1,1,9200000,25300000,4,827,72100000.0,2.75,2.849802371541502,3066666.6666666665,59626700000.0,1
3,0,1,8100000,23300000,20,657,52900000.0,2.876543209876543,2.2703862660944205,2025000.0,34755300000.0,1
5,1,0,6600000,21400000,10,447,50400000.0,3.242424242424242,2.3551401869158877,1100000.0,22528800000.0,0
0,1,1,4200000,13600000,4,834,27200000.0,3.238095238095238,2.0,4200000.0,22684800000.0,1
2,1,0,5800000,21700000,8,354,33800000.0,3.7413793103448274,1.5576036866359446,1933333.3333333333,11965200000.0,0
2,1,1,5600000,21000000,18,883,38300000.0,3.75,1.8238095238095238,1866666.6666666667,33818900000.0,1
0,0,1,3600000,9900000,12,641,24500000.0,2.75,2.474747474747475,3600000.0,15704500000.0,1
1,1,1,7700000,16900000,6,621,68100000.0,2.1948051948051948,4.029585798816568,3850000.0,42290100000.0,1
0,1,1,7800000,23300000,10,587,59000000.0,2.9871794871794872,2.532188841201717,7800000.0,34633000000.0,1
3,0,0,5700000,15400000,16,424,29700000.0,2.7017543859649122,1.9285714285714286,1425000.0,12592800000.0,0
5,1,0,6300000,20500000,14,515,35300000.0,3.253968253968254,1.721951219512195,1050000.0,18179500000.0,0
5,0,1,2300000,4700000,18,592,14500000.0,2.0434782608695654,3.0851063829787235,383333.3333333333,8584000000.0,1
4,1,1,9600000,19900000,6,319,54400000.0,2.0729166666666665,2.7336683417085426,1920000.0,17353600000.0,0
1,0,1,1000000,3900000,16,360,5500000.0,3.9,1.4102564102564104,500000.0,1980000000.0,0
5,1,1,7200000,27100000,12,535,54100000.0,3.763888888888889,1.996309963099631,1200000.0,28943500000.0,0
2,0,1,3800000,11400000,16,666,23200000.0,3.0,2.0350877192982457,1266666.6666666667,15451200000.0,1
4,0,1,9300000,24600000,16,419,49900000.0,2.6451612903225805,2.0284552845528454,1860000.0,20908100000.0,0
2,0,1,7200000,21900000,12,640,29800000.0,3.0416666666666665,1.360730593607306,2400000.0,19072000000.0,1
0,1,0,7600000,19700000,12,545,46300000.0,2.5921052631578947,2.350253807106599,7600000.0,25233500000.0,0
4,1,0,4500000,15300000,10,843,33100000.0,3.4,2.1633986928104574,900000.0,27903300000.0,1
1,0,1,9900000,30900000,20,559,68900000.0,3.121212121212121,2.2297734627831716,4950000.0,38515100000.0,1
0,0,1,700000,2000000,18,650,5000000.0,2.857142857142857,2.5,700000.0,3250000000.0,1
0,1,0,3500000,12300000,16,479,28300000.0,3.5142857142857142,2.3008130081300813,3500000.0,13555700000.0,0
1,1,1,300000,1000000,14,324,1400000.0,3.3333333333333335,1.4,150000.0,453600000.0,0
5,0,1,5400000,16700000,2,354,30100000.0,3.0925925925925926,1.8023952095808384,900000.0,10655400000.0,1
4,0,1,2800000,8400000,10,521,15500000.0,3.0,1.8452380952380953,560000.0,8075500000.0,0
5,0,1,4900000,15900000,8,505,38300000.0,3.2448979591836733,2.408805031446541,816666.6666666666,19341500000.0,0
4,0,0,600000,1700000,12,436,2800000.0,2.8333333333333335,1.6470588235294117,120000.0,1220800000.0,0
0,1,0,3000000,8100000,6,683,21500000.0,2.7,2.654320987654321,3000000.0,14684500000.0,1
0,1,0,1800000,5800000,18,348,11300000.0,3.2222222222222223,1.9482758620689655,1800000.0,3932400000.0,0
4,1,1,5100000,15700000,6,867,42300000.0,3.0784313725490198,2.694267515923567,1020000.0,36674100000.0,1
5,1,0,1400000,4100000,14,880,10400000.0,2.9285714285714284,2.5365853658536586,233333.33333333334,9152000000.0,1
2,1,1,6700000,25500000,10,673,49800000.0,3.8059701492537314,1.9529411764705882,2233333.3333333335,33515400000.0,1
3,0,0,4300000,12600000,18,482,29500000.0,2.9302325581395348,2.3412698412698414,1075000.0,14219000000.0,0
3,1,1,7800000,19600000,4,767,56800000.0,2.5128205128205128,2.8979591836734695,1950000.0,43565600000.0,1
3,0,0,5400000,15800000,18,760,38600000.0,2.925925925925926,2.4430379746835444,1350000.0,29336000000.0,1
0,0,0,500000,1900000,2,857,3700000.0,3.8,1.9473684210526316,500000.0,3170900000.0,1
1,1,0,8600000,26700000,10,735,52800000.0,3.104651162790698,1.9775280898876404,4300000.0,38808000000.0,1
3,1,0,2500000,9300000,4,810,19100000.0,3.72,2.053763440860215,625000.0,15471000000.0,1
4,0,0,3000000,7200000,2,680,15600000.0,2.4,2.1666666666666665,600000.0,10608000000.0,1
5,0,1,7000000,26900000,4,889,35400000.0,3.842857142857143,1.3159851301115242,1166666.6666666667,31470600000.0,1
1,0,1,400000,1500000,16,688,2100000.0,3.75,1.4,200000.0,1444800000.0,1
5,0,0,5200000,13700000,16,531,31900000.0,2.6346153846153846,2.3284671532846715,866666.6666666666,16938900000.0,0
3,1,0,3300000,11100000,2,660,27000000.0,3.3636363636363638,2.4324324324324325,825000.0,17820000000.0,1
1,0,1,2400000,8800000,18,414,15400000.0,3.6666666666666665,1.75,1200000.0,6375600000.0,0
4,1,1,5800000,15800000,14,528,36500000.0,2.7241379310344827,2.310126582278481,1160000.0,19272000000.0,0
4,0,1,9400000,20000000,12,817,47600000.0,2.127659574468085,2.38,1880000.0,38889200000.0,1
2,0,0,6100000,15300000,2,799,35700000.0,2.5081967213114753,2.3333333333333335,2033333.3333333333,28524300000.0,1
1,1,1,7500000,21400000,20,655,59500000.0,2.8533333333333335,2.7803738317757007,3750000.0,38972500000.0,1
2,0,0,4100000,16200000,6,546,25400000.0,3.951219512195122,1.5679012345679013,1366666.6666666667,13868400000.0,0
3,0,0,8500000,30800000,14,745,45800000.0,3.623529411764706,1.4870129870129871,2125000.0,34121000000.0,1
0,1,0,4300000,16900000,8,884,27600000.0,3.9302325581395348,1.6331360946745561,4300000.0,24398400000.0,1
5,0,0,9300000,22000000,4,822,67200000.0,2.3655913978494625,3.0545454545454547,1550000.0,55238400000.0,1
4,0,0,6000000,18700000,2,623,33100000.0,3.1166666666666667,1.7700534759358288,1200000.0,20621300000.0,1
1,0,1,5300000,18900000,16,361,22700000.0,3.5660377358490565,1.2010582010582012,2650000.0,8194700000.0,0
5,0,1,7400000,16200000,2,778,48300000.0,2.189189189189189,2.9814814814814814,1233333.3333333333,37577400000.0,1
1,0,1,1100000,3800000,8,779,8000000.0,3.4545454545454546,2.1052631578947367,550000.0,6232000000.0,1
1,1,1,6600000,20700000,4,594,40300000.0,3.1363636363636362,1.9468599033816425,3300000.0,23938200000.0,1
3,1,0,8200000,28300000,2,530,57800000.0,3.451219512195122,2.0424028268551235,2050000.0,30634000000.0,1
3,0,0,3300000,9300000,12,324,17400000.0,2.8181818181818183,1.8709677419354838,825000.0,5637600000.0,0
4,1,1,2500000,9000000,10,394,19000000.0,3.6,2.111111111111111,500000.0,7486000000.0,0
3,1,1,3300000,10400000,12,816,30100000.0,3.1515151515151514,2.894230769230769,825000.0,24561600000.0,1
5,0,0,1000000,2300000,16,423,6700000.0,2.3,2.9130434782608696,166666.66666666666,2834100000.0,0
5,1,1,6200000,12800000,2,539,42500000.0,2.064516129032258,3.3203125,1033333.3333333334,22907500000.0,0
1,1,0,7000000,21000000,20,554,43700000.0,3.0,2.080952380952381,3500000.0,24209800000.0,1
2,1,1,7000000,19000000,6,523,49900000.0,2.7142857142857144,2.626315789473684,2333333.3333333335,26097700000.0,0
1,0,1,5300000,12000000,10,852,34700000.0,2.2641509433962264,2.8916666666666666,2650000.0,29564400000.0,1
0,0,1,1800000,3700000,2,505,12200000.0,2.0555555555555554,3.2972972972972974,1800000.0,6161000000.0,0
0,1,1,2300000,7900000,10,430,19400000.0,3.4347826086956523,2.4556962025316458,2300000.0,8342000000.0,0
2,1,0,4000000,9200000,16,784,21700000.0,2.3,2.358695652173913,1333333.3333333333,17012800000.0,1
1,0,0,8900000,24000000,6,380,59100000.0,2.696629213483146,2.4625,4450000.0,22458000000.0,0
3,1,0,8000000,18600000,20,565,42100000.0,2.325,2.263440860215054,2000000.0,23786500000.0,1
4,1,1,7900000,26900000,14,446,49900000.0,3.4050632911392404,1.8550185873605949,1580000.0,22255400000.0,0
5,1,1,6700000,20200000,8,406,34200000.0,3.014925373134328,1.693069306930693,1116666.6666666667,13885200000.0,0
4,0,0,2400000,6000000,6,712,16200000.0,2.5,2.7,480000.0,11534400000.0,1
4,0,0,8600000,22600000,14,729,48900000.0,2.627906976744186,2.163716814159292,1720000.0,35648100000.0,1
1,0,1,5300000,14600000,20,508,35600000.0,2.7547169811320753,2.4383561643835616,2650000.0,18084800000.0,0
0,1,0,7400000,24900000,20,648,44500000.0,3.364864864864865,1.78714859437751,7400000.0,28836000000.0,1
0,0,1,8700000,18700000,10,346,41900000.0,2.1494252873563218,2.2406417112299466,8700000.0,14497400000.0,0
5,1,0,8200000,18500000,4,394,53800000.0,2.2560975609756095,2.908108108108108,1366666.6666666667,21197200000.0,0
0,0,1,3700000,9700000,12,501,23000000.0,2.6216216216216215,2.3711340206185567,3700000.0,11523000000.0,0
5,0,1,9200000,36300000,2,655,45100000.0,3.9456521739130435,1.2424242424242424,1533333.3333333333,29540500000.0,1
4,0,0,6100000,20900000,4,662,44600000.0,3.4262295081967213,2.1339712918660285,1220000.0,29525200000.0,1
2,1,1,8800000,30800000,20,820,44100000.0,3.5,1.4318181818181819,2933333.3333333335,36162000000.0,1
5,0,0,9200000,18900000,10,521,53100000.0,2.0543478260869565,2.8095238095238093,1533333.3333333333,27665100000.0,0
3,1,0,7200000,27900000,12,473,66400000.0,3.875,2.379928315412186,1800000.0,31407200000.0,0
1,1,0,600000,1200000,10,561,3200000.0,2.0,2.6666666666666665,300000.0,1795200000.0,1
5,1,0,8000000,23100000,20,461,44800000.0,2.8875,1.9393939393939394,1333333.3333333333,20652800000.0,0
4,1,1,6900000,13800000,16,715,37300000.0,2.0,2.7028985507246377,1380000.0,26669500000.0,1
0,0,1,4300000,15600000,18,440,22200000.0,3.627906976744186,1.4230769230769231,4300000.0,9768000000.0,0
3,0,1,8500000,24900000,18,749,52600000.0,2.929411764705882,2.112449799196787,2125000.0,39397400000.0,1
4,0,0,8600000,17400000,2,787,51300000.0,2.0232558139534884,2.9482758620689653,1720000.0,40373100000.0,1
3,1,0,6300000,13900000,18,748,56800000.0,2.2063492063492065,4.086330935251799,1575000.0,42486400000.0,1
3,0,1,5800000,13600000,12,321,30700000.0,2.3448275862068964,2.2573529411764706,1450000.0,9854700000.0,0
3,1,1,1000000,2300000,10,303,4900000.0,2.3,2.130434782608696,250000.0,1484700000.0,0
0,0,1,1700000,5400000,8,682,9400000.0,3.176470588235294,1.7407407407407407,1700000.0,6410800000.0,1
2,0,0,3200000,8600000,18,638,18000000.0,2.6875,2.0930232558139537,1066666.6666666667,11484000000.0,1
0,1,1,7500000,16600000,14,440,66100000.0,2.2133333333333334,3.9819277108433737,7500000.0,29084000000.0,0
1,0,1,2000000,6600000,10,873,10300000.0,3.3,1.5606060606060606,1000000.0,8991900000.0,1
3,0,0,9100000,19700000,20,437,56600000.0,2.1648351648351647,2.8730964467005076,2275000.0,24734200000.0,0
4,1,1,8400000,19700000,8,796,55000000.0,2.3452380952380953,2.7918781725888326,1680000.0,43780000000.0,1
4,1,0,7100000,27200000,16,824,36700000.0,3.8309859154929575,1.349264705882353,1420000.0,30240800000.0,1
2,0,0,200000,800000,6,338,600000.0,4.0,0.75,66666.66666666667,202800000.0,0
0,0,1,5000000,14900000,12,575,33200000.0,2.98,2.228187919463087,5000000.0,19090000000.0,1
0,0,1,4500000,16900000,8,773,33100000.0,3.7555555555555555,1.9585798816568047,4500000.0,25586300000.0,1
2,0,1,5100000,19700000,2,733,23600000.0,3.8627450980392157,1.1979695431472082,1700000.0,17298800000.0,1
3,1,1,4100000,10600000,14,475,28100000.0,2.5853658536585367,2.650943396226415,1025000.0,13347500000.0,0
1,0,0,7200000,15000000,10,677,43100000.0,2.0833333333333335,2.8733333333333335,3600000.0,29178700000.0,1
3,0,0,7800000,17700000,6,403,51000000.0,2.269230769230769,2.8813559322033897,1950000.0,20553000000.0,0
3,1,1,7500000,25300000,12,767,53000000.0,3.3733333333333335,2.0948616600790513,1875000.0,40651000000.0,1
3,1,1,6400000,21000000,2,813,39700000.0,3.28125,1.8904761904761904,1600000.0,32276100000.0,1
4,1,0,7000000,25700000,20,597,71000000.0,3.6714285714285713,2.762645914396887,1400000.0,42387000000.0,1
4,0,1,9000000,31100000,8,896,48000000.0,3.4555555555555557,1.5434083601286173,1800000.0,43008000000.0,1
2,0,1,4400000,13900000,6,810,37600000.0,3.159090909090909,2.7050359712230216,1466666.6666666667,30456000000.0,1
2,0,0,900000,2000000,14,337,4400000.0,2.2222222222222223,2.2,300000.0,1482800000.0,0
1,1,0,9800000,26900000,18,792,67100000.0,2.7448979591836733,2.4944237918215615,4900000.0,53143200000.0,1
4,0,0,600000,1600000,6,784,2800000.0,2.6666666666666665,1.75,120000.0,2195200000.0,1
5,1,1,9700000,30100000,12,434,65400000.0,3.1030927835051547,2.1727574750830563,1616666.6666666667,28383600000.0,0
2,1,1,8400000,32600000,10,384,44100000.0,3.880952380952381,1.352760736196319,2800000.0,16934400000.0,0
1,1,0,8300000,24900000,10,642,54300000.0,3.0,2.180722891566265,4150000.0,34860600000.0,1
4,1,0,7900000,29900000,8,314,60700000.0,3.7848101265822787,2.0301003344481607,1580000.0,19059800000.0,0
1,0,0,8600000,25900000,2,606,63500000.0,3.011627906976744,2.451737451737452,4300000.0,38481000000.0,1
5,0,1,6700000,17600000,14,843,38000000.0,2.626865671641791,2.159090909090909,1116666.6666666667,32034000000.0,1
0,1,0,2700000,7400000,10,778,16000000.0,2.740740740740741,2.1621621621621623,2700000.0,12448000000.0,1
0,0,0,6600000,25600000,8,718,55500000.0,3.878787878787879,2.16796875,6600000.0,39849000000.0,1
1,1,1,7100000,20800000,20,437,50400000.0,2.9295774647887325,2.423076923076923,3550000.0,22024800000.0,0
5,1,1,300000,700000,10,586,1500000.0,2.3333333333333335,2.142857142857143,50000.0,879000000.0,1
2,1,0,2200000,7000000,6,777,14200000.0,3.1818181818181817,2.0285714285714285,733333.3333333334,11033400000.0,1
1,1,1,8700000,31700000,12,525,54400000.0,3.6436781609195403,1.7160883280757098,4350000.0,28560000000.0,0
4,1,0,7200000,23100000,12,632,36900000.0,3.2083333333333335,1.5974025974025974,1440000.0,23320800000.0,1
0,0,0,2000000,4800000,20,337,10700000.0,2.4,2.2291666666666665,2000000.0,3605900000.0,0
4,1,1,8600000,27900000,8,458,69900000.0,3.244186046511628,2.5053763440860215,1720000.0,32014200000.0,0
2,1,1,2300000,5400000,8,364,14000000.0,2.347826086956522,2.5925925925925926,766666.6666666666,5096000000.0,0
2,0,1,9600000,29800000,16,499,74000000.0,3.1041666666666665,2.4832214765100673,3200000.0,36926000000.0,0
2,1,1,1900000,6500000,16,887,9400000.0,3.4210526315789473,1.4461538461538461,633333.3333333334,8337800000.0,1
1,1,0,2100000,6300000,16,882,16700000.0,3.0,2.6507936507936507,1050000.0,14729400000.0,1
1,0,1,3900000,8700000,8,817,16200000.0,2.230769230769231,1.8620689655172413,1950000.0,13235400000.0,1
5,0,1,200000,300000,10,704,1600000.0,1.5,5.333333333333333,33333.333333333336,1126400000.0,1
1,0,1,1900000,4500000,12,742,8800000.0,2.3684210526315788,1.9555555555555555,950000.0,6529600000.0,1
0,0,1,3200000,11600000,4,393,16100000.0,3.625,1.3879310344827587,3200000.0,6327300000.0,1
0,0,0,1100000,4300000,18,828,5300000.0,3.909090909090909,1.2325581395348837,1100000.0,4388400000.0,1
5,1,1,8000000,21500000,12,779,57900000.0,2.6875,2.6930232558139533,1333333.3333333333,45104100000.0,1
4,1,1,6100000,21700000,6,860,34500000.0,3.557377049180328,1.5898617511520738,1220000.0,29670000000.0,1
5,1,0,3200000,10600000,2,432,25100000.0,3.3125,2.3679245283018866,533333.3333333334,10843200000.0,1
4,1,1,9000000,30400000,20,532,72000000.0,3.3777777777777778,2.3684210526315788,1800000.0,38304000000.0,0
0,0,1,1200000,3200000,2,678,6800000.0,2.6666666666666665,2.125,1200000.0,4610400000.0,1
3,1,0,7900000,27000000,6,601,64600000.0,3.4177215189873418,2.3925925925925924,1975000.0,38824600000.0,1
3,1,1,7700000,23100000,8,807,40100000.0,3.0,1.7359307359307359,1925000.0,32360700000.0,1
2,0,0,4400000,16500000,16,879,31000000.0,3.75,1.878787878787879,1466666.6666666667,27249000000.0,1
1,0,0,3100000,11200000,18,665,21900000.0,3.6129032258064515,1.9553571428571428,1550000.0,14563500000.0,1
5,0,1,2600000,9300000,16,697,17700000.0,3.576923076923077,1.903225806451613,433333.3333333333,12336900000.0,1
4,1,0,5500000,21700000,14,867,32000000.0,3.9454545454545453,1.4746543778801844,1100000.0,27744000000.0,1
1,1,0,5700000,15500000,8,544,47100000.0,2.719298245614035,3.0387096774193547,2850000.0,25622400000.0,0
5,1,0,6100000,20700000,20,482,34200000.0,3.3934426229508197,1.6521739130434783,1016666.6666666666,16484400000.0,0
2,1,0,8200000,22500000,18,857,64500000.0,2.7439024390243905,2.8666666666666667,2733333.3333333335,55276500000.0,1
1,1,0,6000000,21200000,12,549,49200000.0,3.533333333333333,2.3207547169811322,3000000.0,27010800000.0,0
1,1,1,8000000,30600000,10,720,66800000.0,3.825,2.183006535947712,4000000.0,48096000000.0,1
4,0,0,2000000,4800000,8,302,8900000.0,2.4,1.8541666666666667,400000.0,2687800000.0,0
5,1,1,1300000,2900000,12,669,7800000.0,2.230769230769231,2.689655172413793,216666.66666666666,5218200000.0,1
1,1,0,7000000,27100000,6,591,45300000.0,3.8714285714285714,1.6715867158671587,3500000.0,26772300000.0,1
3,1,0,4100000,15300000,6,440,22800000.0,3.731707317073171,1.4901960784313726,1025000.0,10032000000.0,0
3,1,0,8000000,26200000,16,890,49100000.0,3.275,1.8740458015267176,2000000.0,43699000000.0,1
4,0,0,8100000,28000000,8,663,51600000.0,3.45679012345679,1.8428571428571427,1620000.0,34210800000.0,1
4,1,1,9500000,22600000,14,433,47400000.0,2.3789473684210525,2.0973451327433628,1900000.0,20524200000.0,0
0,1,0,9200000,22500000,10,317,70800000.0,2.4456521739130435,3.1466666666666665,9200000.0,22443600000.0,0
2,1,0,3900000,14700000,16,360,14000000.0,3.769230769230769,0.9523809523809523,1300000.0,5040000000.0,0
1,1,0,9100000,26200000,8,727,64600000.0,2.879120879120879,2.4656488549618323,4550000.0,46964200000.0,1
3,1,1,3000000,8300000,4,685,23400000.0,2.7666666666666666,2.819277108433735,750000.0,16029000000.0,1
4,1,0,2000000,4300000,8,373,14600000.0,2.15,3.395348837209302,400000.0,5445800000.0,0
5,1,0,6300000,14600000,8,469,51700000.0,2.3174603174603177,3.541095890410959,1050000.0,24247300000.0,0
3,0,1,4100000,10900000,8,548,31500000.0,2.658536585365854,2.889908256880734,1025000.0,17262000000.0,0
0,0,0,9800000,29400000,20,618,57900000.0,3.0,1.969387755102041,9800000.0,35782200000.0,1
2,1,0,5200000,15400000,8,658,24700000.0,2.9615384615384617,1.603896103896104,1733333.3333333333,16252600000.0,1
3,1,0,7600000,28700000,18,781,71300000.0,3.776315789473684,2.484320557491289,1900000.0,55685300000.0,1
3,0,0,9200000,35500000,2,715,54400000.0,3.858695652173913,1.532394366197183,2300000.0,38896000000.0,1
5,0,0,2200000,8100000,4,409,7600000.0,3.6818181818181817,0.9382716049382716,366666.6666666667,3108400000.0,0
2,0,1,8300000,20600000,10,504,40900000.0,2.4819277108433737,1.9854368932038835,2766666.6666666665,20613600000.0,0
3,1,1,6100000,21600000,16,428,31300000.0,3.540983606557377,1.4490740740740742,1525000.0,13396400000.0,0
2,1,0,4500000,16600000,20,704,29900000.0,3.688888888888889,1.8012048192771084,1500000.0,21049600000.0,1
3,0,0,6600000,18800000,12,834,46600000.0,2.8484848484848486,2.478723404255319,1650000.0,38864400000.0,1
4,0,0,8900000,34900000,14,694,47900000.0,3.9213483146067416,1.3724928366762177,1780000.0,33242600000.0,1
4,1,1,3900000,13300000,20,453,27300000.0,3.41025641025641,2.0526315789473686,780000.0,12366900000.0,0
3,1,1,8900000,35400000,14,404,62300000.0,3.9775280898876404,1.7598870056497176,2225000.0,25169200000.0,0
5,0,0,6400000,22300000,12,776,39500000.0,3.484375,1.7713004484304933,1066666.6666666667,30652000000.0,1
1,0,1,9500000,28700000,16,526,67900000.0,3.0210526315789474,2.3658536585365852,4750000.0,35715400000.0,0
3,1,1,300000,1000000,8,641,2200000.0,3.3333333333333335,2.2,75000.0,1410200000.0,1
5,0,0,4100000,12300000,6,582,34600000.0,3.0,2.813008130081301,683333.3333333334,20137200000.0,1
2,1,0,8100000,20800000,18,778,46900000.0,2.567901234567901,2.2548076923076925,2700000.0,36488200000.0,1
4,1,0,9900000,28400000,10,763,78000000.0,2.8686868686868685,2.7464788732394365,1980000.0,59514000000.0,1
0,0,0,4800000,19000000,12,650,28400000.0,3.9583333333333335,1.4947368421052631,4800000.0,18460000000.0,1
0,1,1,2900000,9700000,2,820,21300000.0,3.3448275862068964,2.195876288659794,2900000.0,17466000000.0,1
1,0,1,3500000,13500000,12,824,28000000.0,3.857142857142857,2.074074074074074,1750000.0,23072000000.0,1
1,0,1,4900000,12600000,4,718,34700000.0,2.5714285714285716,2.753968253968254,2450000.0,24914600000.0,1
2,0,1,5100000,13300000,14,313,35700000.0,2.607843137254902,2.6842105263157894,1700000.0,11174100000.0,0
5,1,0,7300000,26200000,10,751,50700000.0,3.589041095890411,1.9351145038167938,1216666.6666666667,38075700000.0,1
0,1,1,200000,300000,18,520,1100000.0,1.5,3.6666666666666665,200000.0,572000000.0,0
2,1,0,1400000,4700000,4,355,8500000.0,3.357142857142857,1.8085106382978724,466666.6666666667,3017500000.0,1
3,1,1,8700000,33600000,14,314,45600000.0,3.8620689655172415,1.3571428571428572,2175000.0,14318400000.0,0
1,0,1,2800000,5900000,20,728,15900000.0,2.107142857142857,2.694915254237288,1400000.0,11575200000.0,1
3,1,1,9100000,30100000,14,564,64800000.0,3.3076923076923075,2.1528239202657806,2275000.0,36547200000.0,1
0,0,1,6800000,15300000,14,699,44700000.0,2.25,2.9215686274509802,6800000.0,31245300000.0,1
0,0,1,5000000,17000000,6,624,34200000.0,3.4,2.011764705882353,5000000.0,21340800000.0,1
0,1,1,4400000,16800000,14,795,33400000.0,3.8181818181818183,1.9880952380952381,4400000.0,26553000000.0,1
5,0,1,8400000,18600000,20,703,47900000.0,2.2142857142857144,2.575268817204301,1400000.0,33673700000.0,1
4,1,0,7800000,17300000,4,394,48200000.0,2.217948717948718,2.786127167630058,1560000.0,18990800000.0,0
4,1,1,4800000,9900000,14,779,36000000.0,2.0625,3.6363636363636362,960000.0,28044000000.0,1
1,1,0,3200000,8800000,4,405,17700000.0,2.75,2.0113636363636362,1600000.0,7168500000.0,0
5,1,1,2300000,6700000,16,612,20800000.0,2.9130434782608696,3.1044776119402986,383333.3333333333,12729600000.0,1
5,0,1,9200000,28100000,10,448,69500000.0,3.0543478260869565,2.473309608540925,1533333.3333333333,31136000000.0,0
2,0,1,4700000,13700000,6,506,29400000.0,2.9148936170212765,2.145985401459854,1566666.6666666667,14876400000.0,0
0,0,1,8000000,30400000,2,776,54900000.0,3.8,1.805921052631579,8000000.0,42602400000.0,1
1,1,1,2600000,8600000,6,730,12800000.0,3.3076923076923075,1.4883720930232558,1300000.0,9344000000.0,1
3,0,0,200000,800000,20,730,1000000.0,4.0,1.25,50000.0,730000000.0,1
5,1,0,7300000,17200000,2,345,42600000.0,2.356164383561644,2.4767441860465116,1216666.6666666667,14697000000.0,0
4,0,0,3300000,11800000,2,847,25300000.0,3.5757575757575757,2.1440677966101696,660000.0,21429100000.0,1
4,0,0,8300000,23300000,20,398,57000000.0,2.8072289156626504,2.4463519313304722,1660000.0,22686000000.0,0
5,0,1,4100000,9600000,2,307,28200000.0,2.341463414634146,2.9375,683333.3333333334,8657400000.0,0
1,0,0,7300000,23700000,16,852,47300000.0,3.2465753424657535,1.9957805907172996,3650000.0,40299600000.0,1
1,0,0,9300000,27500000,6,364,62100000.0,2.956989247311828,2.2581818181818183,4650000.0,22604400000.0,0
2,1,1,4300000,15200000,12,552,23000000.0,3.5348837209302326,1.513157894736842,1433333.3333333333,12696000000.0,1
3,0,0,2600000,8100000,2,421,16000000.0,3.1153846153846154,1.9753086419753085,650000.0,6736000000.0,1
5,1,0,2900000,9800000,12,588,17900000.0,3.3793103448275863,1.8265306122448979,483333.3333333333,10525200000.0,1
2,1,1,900000,3500000,6,763,5200000.0,3.888888888888889,1.4857142857142858,300000.0,3967600000.0,1
3,0,1,4900000,17500000,20,823,40400000.0,3.5714285714285716,2.3085714285714287,1225000.0,33249200000.0,1
0,1,0,7700000,24800000,10,642,59400000.0,3.220779220779221,2.3951612903225805,7700000.0,38134800000.0,1
1,1,0,4700000,16800000,12,647,32700000.0,3.574468085106383,1.9464285714285714,2350000.0,21156900000.0,1
5,0,0,3000000,8900000,20,886,17000000.0,2.966666666666667,1.9101123595505618,500000.0,15062000000.0,1
4,0,0,9700000,26200000,4,518,62700000.0,2.7010309278350517,2.3931297709923665,1940000.0,32478600000.0,0
0,1,1,6900000,26800000,20,515,38300000.0,3.8840579710144927,1.4291044776119404,6900000.0,19724500000.0,0
2,0,1,3800000,12400000,8,340,16700000.0,3.263157894736842,1.346774193548387,1266666.6666666667,5678000000.0,0
3,0,1,600000,1700000,14,521,3300000.0,2.8333333333333335,1.9411764705882353,150000.0,1719300000.0,0
2,0,1,1200000,2900000,12,330,6400000.0,2.4166666666666665,2.206896551724138,400000.0,2112000000.0,0
4,0,1,7800000,26800000,2,474,44100000.0,3.4358974358974357,1.6455223880597014,1560000.0,20903400000.0,1
0,0,0,9000000,35100000,6,898,46500000.0,3.9,1.3247863247863247,9000000.0,41757000000.0,1
1,0,0,2800000,9100000,12,436,15500000.0,3.25,1.7032967032967032,1400000.0,6758000000.0,0
1,0,0,7800000,21300000,10,326,56500000.0,2.730769230769231,2.652582159624413,3900000.0,18419000000.0,0
4,1,1,4700000,9500000,18,876,40500000.0,2.021276595744681,4.2631578947368425,940000.0,35478000000.0,1
2,1,0,4600000,17500000,20,597,35700000.0,3.8043478260869565,2.04,1533333.3333333333,21312900000.0,1
4,1,0,5100000,16100000,14,436,33900000.0,3.156862745098039,2.1055900621118013,1020000.0,14780400000.0,0
3,0,1,6100000,22800000,18,640,49700000.0,3.737704918032787,2.1798245614035086,1525000.0,31808000000.0,1
0,0,0,6000000,22900000,16,302,43500000.0,3.816666666666667,1.8995633187772927,6000000.0,13137000000.0,0
2,0,0,8400000,23200000,16,476,47900000.0,2.761904761904762,2.064655172413793,2800000.0,22800400000.0,0
2,1,0,9300000,22000000,14,393,50400000.0,2.3655913978494625,2.290909090909091,3100000.0,19807200000.0,0
0,1,0,4200000,10300000,10,506,32200000.0,2.4523809523809526,3.1262135922330097,4200000.0,16293200000.0,0
3,1,0,9600000,37800000,10,418,58400000.0,3.9375,1.5449735449735449,2400000.0,24411200000.0,0
3,1,0,5600000,13400000,6,865,42900000.0,2.392857142857143,3.201492537313433,1400000.0,37108500000.0,1
4,1,0,7800000,28600000,2,703,52900000.0,3.6666666666666665,1.8496503496503496,1560000.0,37188700000.0,1
2,1,1,4500000,12600000,2,568,31500000.0,2.8,2.5,1500000.0,17892000000.0,1
3,1,0,2400000,5900000,2,425,11500000.0,2.4583333333333335,1.9491525423728813,600000.0,4887500000.0,0
0,0,0,3900000,11300000,12,305,21800000.0,2.8974358974358974,1.9292035398230087,3900000.0,6649000000.0,0
5,1,1,9600000,20600000,6,456,61600000.0,2.1458333333333335,2.9902912621359223,1600000.0,28089600000.0,0
4,0,0,900000,2600000,2,602,5600000.0,2.888888888888889,2.1538461538461537,180000.0,3371200000.0,1
3,1,1,1100000,3800000,20,814,7200000.0,3.4545454545454546,1.894736842105263,275000.0,5860800000.0,1
4,0,0,6400000,24900000,2,640,40700000.0,3.890625,1.6345381526104417,1280000.0,26048000000.0,1
2,1,0,4600000,15000000,4,817,29200000.0,3.260869565217391,1.9466666666666668,1533333.3333333333,23856400000.0,1
4,1,0,7600000,29800000,20,361,40800000.0,3.9210526315789473,1.3691275167785235,1520000.0,14728800000.0,0
5,0,0,6800000,20100000,14,839,25600000.0,2.9558823529411766,1.2736318407960199,1133333.3333333333,21478400000.0,1
5,1,0,7100000,27000000,20,592,42500000.0,3.8028169014084505,1.5740740740740742,1183333.3333333333,25160000000.0,1
4,0,1,6700000,24700000,6,498,40800000.0,3.6865671641791047,1.6518218623481782,1340000.0,20318400000.0,0
5,0,1,5800000,12400000,6,847,35800000.0,2.1379310344827585,2.8870967741935485,966666.6666666666,30322600000.0,1
0,1,1,8600000,29400000,16,643,60400000.0,3.4186046511627906,2.054421768707483,8600000.0,38837200000.0,1
0,1,1,3500000,10600000,4,389,24700000.0,3.0285714285714285,2.330188679245283,3500000.0,9608300000.0,1
2,1,1,4800000,17500000,20,381,27700000.0,3.6458333333333335,1.582857142857143,1600000.0,10553700000.0,0
5,1,1,6100000,14400000,16,400,41400000.0,2.360655737704918,2.875,1016666.6666666666,16560000000.0,0
5,1,1,5200000,12700000,16,718,37100000.0,2.4423076923076925,2.921259842519685,866666.6666666666,26637800000.0,1
5,0,1,4100000,12400000,8,309,25500000.0,3.024390243902439,2.056451612903226,683333.3333333334,7879500000.0,0
5,0,0,3200000,7400000,2,838,18900000.0,2.3125,2.554054054054054,533333.3333333334,15838200000.0,1
3,0,1,7500000,21600000,14,678,52200000.0,2.88,2.4166666666666665,1875000.0,35391600000.0,1
2,0,1,1500000,4500000,14,826,11100000.0,3.0,2.466666666666667,500000.0,9168600000.0,1
4,1,1,1200000,3100000,16,348,8600000.0,2.5833333333333335,2.774193548387097,240000.0,2992800000.0,0
1,1,1,8400000,19700000,6,476,85100000.0,2.3452380952380953,4.319796954314721,4200000.0,40507600000.0,0
0,0,1,7900000,26300000,8,666,44000000.0,3.329113924050633,1.673003802281369,7900000.0,29304000000.0,1
1,1,1,2100000,4300000,20,896,12200000.0,2.0476190476190474,2.8372093023255816,1050000.0,10931200000.0,1
2,1,0,2500000,7000000,20,547,9500000.0,2.8,1.3571428571428572,833333.3333333334,5196500000.0,0
2,0,1,3700000,13900000,2,405,23700000.0,3.7567567567567566,1.7050359712230216,1233333.3333333333,9598500000.0,1
5,1,0,1100000,4000000,16,498,3500000.0,3.6363636363636362,0.875,183333.33333333334,1743000000.0,0
5,1,0,6500000,24800000,8,779,41100000.0,3.8153846153846156,1.657258064516129,1083333.3333333333,32016900000.0,1
0,0,1,8200000,31500000,8,403,45400000.0,3.841463414634146,1.4412698412698413,8200000.0,18296200000.0,0
2,0,0,5000000,12400000,8,709,35600000.0,2.48,2.870967741935484,1666666.6666666667,25240400000.0,1
1,0,0,1500000,6000000,6,507,12000000.0,4.0,2.0,750000.0,6084000000.0,0
5,0,0,3700000,9100000,18,368,17500000.0,2.4594594594594597,1.9230769230769231,616666.6666666666,6440000000.0,0
3,1,1,4100000,14600000,16,760,29200000.0,3.5609756097560976,2.0,1025000.0,22192000000.0,1
2,0,0,7200000,16800000,6,796,36900000.0,2.3333333333333335,2.1964285714285716,2400000.0,29372400000.0,1
1,1,0,2000000,5000000,6,876,10700000.0,2.5,2.14,1000000.0,9373200000.0,1
3,0,0,2000000,4700000,14,673,11600000.0,2.35,2.4680851063829787,500000.0,7806800000.0,1
1,1,1,5100000,11500000,4,747,35000000.0,2.2549019607843137,3.0434782608695654,2550000.0,26145000000.0,1
1,0,0,6000000,13600000,12,589,29000000.0,2.2666666666666666,2.1323529411764706,3000000.0,17081000000.0,1
1,1,0,4900000,18100000,8,382,31900000.0,3.693877551020408,1.7624309392265194,2450000.0,12185800000.0,0
3,0,1,900000,2300000,12,900,5700000.0,2.5555555555555554,2.4782608695652173,225000.0,5130000000.0,1
1,1,1,7500000,25000000,18,628,32100000.0,3.3333333333333335,1.284,3750000.0,20158800000.0,1
2,1,0,6400000,25000000,12,667,49900000.0,3.90625,1.996,2133333.3333333335,33283300000.0,1
2,1,1,8700000,26400000,2,778,50000000.0,3.0344827586206895,1.893939393939394,2900000.0,38900000000.0,1
4,1,1,7300000,17200000,18,831,51000000.0,2.356164383561644,2.9651162790697674,1460000.0,42381000000.0,1
5,1,0,7400000,27100000,4,320,69000000.0,3.6621621621621623,2.5461254612546127,1233333.3333333333,22080000000.0,1
2,1,0,2700000,9300000,16,656,20200000.0,3.4444444444444446,2.172043010752688,900000.0,13251200000.0,1
3,1,0,3400000,8900000,6,896,23400000.0,2.6176470588235294,2.6292134831460676,850000.0,20966400000.0,1
3,0,1,2100000,7400000,4,320,14500000.0,3.5238095238095237,1.9594594594594594,525000.0,4640000000.0,1
2,0,0,3100000,10500000,10,751,22000000.0,3.3870967741935485,2.0952380952380953,1033333.3333333334,16522000000.0,1
5,0,0,4700000,17400000,2,523,33700000.0,3.702127659574468,1.9367816091954022,783333.3333333334,17625100000.0,1
5,1,0,3100000,10500000,6,584,23600000.0,3.3870967741935485,2.2476190476190476,516666.6666666667,13782400000.0,1
2,0,0,5700000,20400000,2,630,31600000.0,3.5789473684210527,1.5490196078431373,1900000.0,19908000000.0,1
3,1,1,2300000,8000000,14,472,17200000.0,3.4782608695652173,2.15,575000.0,8118400000.0,0
0,0,1,6600000,18500000,16,802,47200000.0,2.803030303030303,2.5513513513513515,6600000.0,37854400000.0,1
2,1,1,2700000,6400000,18,547,17600000.0,2.3703703703703702,2.75,900000.0,9627200000.0,0
1,0,1,800000,2800000,16,726,7600000.0,3.5,2.7142857142857144,400000.0,5517600000.0,1
1,1,0,6600000,18500000,8,712,37500000.0,2.803030303030303,2.027027027027027,3300000.0,26700000000.0,1
3,1,0,3900000,10700000,6,790,27700000.0,2.7435897435897436,2.588785046728972,975000.0,21883000000.0,1
5,0,0,200000,600000,16,396,700000.0,3.0,1.1666666666666667,33333.333333333336,277200000.0,0
3,1,0,2000000,4200000,6,831,11100000.0,2.1,2.642857142857143,500000.0,9224100000.0,1
2,1,1,9100000,20900000,20,632,47800000.0,2.2967032967032965,2.287081339712919,3033333.3333333335,30209600000.0,1
3,1,0,4700000,10800000,8,527,34800000.0,2.297872340425532,3.2222222222222223,1175000.0,18339600000.0,0
3,0,1,3200000,11100000,6,708,24200000.0,3.46875,2.18018018018018,800000.0,17133600000.0,1
2,0,0,1700000,4200000,14,829,8000000.0,2.4705882352941178,1.9047619047619047,566666.6666666666,6632000000.0,1
1,0,0,2600000,8100000,12,854,18400000.0,3.1153846153846154,2.271604938271605,1300000.0,15713600000.0,1
3,0,1,2700000,6700000,14,899,14600000.0,2.4814814814814814,2.1791044776119404,675000.0,13125400000.0,1
0,0,1,3600000,13400000,6,589,18800000.0,3.7222222222222223,1.4029850746268657,3600000.0,11073200000.0,1
4,1,1,7200000,26000000,6,571,31500000.0,3.611111111111111,1.2115384615384615,1440000.0,17986500000.0,1
2,0,1,2500000,6400000,6,708,20500000.0,2.56,3.203125,833333.3333333334,14514000000.0,1
2,0,0,5500000,19600000,16,328,21800000.0,3.5636363636363635,1.1122448979591837,1833333.3333333333,7150400000.0,0
3,1,1,9200000,33500000,8,564,77200000.0,3.641304347826087,2.3044776119402983,2300000.0,43540800000.0,1
3,0,0,9000000,19000000,8,693,59600000.0,2.111111111111111,3.136842105263158,2250000.0,41302800000.0,1
4,0,1,5900000,15000000,14,626,46800000.0,2.542372881355932,3.12,1180000.0,29296800000.0,1
4,1,0,5600000,15600000,12,470,42200000.0,2.7857142857142856,2.7051282051282053,1120000.0,19834000000.0,0
2,0,1,3200000,12500000,8,849,20500000.0,3.90625,1.64,1066666.6666666667,17404500000.0,1
5,0,0,9100000,27800000,16,547,70200000.0,3.0549450549450547,2.5251798561151078,1516666.6666666667,38399400000.0,0
0,0,1,4600000,15100000,2,417,27900000.0,3.282608695652174,1.8476821192052981,4600000.0,11634300000.0,1
4,1,0,7300000,14900000,2,358,53600000.0,2.041095890410959,3.597315436241611,1460000.0,19188800000.0,0
5,0,1,1300000,3100000,16,826,8400000.0,2.3846153846153846,2.7096774193548385,216666.66666666666,6938400000.0,1
0,0,0,1800000,4200000,6,836,12000000.0,2.3333333333333335,2.857142857142857,1800000.0,10032000000.0,1
3,1,0,500000,1700000,10,509,2400000.0,3.4,1.411764705882353,125000.0,1221600000.0,0
2,0,1,5700000,20500000,20,581,42900000.0,3.5964912280701755,2.0926829268292684,1900000.0,24924900000.0,1
4,1,0,300000,1100000,4,359,1300000.0,3.6666666666666665,1.1818181818181819,60000.0,466700000.0,1
5,1,1,2100000,7100000,10,517,10900000.0,3.380952380952381,1.5352112676056338,350000.0,5635300000.0,0
1,0,1,5700000,20100000,14,442,43400000.0,3.526315789473684,2.1592039800995027,2850000.0,19182800000.0,0
1,0,1,1100000,2700000,16,346,5200000.0,2.4545454545454546,1.9259259259259258,550000.0,1799200000.0,0
5,1,0,9300000,34000000,6,742,45800000.0,3.6559139784946235,1.3470588235294119,1550000.0,33983600000.0,1
1,1,1,3500000,8100000,10,626,22700000.0,2.3142857142857145,2.802469135802469,1750000.0,14210200000.0,1
0,0,1,8200000,28800000,4,619,39400000.0,3.5121951219512195,1.3680555555555556,8200000.0,24388600000.0,1
2,0,1,7500000,17900000,20,734,42500000.0,2.3866666666666667,2.374301675977654,2500000.0,31195000000.0,1
1,1,1,7000000,25600000,6,420,50600000.0,3.657142857142857,1.9765625,3500000.0,21252000000.0,0
5,0,1,3900000,8300000,18,600,20500000.0,2.128205128205128,2.4698795180722892,650000.0,12300000000.0,1
3,1,1,4700000,13200000,12,440,28200000.0,2.8085106382978724,2.1363636363636362,1175000.0,12408000000.0,0
5,0,1,1700000,5200000,16,820,7900000.0,3.0588235294117645,1.5192307692307692,283333.3333333333,6478000000.0,1
0,1,0,2500000,7800000,8,437,14900000.0,3.12,1.9102564102564104,2500000.0,6511300000.0,0
1,0,1,400000,1400000,12,468,2600000.0,3.5,1.8571428571428572,200000.0,1216800000.0,0
0,0,1,2400000,9100000,8,368,11300000.0,3.7916666666666665,1.2417582417582418,2400000.0,4158400000.0,0
4,1,0,5700000,21900000,2,871,25400000.0,3.8421052631578947,1.1598173515981736,1140000.0,22123400000.0,1
1,1,0,9800000,37900000,4,816,68600000.0,3.86734693877551,1.8100263852242744,4900000.0,55977600000.0,1
5,1,0,9000000,32800000,4,773,45100000.0,3.6444444444444444,1.375,1500000.0,34862300000.0,1
3,0,0,800000,3000000,14,576,5500000.0,3.75,1.8333333333333333,200000.0,3168000000.0,1
1,1,0,1600000,4500000,14,673,9600000.0,2.8125,2.1333333333333333,800000.0,6460800000.0,1
0,1,1,9800000,34100000,20,760,77900000.0,3.479591836734694,2.2844574780058653,9800000.0,59204000000.0,1
5,0,1,2900000,7500000,12,678,21000000.0,2.586206896551724,2.8,483333.3333333333,14238000000.0,1
4,0,1,3900000,12000000,14,893,28800000.0,3.076923076923077,2.4,780000.0,25718400000.0,1
0,1,1,3300000,9000000,18,754,21600000.0,2.727272727272727,2.4,3300000.0,16286400000.0,1
3,1,1,700000,2200000,8,617,5300000.0,3.142857142857143,2.409090909090909,175000.0,3270100000.0,1
3,0,1,8400000,29500000,20,661,57800000.0,3.511904761904762,1.959322033898305,2100000.0,38205800000.0,1
1,1,1,4000000,12100000,12,356,33600000.0,3.025,2.7768595041322315,2000000.0,11961600000.0,0
0,0,1,1900000,6300000,16,811,8200000.0,3.3157894736842106,1.3015873015873016,1900000.0,6650200000.0,1
0,0,0,3900000,14600000,2,730,33200000.0,3.7435897435897436,2.2739726027397262,3900000.0,24236000000.0,1
5,0,0,7400000,18000000,2,792,39900000.0,2.4324324324324325,2.216666666666667,1233333.3333333333,31600800000.0,1
5,0,1,5900000,16000000,6,798,36300000.0,2.711864406779661,2.26875,983333.3333333334,28967400000.0,1
2,0,0,1400000,2900000,12,490,9000000.0,2.0714285714285716,3.103448275862069,466666.6666666667,4410000000.0,0
2,1,1,1800000,5500000,6,448,10100000.0,3.0555555555555554,1.8363636363636364,600000.0,4524800000.0,0
0,1,1,1000000,3100000,6,525,7800000.0,3.1,2.5161290322580645,1000000.0,4095000000.0,0
1,1,0,7400000,19200000,20,415,43200000.0,2.5945945945945947,2.25,3700000.0,17928000000.0,0
5,1,0,2700000,10600000,16,496,15800000.0,3.925925925925926,1.490566037735849,450000.0,7836800000.0,0
1,0,1,3600000,13100000,8,543,15600000.0,3.638888888888889,1.1908396946564885,1800000.0,8470800000.0,0
5,1,0,7000000,18400000,12,520,37400000.0,2.6285714285714286,2.032608695652174,1166666.6666666667,19448000000.0,0
4,0,1,5000000,18000000,14,307,27000000.0,3.6,1.5,1000000.0,8289000000.0,0
2,1,0,1800000,5700000,14,502,8200000.0,3.1666666666666665,1.4385964912280702,600000.0,4116400000.0,0
2,1,1,4700000,12000000,6,505,27500000.0,2.5531914893617023,2.2916666666666665,1566666.6666666667,13887500000.0,0
2,0,1,6700000,23100000,4,304,55800000.0,3.4477611940298507,2.4155844155844157,2233333.3333333335,16963200000.0,1
5,0,0,5800000,17500000,10,719,23200000.0,3.0172413793103448,1.3257142857142856,966666.6666666666,16680800000.0,1
0,1,1,5900000,22700000,18,855,38200000.0,3.847457627118644,1.6828193832599119,5900000.0,32661000000.0,1
4,0,0,6000000,15800000,18,593,31200000.0,2.6333333333333333,1.9746835443037976,1200000.0,18501600000.0,1
1,0,1,700000,1400000,10,523,4300000.0,2.0,3.0714285714285716,350000.0,2248900000.0,0
0,0,1,3700000,13100000,14,385,31500000.0,3.5405405405405403,2.404580152671756,3700000.0,12127500000.0,0
0,1,1,7100000,19300000,6,783,35500000.0,2.7183098591549295,1.839378238341969,7100000.0,27796500000.0,1
5,1,1,1100000,3900000,2,538,7600000.0,3.5454545454545454,1.9487179487179487,183333.33333333334,4088800000.0,1
3,0,1,9500000,20100000,2,506,61300000.0,2.1157894736842104,3.0497512437810945,2375000.0,31017800000.0,0
4,0,1,2200000,8600000,2,461,11200000.0,3.909090909090909,1.302325581395349,440000.0,5163200000.0,1
4,0,1,5500000,20000000,8,666,34400000.0,3.6363636363636362,1.72,1100000.0,22910400000.0,1
3,0,1,4400000,16300000,20,561,29500000.0,3.7045454545454546,1.8098159509202454,1100000.0,16549500000.0,1
5,0,0,5000000,10800000,10,345,37700000.0,2.16,3.490740740740741,833333.3333333334,13006500000.0,0
4,0,1,6100000,12500000,14,862,41500000.0,2.0491803278688523,3.32,1220000.0,35773000000.0,1
3,0,0,8100000,22300000,10,686,54500000.0,2.753086419753086,2.4439461883408073,2025000.0,37387000000.0,1
4,1,1,7000000,19600000,8,708,49000000.0,2.8,2.5,1400000.0,34692000000.0,1
4,0,0,5600000,14800000,20,656,36900000.0,2.642857142857143,2.4932432432432434,1120000.0,24206400000.0,1
4,1,0,1800000,7000000,14,743,9600000.0,3.888888888888889,1.3714285714285714,360000.0,7132800000.0,1
2,1,0,3600000,12100000,14,408,32700000.0,3.361111111111111,2.7024793388429753,1200000.0,13341600000.0,0
5,1,0,600000,1300000,14,408,3800000.0,2.1666666666666665,2.923076923076923,100000.0,1550400000.0,0
1,1,1,4900000,16500000,12,439,26400000.0,3.36734693877551,1.6,2450000.0,11589600000.0,0
3,1,1,3000000,7100000,6,415,19700000.0,2.3666666666666667,2.7746478873239435,750000.0,8175500000.0,0
0,0,1,3800000,10600000,12,490,27300000.0,2.789473684210526,2.5754716981132075,3800000.0,13377000000.0,0
1,1,1,7600000,30000000,16,884,44900000.0,3.9473684210526314,1.4966666666666666,3800000.0,39691600000.0,1
4,1,0,7800000,25400000,18,425,54700000.0,3.2564102564102564,2.1535433070866143,1560000.0,23247500000.0,0
0,1,0,6800000,21700000,20,730,41000000.0,3.1911764705882355,1.8894009216589862,6800000.0,29930000000.0,1
4,1,1,5900000,17300000,20,657,24200000.0,2.9322033898305087,1.3988439306358382,1180000.0,15899400000.0,1
2,0,0,4900000,16800000,10,480,26400000.0,3.4285714285714284,1.5714285714285714,1633333.3333333333,12672000000.0,0
3,0,1,1100000,3100000,16,356,6000000.0,2.8181818181818183,1.935483870967742,275000.0,2136000000.0,0
1,0,1,9800000,36000000,12,629,73100000.0,3.673469387755102,2.0305555555555554,4900000.0,45979900000.0,1
1,1,1,1200000,4700000,2,667,6400000.0,3.9166666666666665,1.3617021276595744,600000.0,4268800000.0,1
0,0,0,4700000,11500000,18,559,28800000.0,2.4468085106382977,2.5043478260869567,4700000.0,16099200000.0,1
4,1,0,6700000,16000000,4,791,38900000.0,2.388059701492537,2.43125,1340000.0,30769900000.0,1
0,0,1,3700000,11300000,6,538,22400000.0,3.054054054054054,1.9823008849557522,3700000.0,12051200000.0,0
2,1,0,7400000,16000000,20,358,53300000.0,2.1621621621621623,3.33125,2466666.6666666665,19081400000.0,0
2,0,0,3300000,11700000,14,439,20300000.0,3.5454545454545454,1.735042735042735,1100000.0,8911700000.0,0
2,1,1,4800000,15300000,12,503,23600000.0,3.1875,1.542483660130719,1600000.0,11870800000.0,0
4,1,1,4600000,11900000,6,810,42100000.0,2.5869565217391304,3.53781512605042,920000.0,34101000000.0,1
1,1,1,8000000,30600000,14,302,56500000.0,3.825,1.84640522875817,4000000.0,17063000000.0,0
0,0,0,4100000,8800000,18,300,29400000.0,2.1463414634146343,3.340909090909091,4100000.0,8820000000.0,0
4,0,0,2600000,7200000,16,612,9500000.0,2.769230769230769,1.3194444444444444,520000.0,5814000000.0,1
3,0,0,1300000,5000000,6,686,9700000.0,3.8461538461538463,1.94,325000.0,6654200000.0,1
0,1,1,2300000,4900000,12,409,13600000.0,2.130434782608696,2.7755102040816326,2300000.0,5562400000.0,0
5,1,0,300000,900000,6,492,2200000.0,3.0,2.4444444444444446,50000.0,1082400000.0,0
0,1,1,7000000,21700000,20,498,30700000.0,3.1,1.4147465437788018,7000000.0,15288600000.0,0
3,0,1,4400000,10900000,18,611,26700000.0,2.477272727272727,2.44954128440367,1100000.0,16313700000.0,1
5,0,1,5100000,11800000,6,776,22900000.0,2.3137254901960786,1.9406779661016949,850000.0,17770400000.0,1
1,0,0,5900000,13000000,6,779,42100000.0,2.2033898305084745,3.2384615384615385,2950000.0,32795900000.0,1
3,1,1,7800000,27200000,16,560,42100000.0,3.4871794871794872,1.5477941176470589,1950000.0,23576000000.0,1
4,1,1,2200000,5100000,6,308,15500000.0,2.3181818181818183,3.0392156862745097,440000.0,4774000000.0,0
4,0,0,5400000,12600000,18,786,30400000.0,2.3333333333333335,2.4126984126984126,1080000.0,23894400000.0,1
1,0,0,7400000,29100000,8,597,40200000.0,3.9324324324324325,1.3814432989690721,3700000.0,23999400000.0,1
4,1,0,5800000,12000000,12,811,35500000.0,2.0689655172413794,2.9583333333333335,1160000.0,28790500000.0,1
1,1,1,5800000,13000000,12,862,35600000.0,2.2413793103448274,2.7384615384615385,2900000.0,30687200000.0,1
3,0,1,4800000,14200000,12,369,20400000.0,2.9583333333333335,1.4366197183098592,1200000.0,7527600000.0,0
1,0,1,7400000,23900000,4,687,63400000.0,3.22972972972973,2.6527196652719667,3700000.0,43555800000.0,1
0,0,1,9600000,19600000,12,500,70700000.0,2.0416666666666665,3.607142857142857,9600000.0,35350000000.0,0
2,0,1,200000,500000,6,746,900000.0,2.5,1.8,66666.66666666667,671400000.0,1
4,0,0,700000,2100000,14,619,6000000.0,3.0,2.857142857142857,140000.0,3714000000.0,1
2,0,0,7600000,16700000,20,692,52000000.0,2.1973684210526314,3.1137724550898205,2533333.3333333335,35984000000.0,1
1,0,1,1400000,3300000,18,321,6100000.0,2.357142857142857,1.8484848484848484,700000.0,1958100000.0,0
2,0,1,3800000,15000000,14,730,28000000.0,3.9473684210526314,1.8666666666666667,1266666.6666666667,20440000000.0,1
3,0,0,2700000,10800000,6,480,18200000.0,4.0,1.6851851851851851,675000.0,8736000000.0,0
2,0,1,5000000,10700000,2,753,38800000.0,2.14,3.6261682242990654,1666666.6666666667,29216400000.0,1
4,1,1,9000000,28900000,6,637,50300000.0,3.2111111111111112,1.740484429065744,1800000.0,32041100000.0,1
3,1,0,3700000,9000000,6,483,23200000.0,2.4324324324324325,2.577777777777778,925000.0,11205600000.0,0
4,0,1,300000,1100000,4,315,1800000.0,3.6666666666666665,1.6363636363636365,60000.0,567000000.0,1
4,1,0,1800000,4100000,8,777,10200000.0,2.2777777777777777,2.4878048780487805,360000.0,7925400000.0,1
2,1,0,7900000,17700000,4,402,66700000.0,2.240506329113924,3.768361581920904,2633333.3333333335,26813400000.0,0
4,1,1,2100000,7700000,8,493,10400000.0,3.6666666666666665,1.3506493506493507,420000.0,5127200000.0,0
0,1,1,900000,3100000,4,355,5300000.0,3.4444444444444446,1.7096774193548387,900000.0,1881500000.0,1
3,1,0,9900000,23600000,18,557,59000000.0,2.3838383838383836,2.5,2475000.0,32863000000.0,1
0,0,1,5600000,20000000,20,606,35200000.0,3.5714285714285716,1.76,5600000.0,21331200000.0,1
1,0,1,6000000,12200000,16,743,34900000.0,2.033333333333333,2.860655737704918,3000000.0,25930700000.0,1
5,0,0,5700000,18400000,4,579,38900000.0,3.2280701754385963,2.114130434782609,950000.0,22523100000.0,1
0,1,1,9000000,33100000,20,734,44300000.0,3.6777777777777776,1.338368580060423,9000000.0,32516200000.0,1
0,1,0,7300000,16100000,2,490,41500000.0,2.2054794520547945,2.577639751552795,7300000.0,20335000000.0,0
5,1,0,5300000,20500000,16,802,43500000.0,3.8679245283018866,2.1219512195121952,883333.3333333334,34887000000.0,1
1,0,1,3500000,7400000,16,867,18700000.0,2.1142857142857143,2.527027027027027,1750000.0,16212900000.0,1
0,0,0,1000000,2200000,12,302,7700000.0,2.2,3.5,1000000.0,2325400000.0,0
0,0,0,5100000,19900000,12,867,32900000.0,3.9019607843137254,1.6532663316582914,5100000.0,28524300000.0,1
0,1,1,2900000,9900000,8,312,21200000.0,3.413793103448276,2.1414141414141414,2900000.0,6614400000.0,0
3,0,0,7600000,19100000,14,762,60600000.0,2.513157894736842,3.1727748691099475,1900000.0,46177200000.0,1
5,0,1,6000000,14700000,18,462,42400000.0,2.45,2.8843537414965987,1000000.0,19588800000.0,0
1,1,0,6300000,18200000,18,849,30800000.0,2.888888888888889,1.6923076923076923,3150000.0,26149200000.0,1
3,0,0,1900000,7400000,18,592,13100000.0,3.8947368421052633,1.7702702702702702,475000.0,7755200000.0,1
4,1,0,600000,1400000,4,507,2600000.0,2.3333333333333335,1.8571428571428572,120000.0,1318200000.0,0
2,0,1,4100000,11400000,14,505,31200000.0,2.7804878048780486,2.736842105263158,1366666.6666666667,15756000000.0,0
0,0,1,800000,3200000,8,467,5200000.0,4.0,1.625,800000.0,2428400000.0,0
2,0,0,6600000,22900000,16,543,48300000.0,3.4696969696969697,2.109170305676856,2200000.0,26226900000.0,0
4,1,1,300000,1100000,12,674,1600000.0,3.6666666666666665,1.4545454545454546,60000.0,1078400000.0,1
3,1,0,6100000,13500000,2,717,39400000.0,2.2131147540983607,2.9185185185185185,1525000.0,28249800000.0,1
5,0,1,4800000,17000000,10,666,27500000.0,3.5416666666666665,1.6176470588235294,800000.0,18315000000.0,1
4,0,0,4500000,17300000,18,830,18900000.0,3.8444444444444446,1.092485549132948,900000.0,15687000000.0,1
2,1,0,3800000,9400000,16,383,20300000.0,2.473684210526316,2.1595744680851063,1266666.6666666667,7774900000.0,0
2,1,1,7000000,18900000,8,584,52200000.0,2.7,2.761904761904762,2333333.3333333335,30484800000.0,1
2,0,0,4400000,14200000,18,799,27300000.0,3.227272727272727,1.9225352112676057,1466666.6666666667,21812700000.0,1
5,1,0,5300000,19400000,6,510,39000000.0,3.660377358490566,2.0103092783505154,883333.3333333334,19890000000.0,0
0,0,1,2600000,5900000,6,572,20000000.0,2.269230769230769,3.389830508474576,2600000.0,11440000000.0,1
3,0,0,3300000,13100000,2,554,19000000.0,3.9696969696969697,1.450381679389313,825000.0,10526000000.0,1
1,0,1,1200000,4800000,6,344,9100000.0,4.0,1.8958333333333333,600000.0,3130400000.0,0
3,1,0,4300000,8600000,8,881,34800000.0,2.0,4.046511627906977,1075000.0,30658800000.0,1
0,0,1,8400000,27200000,10,514,36200000.0,3.238095238095238,1.3308823529411764,8400000.0,18606800000.0,0
0,1,0,600000,1800000,18,796,3400000.0,3.0,1.8888888888888888,600000.0,2706400000.0,1
2,1,1,4700000,16200000,12,802,29200000.0,3.4468085106382977,1.8024691358024691,1566666.6666666667,23418400000.0,1
3,1,0,4200000,12500000,20,375,19700000.0,2.9761904761904763,1.576,1050000.0,7387500000.0,0
2,1,0,4300000,14700000,2,871,29700000.0,3.4186046511627906,2.020408163265306,1433333.3333333333,25868700000.0,1
0,0,0,800000,2900000,2,439,4900000.0,3.625,1.6896551724137931,800000.0,2151100000.0,1
0,0,1,9300000,32000000,8,438,78500000.0,3.4408602150537635,2.453125,9300000.0,34383000000.0,0
5,0,0,6200000,13700000,2,468,35000000.0,2.2096774193548385,2.5547445255474455,1033333.3333333334,16380000000.0,0
3,1,1,3500000,10200000,12,645,28500000.0,2.914285714285714,2.7941176470588234,875000.0,18382500000.0,1
2,1,1,3600000,9200000,18,700,20400000.0,2.5555555555555554,2.217391304347826,1200000.0,14280000000.0,1
5,1,1,9500000,36700000,16,348,48700000.0,3.863157894736842,1.326975476839237,1583333.3333333333,16947600000.0,0
5,1,1,600000,1400000,10,877,4500000.0,2.3333333333333335,3.2142857142857144,100000.0,3946500000.0,1
0,0,1,3800000,14900000,6,899,23600000.0,3.9210526315789473,1.5838926174496644,3800000.0,21216400000.0,1
3,1,1,1400000,3500000,12,610,7000000.0,2.5,2.0,350000.0,4270000000.0,1
1,0,0,6300000,23900000,4,742,34700000.0,3.7936507936507935,1.4518828451882846,3150000.0,25747400000.0,1
1,0,1,2800000,6600000,18,801,19700000.0,2.357142857142857,2.984848484848485,1400000.0,15779700000.0,1
4,1,1,5400000,17100000,2,533,35800000.0,3.1666666666666665,2.0935672514619883,1080000.0,19081400000.0,1
3,0,1,6300000,23900000,16,656,42300000.0,3.7936507936507935,1.7698744769874477,1575000.0,27748800000.0,1
3,1,1,3900000,14300000,18,785,37300000.0,3.6666666666666665,2.6083916083916083,975000.0,29280500000.0,1
2,1,1,4200000,15700000,2,332,24000000.0,3.738095238095238,1.5286624203821657,1400000.0,7968000000.0,1
0,1,0,3100000,8100000,18,768,16000000.0,2.6129032258064515,1.9753086419753085,3100000.0,12288000000.0,1
1,1,0,3400000,8600000,6,640,20900000.0,2.5294117647058822,2.4302325581395348,1700000.0,13376000000.0,1
4,0,0,1500000,3100000,6,885,8600000.0,2.066666666666667,2.774193548387097,300000.0,7611000000.0,1
3,0,1,900000,2000000,18,772,7300000.0,2.2222222222222223,3.65,225000.0,5635600000.0,1
4,1,1,7800000,25600000,4,665,38800000.0,3.282051282051282,1.515625,1560000.0,25802000000.0,1
1,0,1,3500000,10500000,20,454,22000000.0,3.0,2.0952380952380953,1750000.0,9988000000.0,0
1,0,0,8400000,32500000,14,698,56000000.0,3.869047619047619,1.7230769230769232,4200000.0,39088000000.0,1
4,0,1,6400000,21300000,20,332,36900000.0,3.328125,1.732394366197183,1280000.0,12250800000.0,0
1,0,0,9600000,28300000,6,536,61300000.0,2.9479166666666665,2.166077738515901,4800000.0,32856800000.0,0
5,0,1,2100000,6500000,10,796,15200000.0,3.0952380952380953,2.3384615384615386,350000.0,12099200000.0,1
2,0,1,6000000,19900000,8,486,46900000.0,3.316666666666667,2.35678391959799,2000000.0,22793400000.0,0
0,0,1,8300000,16800000,18,422,53300000.0,2.0240963855421685,3.1726190476190474,8300000.0,22492600000.0,0
1,0,1,5300000,18500000,6,501,36200000.0,3.490566037735849,1.9567567567567568,2650000.0,18136200000.0,0
1,0,1,9700000,23500000,4,666,55800000.0,2.422680412371134,2.374468085106383,4850000.0,37162800000.0,1
3,0,1,8200000,16500000,18,371,46900000.0,2.0121951219512195,2.8424242424242423,2050000.0,17399900000.0,0
5,1,0,3400000,6900000,14,312,16300000.0,2.0294117647058822,2.36231884057971,566666.6666666666,5085600000.0,0
5,1,0,2800000,11000000,12,753,21600000.0,3.9285714285714284,1.9636363636363636,466666.6666666667,16264800000.0,1
0,0,1,2400000,5200000,16,740,17700000.0,2.1666666666666665,3.4038461538461537,2400000.0,13098000000.0,1
1,1,0,8200000,24000000,4,366,61700000.0,2.926829268292683,2.5708333333333333,4100000.0,22582200000.0,0
4,0,0,4200000,11100000,8,526,33500000.0,2.642857142857143,3.018018018018018,840000.0,17621000000.0,0
4,1,1,5500000,14800000,10,354,48300000.0,2.690909090909091,3.2635135135135136,1100000.0,17098200000.0,0
5,0,1,2900000,6300000,6,719,19100000.0,2.1724137931034484,3.0317460317460316,483333.3333333333,13732900000.0,1
5,0,0,6300000,20100000,12,774,49400000.0,3.1904761904761907,2.45771144278607,1050000.0,38235600000.0,1
5,0,1,9700000,29100000,18,732,60100000.0,3.0,2.0652920962199315,1616666.6666666667,43993200000.0,1
1,0,0,6500000,16000000,6,862,35700000.0,2.4615384615384617,2.23125,3250000.0,30773400000.0,1
5,0,0,4900000,10800000,18,613,27400000.0,2.204081632653061,2.537037037037037,816666.6666666666,16796200000.0,1
5,1,1,6900000,16500000,6,447,25200000.0,2.391304347826087,1.5272727272727273,1150000.0,11264400000.0,0
4,0,1,1100000,3000000,4,730,5600000.0,2.727272727272727,1.8666666666666667,220000.0,4088000000.0,1
2,0,1,7800000,29600000,14,568,48500000.0,3.7948717948717947,1.6385135135135136,2600000.0,27548000000.0,1
2,1,1,8200000,23600000,6,495,66900000.0,2.8780487804878048,2.8347457627118646,2733333.3333333335,33115500000.0,0
5,0,1,6700000,23600000,14,854,33200000.0,3.5223880597014925,1.4067796610169492,1116666.6666666667,28352800000.0,1
3,1,1,7400000,15200000,10,548,53600000.0,2.054054054054054,3.526315789473684,1850000.0,29372800000.0,0
1,0,0,1200000,2700000,14,779,5800000.0,2.25,2.1481481481481484,600000.0,4518200000.0,1
0,0,0,9500000,24800000,2,564,65000000.0,2.610526315789474,2.620967741935484,9500000.0,36660000000.0,1
5,0,1,4000000,8200000,2,571,25100000.0,2.05,3.0609756097560976,666666.6666666666,14332100000.0,1
0,0,1,8600000,32600000,8,778,80200000.0,3.7906976744186047,2.460122699386503,8600000.0,62395600000.0,1
4,1,1,9100000,28400000,12,808,66600000.0,3.120879120879121,2.3450704225352115,1820000.0,53812800000.0,1
0,0,1,7100000,18600000,20,770,60500000.0,2.619718309859155,3.252688172043011,7100000.0,46585000000.0,1
0,0,0,9000000,28400000,4,612,47300000.0,3.1555555555555554,1.6654929577464788,9000000.0,28947600000.0,1
3,1,1,1400000,2700000,14,819,8000000.0,1.9285714285714286,2.962962962962963,350000.0,6552000000.0,1
1,1,0,8800000,20200000,6,627,69800000.0,2.2954545454545454,3.4554455445544554,4400000.0,43764600000.0,1
3,0,1,5400000,14700000,4,359,43400000.0,2.7222222222222223,2.9523809523809526,1350000.0,15580600000.0,0
1,1,0,6100000,19100000,6,341,30300000.0,3.1311475409836067,1.5863874345549738,3050000.0,10332300000.0,0
1,1,0,1000000,3600000,4,570,7000000.0,3.6,1.9444444444444444,500000.0,3990000000.0,1
3,1,1,7700000,18100000,20,736,61400000.0,2.3506493506493507,3.3922651933701657,1925000.0,45190400000.0,1
1,1,1,6100000,12900000,2,302,39200000.0,2.1147540983606556,3.0387596899224807,3050000.0,11838400000.0,0
2,0,1,7700000,21000000,12,420,58300000.0,2.727272727272727,2.776190476190476,2566666.6666666665,24486000000.0,0
4,1,1,4700000,12000000,2,416,33800000.0,2.5531914893617023,2.816666666666667,940000.0,14060800000.0,0
2,1,1,9100000,34800000,20,836,72700000.0,3.8241758241758244,2.089080459770115,3033333.3333333335,60777200000.0,1
0,1,1,5800000,12700000,12,528,42900000.0,2.189655172413793,3.377952755905512,5800000.0,22651200000.0,0
4,0,0,8500000,24900000,2,405,35400000.0,2.929411764705882,1.4216867469879517,1700000.0,14337000000.0,0
2,1,1,9900000,33400000,14,783,63200000.0,3.3737373737373737,1.8922155688622755,3300000.0,49485600000.0,1
4,0,1,2000000,4000000,10,636,7800000.0,2.0,1.95,400000.0,4960800000.0,1
1,0,1,5000000,16800000,6,711,33100000.0,3.36,1.9702380952380953,2500000.0,23534100000.0,1
1,1,1,3200000,11800000,16,848,18500000.0,3.6875,1.5677966101694916,1600000.0,15688000000.0,1
1,0,1,8000000,27800000,8,804,48400000.0,3.475,1.7410071942446044,4000000.0,38913600000.0,1
0,0,1,1200000,2800000,14,892,8300000.0,2.3333333333333335,2.9642857142857144,1200000.0,7403600000.0,1
2,0,1,5800000,22800000,14,696,37900000.0,3.9310344827586206,1.662280701754386,1933333.3333333333,26378400000.0,1
1,1,0,2500000,7600000,20,888,19900000.0,3.04,2.6184210526315788,1250000.0,17671200000.0,1
1,0,1,600000,1400000,10,699,3000000.0,2.3333333333333335,2.142857142857143,300000.0,2097000000.0,1
5,1,0,4900000,13000000,10,865,38200000.0,2.6530612244897958,2.9384615384615387,816666.6666666666,33043000000.0,1
2,1,1,9400000,37300000,14,383,58500000.0,3.9680851063829787,1.5683646112600536,3133333.3333333335,22405500000.0,0
2,1,0,5300000,19300000,16,368,30400000.0,3.641509433962264,1.5751295336787565,1766666.6666666667,11187200000.0,0
5,0,0,5100000,15800000,4,607,33300000.0,3.0980392156862746,2.107594936708861,850000.0,20213100000.0,1
4,0,1,2900000,8900000,18,827,16600000.0,3.0689655172413794,1.8651685393258426,580000.0,13728200000.0,1
1,1,0,9100000,34000000,12,672,51700000.0,3.7362637362637363,1.5205882352941176,4550000.0,34742400000.0,1
3,0,1,8800000,26700000,12,708,67800000.0,3.034090909090909,2.539325842696629,2200000.0,48002400000.0,1
4,0,0,2600000,8800000,10,682,21100000.0,3.3846153846153846,2.397727272727273,520000.0,14390200000.0,1
1,1,1,9700000,25500000,18,741,67800000.0,2.6288659793814433,2.6588235294117646,4850000.0,50239800000.0,1
5,0,1,600000,1200000,8,343,3000000.0,2.0,2.5,100000.0,1029000000.0,0
0,1,1,4100000,11100000,16,785,25400000.0,2.707317073170732,2.2882882882882885,4100000.0,19939000000.0,1
1,0,1,8000000,28000000,20,830,71200000.0,3.5,2.5428571428571427,4000000.0,59096000000.0,1
2,1,0,8800000,26700000,16,696,59400000.0,3.034090909090909,2.2247191011235956,2933333.3333333335,41342400000.0,1
1,1,0,200000,300000,12,697,1700000.0,1.5,5.666666666666667,100000.0,1184900000.0,1
0,1,1,3800000,11700000,2,351,22400000.0,3.0789473684210527,1.9145299145299146,3800000.0,7862400000.0,1
3,1,0,6800000,21800000,10,556,50200000.0,3.2058823529411766,2.302752293577982,1700000.0,27911200000.0,1
0,1,0,8600000,31800000,2,895,63200000.0,3.697674418604651,1.9874213836477987,8600000.0,56564000000.0,1
2,1,1,2800000,8400000,10,534,25200000.0,3.0,3.0,933333.3333333334,13456800000.0,0
0,1,0,8000000,29800000,12,736,55500000.0,3.725,1.8624161073825503,8000000.0,40848000000.0,1
2,1,1,2300000,5500000,16,629,16400000.0,2.391304347826087,2.981818181818182,766666.6666666666,10315600000.0,1
4,1,1,7600000,16200000,20,657,45200000.0,2.1315789473684212,2.7901234567901234,1520000.0,29696400000.0,1
2,1,0,2900000,11300000,12,839,16500000.0,3.896551724137931,1.4601769911504425,966666.6666666666,13843500000.0,1
4,0,0,7900000,25700000,18,589,39700000.0,3.2531645569620253,1.5447470817120623,1580000.0,23383300000.0,1
2,0,0,1900000,4500000,6,805,12400000.0,2.3684210526315788,2.7555555555555555,633333.3333333334,9982000000.0,1
3,0,1,4600000,13600000,20,729,33300000.0,2.9565217391304346,2.448529411764706,1150000.0,24275700000.0,1
1,0,0,2600000,7700000,6,399,20400000.0,2.9615384615384617,2.6493506493506493,1300000.0,8139600000.0,0
2,0,0,2700000,6700000,8,413,19900000.0,2.4814814814814814,2.970149253731343,900000.0,8218700000.0,0
5,1,1,6300000,13200000,16,321,33000000.0,2.0952380952380953,2.5,1050000.0,10593000000.0,0
0,1,1,2600000,7500000,2,853,19100000.0,2.8846153846153846,2.546666666666667,2600000.0,16292300000.0,1
4,0,1,7700000,23400000,6,400,38800000.0,3.038961038961039,1.6581196581196582,1540000.0,15520000000.0,0
0,1,1,7400000,16300000,16,630,58100000.0,2.2027027027027026,3.5644171779141103,7400000.0,36603000000.0,1
3,1,1,7300000,21600000,20,557,41400000.0,2.958904109589041,1.9166666666666667,1825000.0,23059800000.0,1
1,1,0,2900000,7600000,2,358,13700000.0,2.6206896551724137,1.8026315789473684,1450000.0,4904600000.0,0
3,1,1,6600000,16000000,10,510,25600000.0,2.4242424242424243,1.6,1650000.0,13056000000.0,0
2,1,1,2700000,9600000,14,554,18100000.0,3.5555555555555554,1.8854166666666667,900000.0,10027400000.0,1
3,1,1,8300000,27700000,4,596,64700000.0,3.3373493975903616,2.335740072202166,2075000.0,38561200000.0,1
0,1,0,4900000,18500000,8,659,30100000.0,3.7755102040816326,1.627027027027027,4900000.0,19835900000.0,1
4,1,1,7900000,30700000,10,322,60400000.0,3.8860759493670884,1.9674267100977199,1580000.0,19448800000.0,0
5,1,1,8800000,21300000,14,852,52800000.0,2.4204545454545454,2.4788732394366195,1466666.6666666667,44985600000.0,1
5,0,0,4000000,14100000,18,653,24700000.0,3.525,1.75177304964539,666666.6666666666,16129100000.0,1
4,1,1,3900000,9200000,12,737,22600000.0,2.358974358974359,2.4565217391304346,780000.0,16656200000.0,1
3,1,1,7700000,18900000,2,583,38300000.0,2.4545454545454546,2.0264550264550265,1925000.0,22328900000.0,1
1,1,1,3800000,10000000,16,873,22200000.0,2.6315789473684212,2.22,1900000.0,19380600000.0,1
5,1,0,8000000,27000000,20,595,44900000.0,3.375,1.662962962962963,1333333.3333333333,26715500000.0,1
5,1,1,3400000,11300000,20,871,22500000.0,3.323529411764706,1.991150442477876,566666.6666666666,19597500000.0,1
5,1,1,5500000,18800000,12,603,30000000.0,3.418181818181818,1.5957446808510638,916666.6666666666,18090000000.0,1
0,0,0,7700000,29300000,14,801,46100000.0,3.8051948051948052,1.5733788395904438,7700000.0,36926100000.0,1
5,1,0,4000000,9400000,4,723,14300000.0,2.35,1.5212765957446808,666666.6666666666,10338900000.0,1
5,0,1,5900000,22600000,18,630,29800000.0,3.830508474576271,1.3185840707964602,983333.3333333334,18774000000.0,1
0,0,1,2600000,9900000,20,368,12300000.0,3.8076923076923075,1.2424242424242424,2600000.0,4526400000.0,0
3,1,0,6600000,22200000,12,759,38300000.0,3.3636363636363638,1.7252252252252251,1650000.0,29069700000.0,1
0,0,1,1000000,3000000,18,382,7300000.0,3.0,2.433333333333333,1000000.0,2788600000.0,0
4,0,1,800000,2800000,16,645,5200000.0,3.5,1.8571428571428572,160000.0,3354000000.0,1
0,1,0,3200000,6300000,6,878,23600000.0,1.96875,3.746031746031746,3200000.0,20720800000.0,1
4,1,0,8400000,23400000,12,350,62000000.0,2.7857142857142856,2.6495726495726495,1680000.0,21700000000.0,0
3,1,1,5800000,17600000,6,720,34500000.0,3.0344827586206895,1.9602272727272727,1450000.0,24840000000.0,1
0,0,1,7300000,28100000,10,673,40100000.0,3.8493150684931505,1.4270462633451957,7300000.0,26987300000.0,1
1,1,0,3900000,8000000,6,448,15800000.0,2.051282051282051,1.975,1950000.0,7078400000.0,0
2,0,1,4600000,16000000,4,720,20500000.0,3.4782608695652173,1.28125,1533333.3333333333,14760000000.0,1
0,1,0,3600000,12300000,2,300,27900000.0,3.4166666666666665,2.268292682926829,3600000.0,8370000000.0,1
4,1,0,7500000,28700000,20,520,29000000.0,3.8266666666666667,1.0104529616724738,1500000.0,15080000000.0,0
1,1,0,5200000,15000000,12,794,32000000.0,2.8846153846153846,2.1333333333333333,2600000.0,25408000000.0,1
3,1,1,4400000,10000000,8,875,26900000.0,2.272727272727273,2.69,1100000.0,23537500000.0,1
1,0,1,5100000,12900000,14,533,31700000.0,2.5294117647058822,2.4573643410852712,2550000.0,16896100000.0,0
0,1,0,6000000,23600000,6,776,48700000.0,3.933333333333333,2.0635593220338984,6000000.0,37791200000.0,1
2,1,0,3800000,11400000,6,706,19900000.0,3.0,1.7456140350877194,1266666.6666666667,14049400000.0,1
3,1,0,2800000,10900000,2,710,12200000.0,3.892857142857143,1.1192660550458715,700000.0,8662000000.0,1
5,1,1,6500000,18300000,4,333,37200000.0,2.8153846153846156,2.0327868852459017,1083333.3333333333,12387600000.0,0
2,0,1,1600000,6400000,4,787,7900000.0,4.0,1.234375,533333.3333333334,6217300000.0,1
4,1,0,5500000,18600000,12,569,46700000.0,3.381818181818182,2.510752688172043,1100000.0,26572300000.0,1
0,1,1,9600000,20100000,16,427,51400000.0,2.09375,2.557213930348259,9600000.0,21947800000.0,0
0,1,0,7000000,27800000,16,640,39400000.0,3.9714285714285715,1.4172661870503598,7000000.0,25216000000.0,1
2,0,0,4000000,8100000,16,312,23800000.0,2.025,2.9382716049382718,1333333.3333333333,7425600000.0,0
1,0,1,8100000,30900000,12,464,48800000.0,3.814814814814815,1.5792880258899675,4050000.0,22643200000.0,0
2,0,1,6600000,22800000,8,490,40500000.0,3.4545454545454546,1.7763157894736843,2200000.0,19845000000.0,0
5,1,0,4100000,10200000,12,431,26400000.0,2.4878048780487805,2.588235294117647,683333.3333333334,11378400000.0,0
1,1,0,6600000,24800000,4,500,35500000.0,3.757575757575758,1.4314516129032258,3300000.0,17750000000.0,1
4,1,0,5100000,12200000,14,511,30400000.0,2.392156862745098,2.4918032786885247,1020000.0,15534400000.0,0
4,1,0,8200000,25200000,18,691,53700000.0,3.073170731707317,2.130952380952381,1640000.0,37106700000.0,1
1,0,1,9500000,24400000,14,696,68000000.0,2.568421052631579,2.7868852459016393,4750000.0,47328000000.0,1
0,0,1,7600000,27600000,2,437,55600000.0,3.6315789473684212,2.0144927536231885,7600000.0,24297200000.0,1
2,0,1,8400000,20800000,12,335,47600000.0,2.4761904761904763,2.2884615384615383,2800000.0,15946000000.0,0
4,1,0,7600000,25100000,4,671,49500000.0,3.3026315789473686,1.9721115537848606,1520000.0,33214500000.0,1
4,0,1,1400000,3700000,12,621,10900000.0,2.642857142857143,2.945945945945946,280000.0,6768900000.0,1
4,0,1,2700000,6800000,10,455,17400000.0,2.5185185185185186,2.5588235294117645,540000.0,7917000000.0,0
1,1,1,200000,500000,10,856,1400000.0,2.5,2.8,100000.0,1198400000.0,1
3,1,0,600000,2100000,16,892,4000000.0,3.5,1.9047619047619047,150000.0,3568000000.0,1
4,1,0,5200000,12900000,16,819,31800000.0,2.480769230769231,2.4651162790697674,1040000.0,26044200000.0,1
0,0,1,5100000,11600000,10,308,27700000.0,2.2745098039215685,2.3879310344827585,5100000.0,8531600000.0,0
4,1,1,9200000,18600000,2,889,74100000.0,2.0217391304347827,3.9838709677419355,1840000.0,65874900000.0,1
5,0,0,6500000,23200000,18,713,28700000.0,3.5692307692307694,1.2370689655172413,1083333.3333333333,20463100000.0,1
0,1,0,8500000,21000000,6,665,52000000.0,2.4705882352941178,2.4761904761904763,8500000.0,34580000000.0,1
4,0,0,2000000,6000000,12,837,11800000.0,3.0,1.9666666666666666,400000.0,9876600000.0,1
4,0,1,7500000,18000000,20,395,46200000.0,2.4,2.566666666666667,1500000.0,18249000000.0,0
0,1,1,7500000,28900000,10,632,67000000.0,3.8533333333333335,2.3183391003460208,7500000.0,42344000000.0,1
2,0,0,2000000,4300000,16,497,13800000.0,2.15,3.2093023255813953,666666.6666666666,6858600000.0,0
3,1,1,1400000,2700000,14,694,9300000.0,1.9285714285714286,3.4444444444444446,350000.0,6454200000.0,1
1,0,1,1700000,5600000,2,882,14000000.0,3.2941176470588234,2.5,850000.0,12348000000.0,1
2,1,1,5300000,14900000,6,504,32900000.0,2.811320754716981,2.208053691275168,1766666.6666666667,16581600000.0,0
4,0,0,8900000,30100000,2,747,64500000.0,3.3820224719101124,2.142857142857143,1780000.0,48181500000.0,1
3,1,0,9700000,35300000,4,462,61900000.0,3.6391752577319587,1.753541076487252,2425000.0,28597800000.0,1
5,1,0,9000000,25900000,4,538,61600000.0,2.8777777777777778,2.3783783783783785,1500000.0,33140800000.0,0
2,0,1,8500000,30900000,6,664,42800000.0,3.635294117647059,1.3851132686084142,2833333.3333333335,28419200000.0,1
1,0,0,3500000,10900000,4,524,31400000.0,3.1142857142857143,2.8807339449541285,1750000.0,16453600000.0,1
1,0,0,500000,1400000,6,464,3500000.0,2.8,2.5,250000.0,1624000000.0,0
3,1,0,8900000,19100000,6,807,59100000.0,2.146067415730337,3.094240837696335,2225000.0,47693700000.0,1
2,0,1,7800000,27200000,18,622,42700000.0,3.4871794871794872,1.5698529411764706,2600000.0,26559400000.0,1
5,0,1,9800000,27800000,6,827,59600000.0,2.836734693877551,2.143884892086331,1633333.3333333333,49289200000.0,1
0,1,0,5200000,19000000,14,687,36200000.0,3.6538461538461537,1.9052631578947368,5200000.0,24869400000.0,1
4,1,0,7400000,19400000,16,835,60600000.0,2.6216216216216215,3.1237113402061856,1480000.0,50601000000.0,1
3,1,1,1200000,3300000,6,772,5900000.0,2.75,1.7878787878787878,300000.0,4554800000.0,1
1,0,1,1000000,3200000,2,710,4500000.0,3.2,1.40625,500000.0,3195000000.0,1
3,1,1,9500000,32500000,14,581,57800000.0,3.4210526315789473,1.7784615384615385,2375000.0,33581800000.0,1
3,0,0,4500000,11700000,18,775,28700000.0,2.6,2.452991452991453,1125000.0,22242500000.0,1
2,1,0,4900000,16000000,12,710,31500000.0,3.2653061224489797,1.96875,1633333.3333333333,22365000000.0,1
3,0,1,700000,2500000,8,321,5200000.0,3.5714285714285716,2.08,175000.0,1669200000.0,0
0,1,0,9400000,28300000,20,761,78200000.0,3.0106382978723403,2.7632508833922262,9400000.0,59510200000.0,1
3,0,1,8300000,31400000,6,674,25900000.0,3.783132530120482,0.8248407643312102,2075000.0,17456600000.0,0
4,1,1,5600000,13000000,4,899,37400000.0,2.3214285714285716,2.876923076923077,1120000.0,33622600000.0,1
5,0,1,4400000,12300000,8,567,22100000.0,2.7954545454545454,1.7967479674796747,733333.3333333334,12530700000.0,1
3,1,0,2100000,5400000,8,771,16100000.0,2.5714285714285716,2.9814814814814814,525000.0,12413100000.0,1
1,0,1,4400000,10600000,4,360,34400000.0,2.409090909090909,3.2452830188679247,2200000.0,12384000000.0,0
0,0,0,6300000,19600000,6,425,45500000.0,3.111111111111111,2.3214285714285716,6300000.0,19337500000.0,0
4,1,0,9900000,30000000,18,496,61500000.0,3.0303030303030303,2.05,1980000.0,30504000000.0,0
3,0,0,700000,1600000,20,705,4500000.0,2.2857142857142856,2.8125,175000.0,3172500000.0,1
4,0,0,3600000,12400000,14,427,24500000.0,3.4444444444444446,1.9758064516129032,720000.0,10461500000.0,0
1,0,1,5600000,21000000,2,552,37700000.0,3.75,1.7952380952380953,2800000.0,20810400000.0,1
3,0,1,1000000,3700000,8,725,9600000.0,3.7,2.5945945945945947,250000.0,6960000000.0,1
5,1,1,6400000,15600000,8,553,45500000.0,2.4375,2.9166666666666665,1066666.6666666667,25161500000.0,1
0,0,0,8900000,19100000,2,725,51100000.0,2.146067415730337,2.675392670157068,8900000.0,37047500000.0,1
4,1,0,9900000,26100000,2,481,52400000.0,2.6363636363636362,2.007662835249042,1980000.0,25204400000.0,0
2,1,1,4000000,8600000,4,847,29600000.0,2.15,3.441860465116279,1333333.3333333333,25071200000.0,1
0,0,1,7300000,25700000,10,666,52100000.0,3.5205479452054793,2.027237354085603,7300000.0,34698600000.0,1
1,0,0,8100000,25400000,6,477,45300000.0,3.1358024691358026,1.7834645669291338,4050000.0,21608100000.0,0
4,1,1,6800000,22100000,4,446,36400000.0,3.25,1.6470588235294117,1360000.0,16234400000.0,1
0,0,1,2600000,8200000,8,630,20400000.0,3.1538461538461537,2.4878048780487805,2600000.0,12852000000.0,1
5,0,1,300000,1100000,20,613,1900000.0,3.6666666666666665,1.7272727272727273,50000.0,1164700000.0,1
2,1,1,2400000,7500000,4,851,11800000.0,3.125,1.5733333333333333,800000.0,10041800000.0,1
0,0,0,6000000,20600000,12,339,39500000.0,3.433333333333333,1.9174757281553398,6000000.0,13390500000.0,0
4,1,1,3800000,11100000,16,857,35100000.0,2.9210526315789473,3.1621621621621623,760000.0,30080700000.0,1
0,1,1,7000000,22100000,14,467,48300000.0,3.157142857142857,2.18552036199095,7000000.0,22556100000.0,0
0,1,1,5400000,12900000,16,355,39900000.0,2.388888888888889,3.0930232558139537,5400000.0,14164500000.0,0
1,0,0,6400000,16400000,6,428,56100000.0,2.5625,3.4207317073170733,3200000.0,24010800000.0,0
5,0,1,7000000,24000000,14,450,41800000.0,3.4285714285714284,1.7416666666666667,1166666.6666666667,18810000000.0,0
2,0,1,2100000,4600000,4,348,14200000.0,2.1904761904761907,3.0869565217391304,700000.0,4941600000.0,0
4,0,1,4400000,15000000,12,459,20300000.0,3.409090909090909,1.3533333333333333,880000.0,9317700000.0,0
0,0,0,8000000,31000000,8,847,49700000.0,3.875,1.603225806451613,8000000.0,42095900000.0,1
2,0,1,3900000,8300000,18,523,13300000.0,2.128205128205128,1.6024096385542168,1300000.0,6955900000.0,0
0,1,0,4700000,15200000,10,786,31900000.0,3.234042553191489,2.098684210526316,4700000.0,25073400000.0,1
0,1,0,6800000,21200000,14,300,35200000.0,3.1176470588235294,1.6603773584905661,6800000.0,10560000000.0,0
0,0,1,1800000,6500000,12,728,11500000.0,3.611111111111111,1.7692307692307692,1800000.0,8372000000.0,1
3,0,1,8600000,32000000,4,497,38200000.0,3.7209302325581395,1.19375,2150000.0,18985400000.0,1
1,0,1,3600000,13700000,10,548,25300000.0,3.8055555555555554,1.8467153284671534,1800000.0,13864400000.0,0
1,1,1,6800000,22900000,6,576,31000000.0,3.3676470588235294,1.3537117903930131,3400000.0,17856000000.0,1
3,1,1,1100000,4100000,20,863,6200000.0,3.727272727272727,1.5121951219512195,275000.0,5350600000.0,1
4,1,1,4000000,8400000,8,717,28200000.0,2.1,3.357142857142857,800000.0,20219400000.0,1
1,1,0,2500000,5900000,12,668,18000000.0,2.36,3.0508474576271185,1250000.0,12024000000.0,1
2,1,0,5400000,17400000,10,335,29700000.0,3.2222222222222223,1.706896551724138,1800000.0,9949500000.0,0
5,0,0,6600000,13600000,4,861,40100000.0,2.0606060606060606,2.948529411764706,1100000.0,34526100000.0,1
4,0,0,6000000,14900000,2,321,39100000.0,2.4833333333333334,2.6241610738255035,1200000.0,12551100000.0,0
0,1,1,2200000,8300000,10,585,11500000.0,3.772727272727273,1.3855421686746987,2200000.0,6727500000.0,1
1,1,0,8800000,18500000,10,704,55500000.0,2.102272727272727,3.0,4400000.0,39072000000.0,1
0,0,1,4000000,10300000,4,819,30100000.0,2.575,2.9223300970873787,4000000.0,24651900000.0,1
4,0,1,3600000,12400000,18,494,17500000.0,3.4444444444444446,1.4112903225806452,720000.0,8645000000.0,0
5,1,1,8100000,22500000,2,808,33800000.0,2.7777777777777777,1.5022222222222221,1350000.0,27310400000.0,1
3,0,1,5200000,11000000,12,830,37600000.0,2.1153846153846154,3.418181818181818,1300000.0,31208000000.0,1
5,1,0,1100000,2800000,14,473,5500000.0,2.5454545454545454,1.9642857142857142,183333.33333333334,2601500000.0,0
2,1,0,7500000,29800000,4,392,32500000.0,3.973333333333333,1.0906040268456376,2500000.0,12740000000.0,1
5,0,0,7700000,20300000,12,806,63100000.0,2.6363636363636362,3.1083743842364533,1283333.3333333333,50858600000.0,1
0,0,0,5700000,21400000,8,340,26100000.0,3.754385964912281,1.219626168224299,5700000.0,8874000000.0,0
3,1,1,5000000,13900000,8,555,41900000.0,2.78,3.014388489208633,1250000.0,23254500000.0,1
5,0,0,500000,1200000,16,499,2900000.0,2.4,2.4166666666666665,83333.33333333333,1447100000.0,0
3,1,0,8900000,21300000,10,467,61900000.0,2.393258426966292,2.9061032863849765,2225000.0,28907300000.0,0
1,0,0,1700000,6600000,4,797,12100000.0,3.8823529411764706,1.8333333333333333,850000.0,9643700000.0,1
4,0,1,500000,1300000,18,762,3300000.0,2.6,2.5384615384615383,100000.0,2514600000.0,1
3,0,1,9900000,36500000,16,562,67900000.0,3.686868686868687,1.8602739726027397,2475000.0,38159800000.0,1
1,1,0,8400000,21800000,2,492,39800000.0,2.5952380952380953,1.8256880733944953,4200000.0,19581600000.0,0
3,0,1,500000,1700000,4,824,2900000.0,3.4,1.7058823529411764,125000.0,2389600000.0,1
2,1,0,1700000,5700000,10,602,13900000.0,3.3529411764705883,2.43859649122807,566666.6666666666,8367800000.0,1
1,0,1,6500000,18300000,10,722,44200000.0,2.8153846153846156,2.4153005464480874,3250000.0,31912400000.0,1
1,0,0,8900000,28400000,6,709,61200000.0,3.191011235955056,2.1549295774647885,4450000.0,43390800000.0,1
1,0,0,400000,1400000,4,302,2300000.0,3.5,1.6428571428571428,200000.0,694600000.0,1
3,0,0,5700000,12300000,6,364,44400000.0,2.1578947368421053,3.6097560975609757,1425000.0,16161600000.0,0
0,0,1,9600000,23800000,12,389,76300000.0,2.4791666666666665,3.2058823529411766,9600000.0,29680700000.0,0
0,1,1,8500000,20000000,16,786,47300000.0,2.3529411764705883,2.365,8500000.0,37177800000.0,1
0,1,0,4000000,11500000,8,434,21600000.0,2.875,1.8782608695652174,4000000.0,9374400000.0,0
2,0,1,6300000,18100000,6,671,34700000.0,2.873015873015873,1.9171270718232045,2100000.0,23283700000.0,1
3,1,1,4000000,14700000,8,376,22300000.0,3.675,1.5170068027210883,1000000.0,8384800000.0,0
4,1,0,9400000,32200000,6,898,67500000.0,3.425531914893617,2.0962732919254656,1880000.0,60615000000.0,1
5,1,1,4100000,15500000,10,836,30400000.0,3.7804878048780486,1.961290322580645,683333.3333333334,25414400000.0,1
4,1,1,1100000,4400000,6,515,7500000.0,4.0,1.7045454545454546,220000.0,3862500000.0,0
3,0,0,8700000,24800000,20,360,69400000.0,2.8505747126436782,2.7983870967741935,2175000.0,24984000000.0,0
4,1,1,4900000,12800000,2,691,26800000.0,2.6122448979591835,2.09375,980000.0,18518800000.0,1
1,0,1,2800000,9100000,14,510,20000000.0,3.25,2.197802197802198,1400000.0,10200000000.0,0
0,1,0,9600000,23200000,18,389,49600000.0,2.4166666666666665,2.1379310344827585,9600000.0,19294400000.0,0
3,1,1,6900000,19000000,14,348,32200000.0,2.753623188405797,1.694736842105263,1725000.0,11205600000.0,0
2,0,1,2300000,8100000,2,504,12600000.0,3.5217391304347827,1.5555555555555556,766666.6666666666,6350400000.0,1
2,0,0,6800000,21300000,20,658,50300000.0,3.1323529411764706,2.3615023474178405,2266666.6666666665,33097400000.0,1
1,0,1,2200000,5400000,16,641,11900000.0,2.4545454545454546,2.2037037037037037,1100000.0,7627900000.0,1
2,0,0,5900000,19800000,20,327,37500000.0,3.3559322033898304,1.893939393939394,1966666.6666666667,12262500000.0,0
1,1,1,7000000,20300000,18,726,50800000.0,2.9,2.502463054187192,3500000.0,36880800000.0,1
1,1,1,9600000,34100000,20,828,78300000.0,3.5520833333333335,2.2961876832844577,4800000.0,64832400000.0,1
0,1,0,6500000,14500000,12,755,45100000.0,2.230769230769231,3.110344827586207,6500000.0,34050500000.0,1
2,0,1,3800000,7600000,20,788,21700000.0,2.0,2.8552631578947367,1266666.6666666667,17099600000.0,1
2,1,0,9400000,25100000,20,832,49700000.0,2.6702127659574466,1.9800796812749004,3133333.3333333335,41350400000.0,1
0,0,0,2100000,8200000,4,554,15300000.0,3.9047619047619047,1.8658536585365855,2100000.0,8476200000.0,1
1,0,1,8500000,26200000,8,811,74400000.0,3.0823529411764707,2.8396946564885495,4250000.0,60338400000.0,1
5,1,1,3800000,12000000,2,649,26000000.0,3.1578947368421053,2.1666666666666665,633333.3333333334,16874000000.0,1
1,0,1,3400000,9700000,20,830,25000000.0,2.8529411764705883,2.577319587628866,1700000.0,20750000000.0,1
1,1,1,5600000,11700000,6,707,28200000.0,2.0892857142857144,2.41025641025641,2800000.0,19937400000.0,1
0,1,1,8500000,33700000,10,483,68900000.0,3.9647058823529413,2.0445103857566767,8500000.0,33278700000.0,0
4,0,1,2100000,5500000,18,349,8700000.0,2.619047619047619,1.5818181818181818,420000.0,3036300000.0,0
4,1,0,400000,1500000,4,846,2500000.0,3.75,1.6666666666666667,80000.0,2115000000.0,1
4,0,0,7900000,31500000,20,386,49400000.0,3.9873417721518987,1.5682539682539682,1580000.0,19068400000.0,0
5,0,0,6900000,19200000,12,408,48900000.0,2.782608695652174,2.546875,1150000.0,19951200000.0,0
0,0,1,1800000,3900000,2,764,7600000.0,2.1666666666666665,1.9487179487179487,1800000.0,5806400000.0,1
0,1,1,1200000,3200000,18,473,6300000.0,2.6666666666666665,1.96875,1200000.0,2979900000.0,0
3,0,0,3600000,9800000,12,654,11600000.0,2.7222222222222223,1.183673469387755,900000.0,7586400000.0,1
1,1,0,7200000,22800000,2,551,54500000.0,3.1666666666666665,2.3903508771929824,3600000.0,30029500000.0,1
5,1,0,9400000,21800000,6,850,56600000.0,2.3191489361702127,2.596330275229358,1566666.6666666667,48110000000.0,1
5,1,0,9000000,24200000,4,646,47900000.0,2.688888888888889,1.9793388429752066,1500000.0,30943400000.0,1
1,0,1,1000000,2100000,8,793,7800000.0,2.1,3.7142857142857144,500000.0,6185400000.0,1
3,0,0,5600000,19900000,16,551,38800000.0,3.5535714285714284,1.949748743718593,1400000.0,21378800000.0,1
1,1,0,900000,2600000,4,346,4900000.0,2.888888888888889,1.8846153846153846,450000.0,1695400000.0,0
5,0,1,9000000,19100000,14,540,35300000.0,2.1222222222222222,1.8481675392670156,1500000.0,19062000000.0,0
2,0,0,3100000,9000000,20,892,21700000.0,2.903225806451613,2.411111111111111,1033333.3333333334,19356400000.0,1
1,0,1,8000000,20700000,6,570,47200000.0,2.5875,2.2801932367149758,4000000.0,26904000000.0,1
4,0,1,3500000,11300000,16,874,19000000.0,3.2285714285714286,1.6814159292035398,700000.0,16606000000.0,1
4,1,0,3900000,12600000,8,553,27500000.0,3.230769230769231,2.1825396825396823,780000.0,15207500000.0,1
2,1,0,9700000,34500000,10,649,48900000.0,3.556701030927835,1.4173913043478261,3233333.3333333335,31736100000.0,1
4,1,0,4500000,15800000,14,439,35400000.0,3.511111111111111,2.240506329113924,900000.0,15540600000.0,0
5,0,0,6800000,24800000,8,621,54600000.0,3.6470588235294117,2.2016129032258065,1133333.3333333333,33906600000.0,1
2,0,0,6300000,18600000,14,872,45400000.0,2.9523809523809526,2.4408602150537635,2100000.0,39588800000.0,1
2,1,0,4900000,18500000,8,492,33900000.0,3.7755102040816326,1.8324324324324324,1633333.3333333333,16678800000.0,0
0,1,0,4800000,18600000,6,618,39000000.0,3.875,2.096774193548387,4800000.0,24102000000.0,1
5,1,0,7500000,15800000,18,458,45100000.0,2.1066666666666665,2.8544303797468356,1250000.0,20655800000.0,0
5,0,0,5200000,13900000,4,422,31300000.0,2.673076923076923,2.2517985611510793,866666.6666666666,13208600000.0,0
3,0,1,9400000,30900000,20,873,68800000.0,3.2872340425531914,2.226537216828479,2350000.0,60062400000.0,1
5,0,0,3200000,10000000,14,610,18800000.0,3.125,1.88,533333.3333333334,11468000000.0,1
1,0,1,3600000,13200000,20,546,29300000.0,3.6666666666666665,2.2196969696969697,1800000.0,15997800000.0,0
1,0,1,3400000,7200000,8,741,26300000.0,2.1176470588235294,3.6527777777777777,1700000.0,19488300000.0,1
3,1,0,2100000,8200000,6,754,9700000.0,3.9047619047619047,1.1829268292682926,525000.0,7313800000.0,1
1,1,0,7200000,15100000,8,379,40800000.0,2.0972222222222223,2.7019867549668874,3600000.0,15463200000.0,0
5,1,0,4500000,16900000,18,455,21500000.0,3.7555555555555555,1.272189349112426,750000.0,9782500000.0,0
0,1,1,2600000,9000000,20,615,18600000.0,3.4615384615384617,2.066666666666667,2600000.0,11439000000.0,1
4,1,1,6400000,21700000,10,384,45500000.0,3.390625,2.096774193548387,1280000.0,17472000000.0,0
0,1,0,6400000,25100000,16,628,43500000.0,3.921875,1.7330677290836654,6400000.0,27318000000.0,1
3,1,0,3100000,11200000,16,865,19000000.0,3.6129032258064515,1.6964285714285714,775000.0,16435000000.0,1
2,1,0,1800000,5300000,2,679,9100000.0,2.9444444444444446,1.7169811320754718,600000.0,6178900000.0,1
1,1,1,9300000,19000000,14,689,79600000.0,2.043010752688172,4.189473684210526,4650000.0,54844400000.0,1
5,0,1,6500000,13800000,10,636,46000000.0,2.123076923076923,3.3333333333333335,1083333.3333333333,29256000000.0,1
1,0,0,3100000,6600000,20,837,24800000.0,2.129032258064516,3.757575757575758,1550000.0,20757600000.0,1
3,0,0,2300000,8500000,12,557,12500000.0,3.6956521739130435,1.4705882352941178,575000.0,6962500000.0,1
2,1,0,500000,1700000,10,324,3100000.0,3.4,1.8235294117647058,166666.66666666666,1004400000.0,0
0,0,1,3700000,9300000,14,531,20100000.0,2.5135135135135136,2.161290322580645,3700000.0,10673100000.0,0
4,0,1,8600000,21400000,14,476,49700000.0,2.488372093023256,2.322429906542056,1720000.0,23657200000.0,0
4,1,0,2600000,8500000,4,775,17400000.0,3.269230769230769,2.0470588235294116,520000.0,13485000000.0,1
1,0,1,7100000,18000000,20,477,48400000.0,2.535211267605634,2.688888888888889,3550000.0,23086800000.0,0
4,0,1,7000000,19800000,16,682,36400000.0,2.8285714285714287,1.8383838383838385,1400000.0,24824800000.0,1
5,0,0,8300000,17700000,12,334,65100000.0,2.1325301204819276,3.6779661016949152,1383333.3333333333,21743400000.0,0
3,1,1,6800000,23900000,12,565,47100000.0,3.514705882352941,1.9707112970711298,1700000.0,26611500000.0,1
1,0,1,9900000,25700000,2,340,75700000.0,2.595959595959596,2.945525291828794,4950000.0,25738000000.0,0
2,1,0,5100000,11000000,14,322,27400000.0,2.156862745098039,2.4909090909090907,1700000.0,8822800000.0,0
4,1,1,3500000,10700000,8,883,12900000.0,3.057142857142857,1.205607476635514,700000.0,11390700000.0,1
3,1,1,4300000,12800000,16,346,20100000.0,2.9767441860465116,1.5703125,1075000.0,6954600000.0,0
0,1,1,5300000,20200000,2,861,24000000.0,3.811320754716981,1.188118811881188,5300000.0,20664000000.0,1
5,1,1,6400000,21900000,12,699,37200000.0,3.421875,1.6986301369863013,1066666.6666666667,26002800000.0,1
0,1,0,9300000,27200000,8,629,50700000.0,2.924731182795699,1.8639705882352942,9300000.0,31890300000.0,1
3,1,0,1100000,3100000,14,359,7500000.0,2.8181818181818183,2.4193548387096775,275000.0,2692500000.0,0
2,0,0,7100000,27000000,10,430,57700000.0,3.8028169014084505,2.137037037037037,2366666.6666666665,24811000000.0,0
4,0,0,1100000,3300000,18,417,7300000.0,3.0,2.212121212121212,220000.0,3044100000.0,0
2,1,0,1900000,5200000,6,896,13000000.0,2.736842105263158,2.5,633333.3333333334,11648000000.0,1
0,0,0,1300000,3900000,16,690,10800000.0,3.0,2.769230769230769,1300000.0,7452000000.0,1
5,1,0,7500000,22800000,16,347,43100000.0,3.04,1.8903508771929824,1250000.0,14955700000.0,0
4,0,0,2400000,7000000,4,539,14800000.0,2.9166666666666665,2.1142857142857143,480000.0,7977200000.0,0
4,1,1,2500000,8000000,8,464,19000000.0,3.2,2.375,500000.0,8816000000.0,0
4,1,0,7500000,16200000,4,310,45800000.0,2.16,2.8271604938271606,1500000.0,14198000000.0,0
3,0,0,9300000,36600000,6,431,78300000.0,3.935483870967742,2.139344262295082,2325000.0,33747300000.0,0
5,0,0,3300000,10000000,12,489,12500000.0,3.0303030303030303,1.25,550000.0,6112500000.0,0
4,0,1,5700000,13900000,12,775,27700000.0,2.43859649122807,1.9928057553956835,1140000.0,21467500000.0,1
4,0,0,300000,600000,6,365,6900000.0,2.0,11.5,60000.0,2518500000.0,0
2,0,1,1200000,4500000,10,555,5300000.0,3.75,1.1777777777777778,400000.0,2941500000.0,1
4,1,1,8200000,29600000,10,457,45800000.0,3.6097560975609757,1.5472972972972974,1640000.0,20930600000.0,0
3,0,0,5500000,12400000,8,580,28300000.0,2.2545454545454544,2.282258064516129,1375000.0,16414000000.0,1
4,0,0,1800000,7200000,20,496,13300000.0,4.0,1.8472222222222223,360000.0,6596800000.0,0
0,0,0,3500000,11400000,16,837,18500000.0,3.257142857142857,1.6228070175438596,3500000.0,15484500000.0,1
4,0,1,6000000,13200000,6,455,36800000.0,2.2,2.787878787878788,1200000.0,16744000000.0,0
0,1,1,2700000,9700000,20,551,11300000.0,3.5925925925925926,1.1649484536082475,2700000.0,6226300000.0,1
4,0,1,5900000,20700000,10,825,49100000.0,3.5084745762711864,2.3719806763285023,1180000.0,40507500000.0,1
1,0,1,2100000,4200000,18,554,12100000.0,2.0,2.880952380952381,1050000.0,6703400000.0,1
0,0,1,2000000,5200000,18,400,9900000.0,2.6,1.9038461538461537,2000000.0,3960000000.0,0
5,0,0,9000000,34300000,10,853,76700000.0,3.811111111111111,2.2361516034985423,1500000.0,65425100000.0,1
1,0,1,7600000,18800000,14,403,60300000.0,2.473684210526316,3.2074468085106385,3800000.0,24300900000.0,0
3,1,0,500000,1500000,6,392,4000000.0,3.0,2.6666666666666665,125000.0,1568000000.0,0
1,1,0,6300000,19000000,20,673,42900000.0,3.015873015873016,2.2578947368421054,3150000.0,28871700000.0,1
0,1,1,3100000,7100000,10,498,21400000.0,2.2903225806451615,3.0140845070422535,3100000.0,10657200000.0,0
1,0,0,1100000,2600000,6,858,7000000.0,2.3636363636363638,2.6923076923076925,550000.0,6006000000.0,1
4,1,1,3900000,14300000,20,477,17600000.0,3.6666666666666665,1.2307692307692308,780000.0,8395200000.0,0
4,0,1,8700000,28200000,12,548,50000000.0,3.2413793103448274,1.7730496453900708,1740000.0,27400000000.0,0
4,0,1,6400000,23900000,6,300,59700000.0,3.734375,2.497907949790795,1280000.0,17910000000.0,0
2,1,1,200000,800000,12,483,1200000.0,4.0,1.5,66666.66666666667,579600000.0,0
1,1,0,2400000,5800000,20,384,15700000.0,2.4166666666666665,2.706896551724138,1200000.0,6028800000.0,0
3,0,0,8900000,35200000,10,894,60200000.0,3.955056179775281,1.7102272727272727,2225000.0,53818800000.0,1
3,0,0,6100000,14800000,10,492,34200000.0,2.4262295081967213,2.310810810810811,1525000.0,16826400000.0,0
5,0,1,7600000,25700000,4,607,60500000.0,3.3815789473684212,2.3540856031128405,1266666.6666666667,36723500000.0,1
3,0,0,900000,2400000,16,701,3100000.0,2.6666666666666665,1.2916666666666667,225000.0,2173100000.0,1
2,0,1,7100000,19700000,20,890,44000000.0,2.7746478873239435,2.233502538071066,2366666.6666666665,39160000000.0,1
2,0,1,5000000,14600000,10,808,28300000.0,2.92,1.9383561643835616,1666666.6666666667,22866400000.0,1
4,1,1,2000000,7400000,20,596,10300000.0,3.7,1.3918918918918919,400000.0,6138800000.0,1
4,1,1,2600000,6200000,14,421,17000000.0,2.3846153846153846,2.7419354838709675,520000.0,7157000000.0,0
2,1,1,7000000,14900000,20,495,42900000.0,2.1285714285714286,2.879194630872483,2333333.3333333335,21235500000.0,0
3,1,0,3900000,9800000,6,604,29200000.0,2.5128205128205128,2.979591836734694,975000.0,17636800000.0,1
3,1,0,8400000,32600000,4,509,76400000.0,3.880952380952381,2.3435582822085887,2100000.0,38887600000.0,1
0,1,1,200000,600000,8,852,1100000.0,3.0,1.8333333333333333,200000.0,937200000.0,1
2,0,1,1900000,6700000,16,893,17100000.0,3.526315789473684,2.5522388059701493,633333.3333333334,15270300000.0,1
2,0,1,9200000,33000000,14,874,51400000.0,3.5869565217391304,1.5575757575757576,3066666.6666666665,44923600000.0,1
3,0,1,300000,500000,6,386,2300000.0,1.6666666666666667,4.6,75000.0,887800000.0,0
5,1,0,6300000,18100000,4,590,47300000.0,2.873015873015873,2.613259668508287,1050000.0,27907000000.0,1
2,0,0,6100000,23500000,14,510,34300000.0,3.8524590163934427,1.4595744680851064,2033333.3333333333,17493000000.0,0
3,1,1,7800000,25600000,6,523,50700000.0,3.282051282051282,1.98046875,1950000.0,26516100000.0,0
0,1,1,2000000,6700000,8,461,16900000.0,3.35,2.5223880597014925,2000000.0,7790900000.0,0
4,0,0,1900000,5600000,2,832,15500000.0,2.9473684210526314,2.767857142857143,380000.0,12896000000.0,1
2,0,1,3300000,9600000,18,896,27800000.0,2.909090909090909,2.8958333333333335,1100000.0,24908800000.0,1
0,0,1,9500000,26000000,2,732,67800000.0,2.736842105263158,2.6076923076923078,9500000.0,49629600000.0,1
0,1,1,3500000,13900000,16,301,21800000.0,3.9714285714285715,1.5683453237410072,3500000.0,6561800000.0,0
5,1,0,4400000,15800000,4,701,31600000.0,3.590909090909091,2.0,733333.3333333334,22151600000.0,1
2,0,0,2000000,4000000,14,502,13100000.0,2.0,3.275,666666.6666666666,6576200000.0,0
3,0,0,9200000,19500000,12,742,61400000.0,2.119565217391304,3.1487179487179486,2300000.0,45558800000.0,1
1,0,0,2200000,5000000,2,755,13500000.0,2.272727272727273,2.7,1100000.0,10192500000.0,1
1,0,0,1900000,7100000,2,834,13400000.0,3.736842105263158,1.8873239436619718,950000.0,11175600000.0,1
5,1,1,8700000,18400000,12,394,58600000.0,2.1149425287356323,3.1847826086956523,1450000.0,23088400000.0,0
3,1,1,9700000,19700000,4,663,60300000.0,2.0309278350515463,3.0609137055837565,2425000.0,39978900000.0,1
3,1,0,9400000,20300000,10,649,72400000.0,2.1595744680851063,3.5665024630541873,2350000.0,46987600000.0,1
4,0,1,8000000,23200000,14,738,48300000.0,2.9,2.081896551724138,1600000.0,35645400000.0,1
5,0,0,1000000,2000000,4,524,7400000.0,2.0,3.7,166666.66666666666,3877600000.0,0
5,0,0,5300000,14600000,16,855,24400000.0,2.7547169811320753,1.6712328767123288,883333.3333333334,20862000000.0,1
3,1,1,1400000,5400000,20,304,6700000.0,3.857142857142857,1.2407407407407407,350000.0,2036800000.0,0
2,1,1,1600000,3800000,12,532,11100000.0,2.375,2.9210526315789473,533333.3333333334,5905200000.0,0
3,1,1,3400000,8500000,6,584,19400000.0,2.5,2.2823529411764705,850000.0,11329600000.0,1
3,1,0,7800000,28700000,4,447,48100000.0,3.6794871794871793,1.67595818815331,1950000.0,21500700000.0,1
4,0,0,7100000,19900000,14,852,35200000.0,2.8028169014084505,1.7688442211055277,1420000.0,29990400000.0,1
1,0,1,6000000,13100000,2,368,30700000.0,2.183333333333333,2.3435114503816794,3000000.0,11297600000.0,0
3,0,1,8200000,28900000,10,447,55300000.0,3.524390243902439,1.9134948096885813,2050000.0,24719100000.0,0
4,1,0,3900000,11400000,20,867,21700000.0,2.923076923076923,1.9035087719298245,780000.0,18813900000.0,1
5,0,1,8400000,17600000,12,397,60300000.0,2.0952380952380953,3.4261363636363638,1400000.0,23939100000.0,0
4,1,0,9700000,19400000,20,798,53200000.0,2.0,2.7422680412371134,1940000.0,42453600000.0,1
1,0,1,8300000,26300000,20,530,75000000.0,3.1686746987951806,2.8517110266159698,4150000.0,39750000000.0,0
4,1,0,2500000,9900000,16,356,16500000.0,3.96,1.6666666666666667,500000.0,5874000000.0,0
3,1,0,6100000,24000000,18,718,30900000.0,3.9344262295081966,1.2875,1525000.0,22186200000.0,1
3,0,0,5000000,13000000,10,459,31700000.0,2.6,2.4384615384615387,1250000.0,14550300000.0,0
3,0,0,9500000,22200000,8,571,47900000.0,2.336842105263158,2.1576576576576576,2375000.0,27350900000.0,1
2,1,0,5700000,20500000,8,412,36200000.0,3.5964912280701755,1.7658536585365854,1900000.0,14914400000.0,0
1,1,1,5000000,12500000,20,604,23800000.0,2.5,1.904,2500000.0,14375200000.0,1
4,0,1,8600000,20600000,16,449,55500000.0,2.395348837209302,2.6941747572815533,1720000.0,24919500000.0,0
5,0,0,1400000,5300000,12,778,7400000.0,3.7857142857142856,1.3962264150943395,233333.33333333334,5757200000.0,1
3,1,0,5900000,21200000,16,476,39000000.0,3.593220338983051,1.8396226415094339,1475000.0,18564000000.0,0
4,1,1,4100000,10400000,12,727,38600000.0,2.5365853658536586,3.7115384615384617,820000.0,28062200000.0,1
3,1,0,7400000,18500000,8,818,55600000.0,2.5,3.0054054054054054,1850000.0,45480800000.0,1
1,1,1,7100000,19300000,16,738,35100000.0,2.7183098591549295,1.8186528497409327,3550000.0,25903800000.0,1
5,1,1,5300000,18200000,16,546,39900000.0,3.4339622641509435,2.1923076923076925,883333.3333333334,21785400000.0,0
2,0,0,6600000,14100000,2,471,48900000.0,2.1363636363636362,3.4680851063829787,2200000.0,23031900000.0,0
3,0,0,2800000,10600000,4,860,19500000.0,3.7857142857142856,1.8396226415094339,700000.0,16770000000.0,1
1,0,1,1600000,4400000,4,364,9900000.0,2.75,2.25,800000.0,3603600000.0,0
0,1,1,8500000,25300000,20,557,49100000.0,2.976470588235294,1.9407114624505928,8500000.0,27348700000.0,1
1,0,1,5200000,20700000,12,612,24500000.0,3.980769230769231,1.183574879227053,2600000.0,14994000000.0,1
2,0,1,6400000,19300000,6,414,32000000.0,3.015625,1.6580310880829014,2133333.3333333335,13248000000.0,0
5,1,0,1300000,2900000,4,372,5200000.0,2.230769230769231,1.793103448275862,216666.66666666666,1934400000.0,0
0,1,0,5600000,11600000,12,466,51700000.0,2.0714285714285716,4.456896551724138,5600000.0,24092200000.0,0
3,1,1,9000000,19800000,20,348,49100000.0,2.2,2.4797979797979797,2250000.0,17086800000.0,0
1,0,1,7800000,17200000,4,597,42300000.0,2.2051282051282053,2.4593023255813953,3900000.0,25253100000.0,1
4,0,1,4000000,11000000,8,791,18500000.0,2.75,1.6818181818181819,800000.0,14633500000.0,1
0,1,1,700000,1800000,12,400,5100000.0,2.5714285714285716,2.8333333333333335,700000.0,2040000000.0,0
5,1,1,7300000,18700000,16,813,40600000.0,2.5616438356164384,2.171122994652406,1216666.6666666667,33007800000.0,1
0,0,1,5200000,15400000,4,675,39800000.0,2.9615384615384617,2.5844155844155843,5200000.0,26865000000.0,1
1,0,0,6200000,18200000,18,324,37700000.0,2.935483870967742,2.0714285714285716,3100000.0,12214800000.0,0
4,1,0,1100000,3600000,8,693,9000000.0,3.272727272727273,2.5,220000.0,6237000000.0,1
1,0,1,5600000,13700000,8,491,36500000.0,2.4464285714285716,2.664233576642336,2800000.0,17921500000.0,0
5,1,1,3400000,9800000,8,559,16900000.0,2.8823529411764706,1.7244897959183674,566666.6666666666,9447100000.0,1
4,1,0,1500000,4900000,16,392,7900000.0,3.2666666666666666,1.6122448979591837,300000.0,3096800000.0,0
2,0,0,5800000,18600000,18,532,30800000.0,3.206896551724138,1.6559139784946237,1933333.3333333333,16385600000.0,0
4,0,0,9800000,29400000,8,592,90700000.0,3.0,3.0850340136054424,1960000.0,53694400000.0,1
5,0,0,8300000,23100000,4,459,53700000.0,2.783132530120482,2.324675324675325,1383333.3333333333,24648300000.0,0
4,1,1,500000,1200000,4,627,3000000.0,2.4,2.5,100000.0,1881000000.0,1
4,1,0,1900000,6100000,2,462,13300000.0,3.210526315789474,2.180327868852459,380000.0,6144600000.0,1
1,0,1,9700000,24700000,14,600,69800000.0,2.5463917525773194,2.825910931174089,4850000.0,41880000000.0,1
5,0,0,1800000,6200000,18,366,13500000.0,3.4444444444444446,2.1774193548387095,300000.0,4941000000.0,0
0,1,1,3300000,9700000,14,356,25900000.0,2.9393939393939394,2.670103092783505,3300000.0,9220400000.0,0
5,1,0,900000,2300000,16,590,5700000.0,2.5555555555555554,2.4782608695652173,150000.0,3363000000.0,1
5,1,1,8200000,28900000,4,485,45700000.0,3.524390243902439,1.5813148788927336,1366666.6666666667,22164500000.0,1
1,0,1,500000,1700000,18,617,2400000.0,3.4,1.411764705882353,250000.0,1480800000.0,1
5,1,1,1000000,2600000,8,664,6500000.0,2.6,2.5,166666.66666666666,4316000000.0,1
3,0,0,7100000,27900000,8,583,42400000.0,3.9295774647887325,1.5197132616487454,1775000.0,24719200000.0,1
1,1,1,200000,400000,18,859,1000000.0,2.0,2.5,100000.0,859000000.0,1
2,1,0,3100000,7300000,14,504,11900000.0,2.3548387096774195,1.63013698630137,1033333.3333333334,5997600000.0,0
4,1,0,700000,2300000,16,688,4100000.0,3.2857142857142856,1.7826086956521738,140000.0,2820800000.0,1
3,0,0,1800000,5700000,2,422,10800000.0,3.1666666666666665,1.894736842105263,450000.0,4557600000.0,1
3,0,1,8400000,27000000,8,746,62900000.0,3.2142857142857144,2.3296296296296295,2100000.0,46923400000.0,1
3,1,0,7400000,17500000,20,317,68200000.0,2.364864864864865,3.8971428571428572,1850000.0,21619400000.0,0
2,0,1,6700000,20200000,6,701,43100000.0,3.014925373134328,2.133663366336634,2233333.3333333335,30213100000.0,1
1,1,1,1700000,6000000,16,754,13600000.0,3.5294117647058822,2.2666666666666666,850000.0,10254400000.0,1
3,0,1,300000,600000,10,515,1700000.0,2.0,2.8333333333333335,75000.0,875500000.0,0
1,1,1,3800000,8800000,12,670,25900000.0,2.3157894736842106,2.9431818181818183,1900000.0,17353000000.0,1
5,1,1,1300000,4000000,8,407,9700000.0,3.076923076923077,2.425,216666.66666666666,3947900000.0,0
5,0,1,3100000,10900000,12,884,26200000.0,3.5161290322580645,2.403669724770642,516666.6666666667,23160800000.0,1
1,1,1,200000,400000,20,882,800000.0,2.0,2.0,100000.0,705600000.0,1
2,0,1,8100000,24700000,6,595,53600000.0,3.049382716049383,2.1700404858299596,2700000.0,31892000000.0,1
1,0,1,8900000,22900000,4,757,45400000.0,2.5730337078651684,1.982532751091703,4450000.0,34367800000.0,1
5,1,1,4200000,8500000,4,386,29800000.0,2.0238095238095237,3.5058823529411764,700000.0,11502800000.0,0
5,0,1,4100000,11100000,18,756,18500000.0,2.707317073170732,1.6666666666666667,683333.3333333334,13986000000.0,1
3,0,0,8300000,25700000,12,453,64700000.0,3.0963855421686746,2.517509727626459,2075000.0,29309100000.0,0
3,0,0,7500000,25200000,8,316,29100000.0,3.36,1.1547619047619047,1875000.0,9195600000.0,0
3,1,0,2100000,7700000,6,703,14200000.0,3.6666666666666665,1.844155844155844,525000.0,9982600000.0,1
3,1,0,1400000,3200000,8,753,9800000.0,2.2857142857142856,3.0625,350000.0,7379400000.0,1
0,0,0,6900000,23500000,2,621,47600000.0,3.4057971014492754,2.025531914893617,6900000.0,29559600000.0,1
0,1,1,2500000,9100000,10,852,18600000.0,3.64,2.043956043956044,2500000.0,15847200000.0,1
3,0,1,3800000,9400000,12,301,30500000.0,2.473684210526316,3.24468085106383,950000.0,9180500000.0,0
3,0,1,7700000,29300000,10,359,39000000.0,3.8051948051948052,1.3310580204778157,1925000.0,14001000000.0,0
1,0,0,3200000,6600000,16,534,19700000.0,2.0625,2.984848484848485,1600000.0,10519800000.0,0
0,0,1,8600000,20000000,10,704,76500000.0,2.3255813953488373,3.825,8600000.0,53856000000.0,1
3,0,1,3800000,13700000,16,662,22900000.0,3.6052631578947367,1.6715328467153285,950000.0,15159800000.0,1
3,1,0,8400000,31100000,18,599,63700000.0,3.7023809523809526,2.0482315112540195,2100000.0,38156300000.0,1
1,1,0,1600000,5400000,4,319,12200000.0,3.375,2.259259259259259,800000.0,3891800000.0,1
2,0,0,7800000,19400000,16,549,62900000.0,2.4871794871794872,3.2422680412371134,2600000.0,34532100000.0,0
1,1,1,9400000,21000000,12,443,45600000.0,2.234042553191489,2.1714285714285713,4700000.0,20200800000.0,0
3,0,1,9900000,26700000,10,550,81500000.0,2.696969696969697,3.052434456928839,2475000.0,44825000000.0,1
4,0,0,2400000,8000000,18,393,16500000.0,3.3333333333333335,2.0625,480000.0,6484500000.0,0
2,1,1,7500000,15100000,8,488,55000000.0,2.013333333333333,3.642384105960265,2500000.0,26840000000.0,0
5,1,0,3300000,11800000,16,845,19300000.0,3.5757575757575757,1.6355932203389831,550000.0,16308500000.0,1
2,1,0,5500000,19000000,2,382,36800000.0,3.4545454545454546,1.936842105263158,1833333.3333333333,14057600000.0,1
5,0,0,2400000,7500000,12,357,12900000.0,3.125,1.72,400000.0,4605300000.0,0
1,0,1,8700000,27500000,16,815,50900000.0,3.160919540229885,1.8509090909090908,4350000.0,41483500000.0,1
1,0,0,9600000,26000000,16,368,73400000.0,2.7083333333333335,2.8230769230769233,4800000.0,27011200000.0,0
0,1,0,8400000,19800000,16,674,50800000.0,2.357142857142857,2.5656565656565657,8400000.0,34239200000.0,1
5,0,0,9200000,23900000,10,335,67200000.0,2.597826086956522,2.811715481171548,1533333.3333333333,22512000000.0,0
2,1,1,4600000,12600000,2,355,34500000.0,2.739130434782609,2.738095238095238,1533333.3333333333,12247500000.0,0
5,0,0,7600000,17500000,6,510,38100000.0,2.3026315789473686,2.177142857142857,1266666.6666666667,19431000000.0,0
4,1,0,8500000,17800000,4,698,47600000.0,2.0941176470588236,2.6741573033707864,1700000.0,33224800000.0,1
4,0,1,3100000,8200000,18,408,20600000.0,2.6451612903225805,2.5121951219512195,620000.0,8404800000.0,0
3,1,1,4900000,13100000,18,401,29800000.0,2.673469387755102,2.2748091603053435,1225000.0,11949800000.0,0
5,0,1,5800000,14000000,14,418,36200000.0,2.413793103448276,2.585714285714286,966666.6666666666,15131600000.0,0
0,0,0,5700000,21300000,4,697,35300000.0,3.736842105263158,1.6572769953051643,5700000.0,24604100000.0,1
4,1,0,3200000,12200000,14,683,17200000.0,3.8125,1.4098360655737705,640000.0,11747600000.0,0
4,0,1,8000000,31500000,16,763,50200000.0,3.9375,1.5936507936507935,1600000.0,38302600000.0,1
4,0,0,5000000,11400000,6,336,23600000.0,2.28,2.0701754385964914,1000000.0,7929600000.0,0
2,0,1,2900000,8300000,10,693,23400000.0,2.8620689655172415,2.819277108433735,966666.6666666666,16216200000.0,1
2,0,0,6400000,23900000,18,745,42100000.0,3.734375,1.7615062761506277,2133333.3333333335,31364500000.0,1
5,1,0,6300000,22500000,18,629,35300000.0,3.5714285714285716,1.568888888888889,1050000.0,22203700000.0,1
0,0,0,5900000,23300000,16,581,31000000.0,3.9491525423728815,1.3304721030042919,5900000.0,18011000000.0,1
1,1,0,8100000,29600000,4,672,39800000.0,3.654320987654321,1.3445945945945945,4050000.0,26745600000.0,1
5,1,1,7100000,20100000,4,700,39900000.0,2.8309859154929575,1.9850746268656716,1183333.3333333333,27930000000.0,1
1,0,0,1400000,4400000,14,787,7800000.0,3.142857142857143,1.7727272727272727,700000.0,6138600000.0,1
3,1,1,2300000,8000000,8,300,16500000.0,3.4782608695652173,2.0625,575000.0,4950000000.0,0
1,1,0,7400000,16100000,4,655,64500000.0,2.175675675675676,4.0062111801242235,3700000.0,42247500000.0,1
0,1,1,5300000,13300000,12,572,31800000.0,2.509433962264151,2.3909774436090228,5300000.0,18189600000.0,1
5,1,1,7700000,16400000,2,663,35600000.0,2.1298701298701297,2.1707317073170733,1283333.3333333333,23602800000.0,1
0,0,0,5000000,10700000,16,726,23200000.0,2.14,2.1682242990654204,5000000.0,16843200000.0,1
5,0,1,6000000,12300000,12,680,37800000.0,2.05,3.073170731707317,1000000.0,25704000000.0,1
0,1,0,1400000,2700000,2,685,10900000.0,1.9285714285714286,4.037037037037037,1400000.0,7466500000.0,1
5,0,1,9400000,23100000,6,762,51500000.0,2.4574468085106385,2.2294372294372296,1566666.6666666667,39243000000.0,1
3,0,0,5200000,17200000,18,768,30200000.0,3.3076923076923075,1.755813953488372,1300000.0,23193600000.0,1
0,1,0,3100000,11100000,8,504,21300000.0,3.5806451612903225,1.9189189189189189,3100000.0,10735200000.0,0
3,0,1,8400000,20500000,12,796,62200000.0,2.4404761904761907,3.0341463414634147,2100000.0,49511200000.0,1
0,0,0,1200000,2900000,18,348,5100000.0,2.4166666666666665,1.7586206896551724,1200000.0,1774800000.0,0
5,0,1,4800000,13100000,6,717,38300000.0,2.7291666666666665,2.9236641221374047,800000.0,27461100000.0,1
5,0,1,9200000,34200000,4,565,50300000.0,3.717391304347826,1.4707602339181287,1533333.3333333333,28419500000.0,1
2,0,0,5300000,10900000,6,647,40000000.0,2.056603773584906,3.669724770642202,1766666.6666666667,25880000000.0,1
3,1,0,4700000,10900000,2,626,31300000.0,2.3191489361702127,2.871559633027523,1175000.0,19593800000.0,1
0,0,0,6500000,24700000,6,554,36100000.0,3.8,1.4615384615384615,6500000.0,19999400000.0,1
4,1,1,3200000,11500000,20,864,29900000.0,3.59375,2.6,640000.0,25833600000.0,1
4,1,0,4600000,12500000,6,406,31800000.0,2.717391304347826,2.544,920000.0,12910800000.0,0
5,1,0,700000,1800000,10,650,3200000.0,2.5714285714285716,1.7777777777777777,116666.66666666667,2080000000.0,1
5,0,1,7600000,16500000,8,534,52400000.0,2.1710526315789473,3.175757575757576,1266666.6666666667,27981600000.0,0
4,1,0,1200000,2600000,8,872,7300000.0,2.1666666666666665,2.8076923076923075,240000.0,6365600000.0,1
2,1,0,5100000,16500000,12,845,38200000.0,3.235294117647059,2.315151515151515,1700000.0,32279000000.0,1
1,0,1,4300000,16300000,14,792,15000000.0,3.7906976744186047,0.9202453987730062,2150000.0,11880000000.0,0
4,1,0,300000,1200000,18,544,1700000.0,4.0,1.4166666666666667,60000.0,924800000.0,0
2,1,1,4000000,13000000,10,552,24300000.0,3.25,1.8692307692307693,1333333.3333333333,13413600000.0,1
5,0,0,3900000,14900000,12,837,19600000.0,3.8205128205128207,1.3154362416107384,650000.0,16405200000.0,1
0,0,1,6900000,21300000,18,845,51000000.0,3.0869565217391304,2.3943661971830985,6900000.0,43095000000.0,1
4,0,1,7000000,24100000,10,677,52700000.0,3.442857142857143,2.1867219917012446,1400000.0,35677900000.0,1
1,1,0,6300000,18300000,20,430,46500000.0,2.9047619047619047,2.540983606557377,3150000.0,19995000000.0,0
3,1,1,8900000,22500000,12,887,77100000.0,2.5280898876404496,3.4266666666666667,2225000.0,68387700000.0,1
0,0,1,5700000,19400000,8,544,36400000.0,3.4035087719298245,1.8762886597938144,5700000.0,19801600000.0,0
4,0,1,5200000,18300000,10,355,18200000.0,3.519230769230769,0.994535519125683,1040000.0,6461000000.0,0
4,1,0,7400000,17500000,4,540,37900000.0,2.364864864864865,2.165714285714286,1480000.0,20466000000.0,0
5,1,0,6500000,16000000,14,444,40000000.0,2.4615384615384617,2.5,1083333.3333333333,17760000000.0,0
3,1,0,6200000,14900000,14,567,39900000.0,2.403225806451613,2.6778523489932886,1550000.0,22623300000.0,1
5,0,1,2400000,6500000,20,513,16300000.0,2.7083333333333335,2.5076923076923077,400000.0,8361900000.0,0
0,0,0,2500000,7100000,10,590,13500000.0,2.84,1.9014084507042253,2500000.0,7965000000.0,1
2,1,1,2700000,8500000,20,368,17400000.0,3.1481481481481484,2.0470588235294116,900000.0,6403200000.0,0
5,0,0,3000000,7600000,6,413,18900000.0,2.533333333333333,2.486842105263158,500000.0,7805700000.0,0
4,1,1,6100000,13600000,4,401,37100000.0,2.2295081967213113,2.7279411764705883,1220000.0,14877100000.0,0
3,1,0,1500000,5400000,18,687,6800000.0,3.6,1.2592592592592593,375000.0,4671600000.0,1
2,1,0,6500000,14100000,14,577,45600000.0,2.169230769230769,3.234042553191489,2166666.6666666665,26311200000.0,1
4,0,0,200000,700000,10,576,1300000.0,3.5,1.8571428571428572,40000.0,748800000.0,1
1,0,0,9900000,23400000,16,687,69700000.0,2.3636363636363638,2.9786324786324787,4950000.0,47883900000.0,1
4,1,0,5500000,11600000,12,474,29900000.0,2.109090909090909,2.5775862068965516,1100000.0,14172600000.0,0
4,1,0,1200000,4400000,6,709,10900000.0,3.6666666666666665,2.477272727272727,240000.0,7728100000.0,1
4,1,1,6900000,20200000,18,438,48300000.0,2.927536231884058,2.391089108910891,1380000.0,21155400000.0,0
3,1,1,8000000,25300000,4,306,60600000.0,3.1625,2.3952569169960474,2000000.0,18543600000.0,1
3,0,1,4100000,13900000,20,383,23800000.0,3.3902439024390243,1.7122302158273381,1025000.0,9115400000.0,0
2,1,0,1400000,4700000,20,563,6900000.0,3.357142857142857,1.4680851063829787,466666.6666666667,3884700000.0,1
4,0,1,1600000,3200000,20,371,9500000.0,2.0,2.96875,320000.0,3524500000.0,0
1,1,0,2100000,4200000,12,379,15400000.0,2.0,3.6666666666666665,1050000.0,5836600000.0,0
1,0,0,8800000,30200000,18,897,64800000.0,3.4318181818181817,2.1456953642384105,4400000.0,58125600000.0,1
3,0,1,7100000,25400000,10,725,50500000.0,3.5774647887323945,1.9881889763779528,1775000.0,36612500000.0,1
1,0,0,8600000,31500000,16,678,60600000.0,3.6627906976744184,1.9238095238095239,4300000.0,41086800000.0,1
2,0,1,5400000,14800000,6,724,19900000.0,2.740740740740741,1.3445945945945945,1800000.0,14407600000.0,1
3,1,1,1000000,2500000,6,808,6000000.0,2.5,2.4,250000.0,4848000000.0,1
0,1,0,5400000,18400000,8,625,32900000.0,3.4074074074074074,1.7880434782608696,5400000.0,20562500000.0,1
2,1,0,4200000,16800000,4,771,27300000.0,4.0,1.625,1400000.0,21048300000.0,1
2,0,0,7500000,22400000,14,695,36700000.0,2.986666666666667,1.6383928571428572,2500000.0,25506500000.0,1
4,1,0,1200000,3300000,2,564,8500000.0,2.75,2.5757575757575757,240000.0,4794000000.0,1
4,1,1,6300000,14500000,10,349,38300000.0,2.3015873015873014,2.6413793103448278,1260000.0,13366700000.0,0
4,1,1,300000,900000,4,797,1700000.0,3.0,1.8888888888888888,60000.0,1354900000.0,1
3,1,0,7400000,28800000,8,391,58700000.0,3.891891891891892,2.0381944444444446,1850000.0,22951700000.0,0
5,0,0,2200000,5400000,12,833,16800000.0,2.4545454545454546,3.111111111111111,366666.6666666667,13994400000.0,1
5,1,0,4000000,9100000,10,515,22400000.0,2.275,2.4615384615384617,666666.6666666666,11536000000.0,0
4,1,1,2700000,10400000,16,671,19400000.0,3.8518518518518516,1.8653846153846154,540000.0,13017400000.0,1
0,0,1,2000000,6900000,4,404,13700000.0,3.45,1.9855072463768115,2000000.0,5534800000.0,1
4,0,0,6400000,14800000,6,537,31100000.0,2.3125,2.1013513513513513,1280000.0,16700700000.0,0
5,0,1,1400000,5100000,4,348,8300000.0,3.642857142857143,1.6274509803921569,233333.33333333334,2888400000.0,1
0,0,1,2800000,6300000,12,647,15100000.0,2.25,2.3968253968253967,2800000.0,9769700000.0,1
2,0,1,8200000,28700000,14,316,61400000.0,3.5,2.1393728222996518,2733333.3333333335,19402400000.0,0
3,0,0,9000000,26700000,14,638,41800000.0,2.966666666666667,1.5655430711610487,2250000.0,26668400000.0,1
5,0,1,800000,2100000,12,363,6200000.0,2.625,2.9523809523809526,133333.33333333334,2250600000.0,0
4,0,1,6100000,21200000,6,808,36300000.0,3.4754098360655736,1.7122641509433962,1220000.0,29330400000.0,1
4,0,1,2400000,9400000,2,871,14600000.0,3.9166666666666665,1.553191489361702,480000.0,12716600000.0,1
4,1,1,6000000,17000000,12,607,44500000.0,2.8333333333333335,2.6176470588235294,1200000.0,27011500000.0,1
2,0,1,7900000,22500000,6,571,39400000.0,2.848101265822785,1.751111111111111,2633333.3333333335,22497400000.0,1
3,1,1,9500000,25700000,18,446,69900000.0,2.705263157894737,2.719844357976654,2375000.0,31175400000.0,0
3,0,1,1800000,6400000,20,436,10100000.0,3.5555555555555554,1.578125,450000.0,4403600000.0,0
3,0,1,5800000,14100000,12,738,39900000.0,2.4310344827586206,2.8297872340425534,1450000.0,29446200000.0,1
3,1,0,2800000,9400000,10,519,19700000.0,3.357142857142857,2.095744680851064,700000.0,10224300000.0,0
3,1,1,4000000,8300000,8,531,32200000.0,2.075,3.8795180722891565,1000000.0,17098200000.0,0
1,0,0,1000000,3400000,18,578,7000000.0,3.4,2.0588235294117645,500000.0,4046000000.0,1
0,1,0,9100000,21100000,20,578,51400000.0,2.318681318681319,2.4360189573459716,9100000.0,29709200000.0,1
0,1,0,4600000,18100000,14,442,21900000.0,3.9347826086956523,1.2099447513812154,4600000.0,9679800000.0,0
2,0,0,7800000,16900000,6,751,55800000.0,2.1666666666666665,3.301775147928994,2600000.0,41905800000.0,1
4,1,1,6600000,18800000,10,353,52200000.0,2.8484848484848486,2.776595744680851,1320000.0,18426600000.0,0
5,0,0,9800000,26600000,12,664,44700000.0,2.7142857142857144,1.6804511278195489,1633333.3333333333,29680800000.0,1
1,1,0,7400000,26600000,18,505,30900000.0,3.5945945945945947,1.1616541353383458,3700000.0,15604500000.0,0
3,1,1,4300000,16600000,10,571,28000000.0,3.86046511627907,1.6867469879518073,1075000.0,15988000000.0,1
2,0,1,9800000,34600000,16,754,68100000.0,3.5306122448979593,1.9682080924855492,3266666.6666666665,51347400000.0,1
5,0,0,1100000,3900000,20,858,9300000.0,3.5454545454545454,2.3846153846153846,183333.33333333334,7979400000.0,1
3,1,1,8600000,21800000,20,641,47200000.0,2.5348837209302326,2.165137614678899,2150000.0,30255200000.0,1
0,0,1,9400000,35500000,16,592,57400000.0,3.776595744680851,1.6169014084507043,9400000.0,33980800000.0,1
3,1,1,5300000,20300000,14,432,38100000.0,3.830188679245283,1.8768472906403941,1325000.0,16459200000.0,0
1,0,1,8700000,33800000,18,558,67200000.0,3.8850574712643677,1.9881656804733727,4350000.0,37497600000.0,1
3,1,1,4800000,14200000,12,547,23300000.0,2.9583333333333335,1.6408450704225352,1200000.0,12745100000.0,0
4,0,0,4400000,9800000,18,732,24300000.0,2.227272727272727,2.479591836734694,880000.0,17787600000.0,1
1,1,1,5400000,19300000,12,784,33600000.0,3.574074074074074,1.7409326424870466,2700000.0,26342400000.0,1
5,0,1,8400000,31900000,10,605,60300000.0,3.7976190476190474,1.890282131661442,1400000.0,36481500000.0,1
1,1,1,5400000,19500000,18,688,33400000.0,3.611111111111111,1.7128205128205127,2700000.0,22979200000.0,1
3,0,1,9400000,32100000,10,617,69300000.0,3.4148936170212765,2.1588785046728973,2350000.0,42758100000.0,1
0,0,1,800000,2400000,4,518,4600000.0,3.0,1.9166666666666667,800000.0,2382800000.0,1
0,0,0,3800000,14800000,10,390,25700000.0,3.8947368421052633,1.7364864864864864,3800000.0,10023000000.0,0
4,1,0,3100000,6300000,4,370,24300000.0,2.032258064516129,3.857142857142857,620000.0,8991000000.0,0
3,0,1,6000000,21300000,4,802,38500000.0,3.55,1.807511737089202,1500000.0,30877000000.0,1
2,0,1,6800000,15500000,12,338,41400000.0,2.2794117647058822,2.670967741935484,2266666.6666666665,13993200000.0,0
5,0,0,5200000,11700000,6,658,30200000.0,2.25,2.5811965811965814,866666.6666666666,19871600000.0,1
0,0,0,1900000,6700000,12,595,12800000.0,3.526315789473684,1.9104477611940298,1900000.0,7616000000.0,1
5,1,1,3600000,8500000,20,594,22700000.0,2.361111111111111,2.6705882352941175,600000.0,13483800000.0,1
3,1,1,1500000,4100000,14,611,9500000.0,2.7333333333333334,2.317073170731707,375000.0,5804500000.0,1
3,0,0,2000000,5800000,8,799,12600000.0,2.9,2.1724137931034484,500000.0,10067400000.0,1
5,1,0,9200000,18600000,20,497,36200000.0,2.0217391304347827,1.946236559139785,1533333.3333333333,17991400000.0,0
0,0,1,6100000,15900000,18,456,51600000.0,2.6065573770491803,3.2452830188679247,6100000.0,23529600000.0,0
5,0,0,300000,500000,8,396,2100000.0,1.6666666666666667,4.2,50000.0,831600000.0,0
1,1,0,800000,2300000,10,770,5800000.0,2.875,2.5217391304347827,400000.0,4466000000.0,1
0,0,0,3300000,9000000,16,797,23000000.0,2.727272727272727,2.5555555555555554,3300000.0,18331000000.0,1
1,0,0,5800000,18700000,20,586,38700000.0,3.2241379310344827,2.06951871657754,2900000.0,22678200000.0,1
5,0,0,8500000,23400000,16,604,70900000.0,2.7529411764705882,3.02991452991453,1416666.6666666667,42823600000.0,1
0,0,1,4100000,12800000,8,799,16500000.0,3.1219512195121952,1.2890625,4100000.0,13183500000.0,1
2,1,0,7800000,26400000,4,763,33900000.0,3.3846153846153846,1.2840909090909092,2600000.0,25865700000.0,1
0,1,0,7500000,23000000,14,725,41000000.0,3.066666666666667,1.7826086956521738,7500000.0,29725000000.0,1
2,1,0,2300000,8800000,18,336,9300000.0,3.8260869565217392,1.0568181818181819,766666.6666666666,3124800000.0,0
4,1,1,600000,2300000,6,495,4600000.0,3.8333333333333335,2.0,120000.0,2277000000.0,0
1,0,0,2900000,11500000,20,431,16400000.0,3.9655172413793105,1.4260869565217391,1450000.0,7068400000.0,0
5,0,0,900000,2200000,2,415,5900000.0,2.4444444444444446,2.6818181818181817,150000.0,2448500000.0,0
5,1,1,9000000,20400000,6,451,53800000.0,2.2666666666666666,2.6372549019607843,1500000.0,24263800000.0,0
1,0,0,4800000,14300000,4,489,41600000.0,2.9791666666666665,2.909090909090909,2400000.0,20342400000.0,0
1,1,0,1600000,4600000,12,415,6800000.0,2.875,1.4782608695652173,800000.0,2822000000.0,0
3,0,0,2600000,8100000,12,425,18200000.0,3.1153846153846154,2.246913580246914,650000.0,7735000000.0,0
4,1,1,1800000,4600000,14,453,10400000.0,2.5555555555555554,2.260869565217391,360000.0,4711200000.0,0
5,1,1,4400000,11800000,20,634,32700000.0,2.6818181818181817,2.7711864406779663,733333.3333333334,20731800000.0,1
2,0,0,200000,300000,20,519,700000.0,1.5,2.3333333333333335,66666.66666666667,363300000.0,0
4,0,1,800000,2100000,6,353,5100000.0,2.625,2.4285714285714284,160000.0,1800300000.0,0
3,1,0,1500000,3200000,4,767,7500000.0,2.1333333333333333,2.34375,375000.0,5752500000.0,1
0,0,1,7700000,16900000,14,473,61500000.0,2.1948051948051948,3.63905325443787,7700000.0,29089500000.0,0
5,1,1,7200000,21300000,2,801,39200000.0,2.9583333333333335,1.84037558685446,1200000.0,31399200000.0,1
4,1,0,1000000,2300000,16,543,3300000.0,2.3,1.434782608695652,200000.0,1791900000.0,0
1,1,0,6300000,17200000,12,714,47500000.0,2.7301587301587302,2.761627906976744,3150000.0,33915000000.0,1
3,1,0,1900000,4100000,12,830,13100000.0,2.1578947368421053,3.1951219512195124,475000.0,10873000000.0,1
5,1,0,4400000,15300000,4,401,25500000.0,3.477272727272727,1.6666666666666667,733333.3333333334,10225500000.0,1
0,0,0,9100000,26400000,6,518,57900000.0,2.901098901098901,2.1931818181818183,9100000.0,29992200000.0,0
2,1,1,900000,2300000,20,367,5900000.0,2.5555555555555554,2.5652173913043477,300000.0,2165300000.0,0
0,1,1,4600000,12000000,12,493,25000000.0,2.608695652173913,2.0833333333333335,4600000.0,12325000000.0,0
2,1,1,9400000,22700000,14,505,57100000.0,2.4148936170212765,2.515418502202643,3133333.3333333335,28835500000.0,0
5,1,0,6900000,26500000,16,322,56800000.0,3.8405797101449277,2.1433962264150943,1150000.0,18289600000.0,0
2,1,0,300000,900000,8,735,1800000.0,3.0,2.0,100000.0,1323000000.0,1
5,1,1,1900000,6700000,2,622,10000000.0,3.526315789473684,1.492537313432836,316666.6666666667,6220000000.0,1
4,1,1,4400000,16400000,6,513,31700000.0,3.727272727272727,1.9329268292682926,880000.0,16262100000.0,0
4,0,1,1200000,4100000,16,585,5000000.0,3.4166666666666665,1.2195121951219512,240000.0,2925000000.0,1
1,1,1,1000000,3000000,10,813,7500000.0,3.0,2.5,500000.0,6097500000.0,1
0,1,0,3100000,10400000,18,622,15100000.0,3.3548387096774195,1.4519230769230769,3100000.0,9392200000.0,1
1,1,1,2100000,6300000,16,899,11200000.0,3.0,1.7777777777777777,1050000.0,10068800000.0,1
0,0,0,2100000,4700000,2,459,14600000.0,2.238095238095238,3.106382978723404,2100000.0,6701400000.0,0
4,1,0,9400000,33300000,18,369,65600000.0,3.5425531914893615,1.96996996996997,1880000.0,24206400000.0,0
2,0,0,9700000,37700000,6,601,39000000.0,3.88659793814433,1.0344827586206897,3233333.3333333335,23439000000.0,1
4,1,0,1400000,2700000,18,703,8200000.0,1.9285714285714286,3.037037037037037,280000.0,5764600000.0,1
2,0,0,4700000,14600000,20,597,35100000.0,3.106382978723404,2.404109589041096,1566666.6666666667,20954700000.0,1
3,0,1,4100000,13300000,10,670,26700000.0,3.2439024390243905,2.007518796992481,1025000.0,17889000000.0,1
4,0,1,1200000,2800000,6,366,9200000.0,2.3333333333333335,3.2857142857142856,240000.0,3367200000.0,0
5,0,0,7900000,27800000,16,857,63600000.0,3.518987341772152,2.287769784172662,1316666.6666666667,54505200000.0,1
2,0,0,6600000,15000000,16,401,47000000.0,2.272727272727273,3.1333333333333333,2200000.0,18847000000.0,0
0,0,0,2200000,8800000,4,437,14200000.0,4.0,1.6136363636363635,2200000.0,6205400000.0,1
3,0,0,5500000,17600000,8,882,37000000.0,3.2,2.102272727272727,1375000.0,32634000000.0,1
4,1,0,5100000,15500000,8,392,35100000.0,3.0392156862745097,2.264516129032258,1020000.0,13759200000.0,0
2,0,1,3900000,7700000,10,421,33400000.0,1.9743589743589745,4.337662337662338,1300000.0,14061400000.0,0
5,1,0,200000,400000,6,722,1100000.0,2.0,2.75,33333.333333333336,794200000.0,1
4,1,0,5800000,14700000,10,692,34000000.0,2.5344827586206895,2.312925170068027,1160000.0,23528000000.0,1
5,0,0,8300000,20700000,2,537,50200000.0,2.4939759036144578,2.42512077294686,1383333.3333333333,26957400000.0,0
5,1,1,2600000,5500000,8,676,16000000.0,2.1153846153846154,2.909090909090909,433333.3333333333,10816000000.0,1
1,1,0,2100000,8100000,6,817,15300000.0,3.857142857142857,1.8888888888888888,1050000.0,12500100000.0,1
4,0,0,3900000,10800000,20,433,23100000.0,2.769230769230769,2.138888888888889,780000.0,10002300000.0,0
1,1,1,5200000,16300000,6,524,39700000.0,3.1346153846153846,2.4355828220858897,2600000.0,20802800000.0,0
3,0,1,7800000,24400000,20,490,33600000.0,3.128205128205128,1.3770491803278688,1950000.0,16464000000.0,0
3,0,1,5400000,14300000,4,595,31100000.0,2.6481481481481484,2.174825174825175,1350000.0,18504500000.0,1
2,0,0,2900000,11000000,2,835,21000000.0,3.793103448275862,1.9090909090909092,966666.6666666666,17535000000.0,1
4,1,0,7100000,28300000,6,850,48400000.0,3.9859154929577465,1.7102473498233215,1420000.0,41140000000.0,1
1,1,1,800000,2500000,4,409,6300000.0,3.125,2.52,400000.0,2576700000.0,1
5,1,1,3400000,12800000,10,760,29700000.0,3.764705882352941,2.3203125,566666.6666666666,22572000000.0,1
1,1,1,6800000,17600000,14,344,36900000.0,2.588235294117647,2.096590909090909,3400000.0,12693600000.0,0
4,1,1,7000000,27100000,12,881,44400000.0,3.8714285714285714,1.6383763837638377,1400000.0,39116400000.0,1
0,1,1,9300000,24500000,10,600,58900000.0,2.6344086021505375,2.404081632653061,9300000.0,35340000000.0,1
2,1,0,7500000,19900000,10,790,42300000.0,2.6533333333333333,2.1256281407035176,2500000.0,33417000000.0,1
3,1,1,8000000,31200000,20,392,37700000.0,3.9,1.2083333333333333,2000000.0,14778400000.0,0
5,1,1,1600000,4100000,2,748,7600000.0,2.5625,1.853658536585366,266666.6666666667,5684800000.0,1
1,1,1,6700000,18800000,6,798,38700000.0,2.8059701492537314,2.0585106382978724,3350000.0,30882600000.0,1
3,0,0,3800000,11400000,4,323,23800000.0,3.0,2.087719298245614,950000.0,7687400000.0,1
1,0,1,2700000,5400000,6,413,15000000.0,2.0,2.7777777777777777,1350000.0,6195000000.0,0
3,1,0,1300000,2900000,8,733,11300000.0,2.230769230769231,3.896551724137931,325000.0,8282900000.0,1
4,0,0,3400000,10500000,16,543,23200000.0,3.088235294117647,2.2095238095238097,680000.0,12597600000.0,0
3,1,0,3400000,10900000,14,757,17700000.0,3.2058823529411766,1.6238532110091743,850000.0,13398900000.0,1
5,1,1,2400000,6800000,8,464,14600000.0,2.8333333333333335,2.1470588235294117,400000.0,6774400000.0,0
0,0,0,1900000,6900000,4,749,12300000.0,3.6315789473684212,1.7826086956521738,1900000.0,9212700000.0,1
4,1,0,700000,2200000,6,680,3300000.0,3.142857142857143,1.5,140000.0,2244000000.0,1
1,0,0,6900000,20900000,4,574,35200000.0,3.028985507246377,1.6842105263157894,3450000.0,20204800000.0,1
5,1,1,300000,800000,18,774,1900000.0,2.6666666666666665,2.375,50000.0,1470600000.0,1
3,0,0,6000000,18700000,10,387,42800000.0,3.1166666666666667,2.2887700534759357,1500000.0,16563600000.0,0
1,0,0,4300000,16400000,20,397,28800000.0,3.813953488372093,1.7560975609756098,2150000.0,11433600000.0,0
4,1,0,5800000,13500000,14,816,51400000.0,2.3275862068965516,3.8074074074074074,1160000.0,41942400000.0,1
2,1,1,3300000,6700000,8,845,21400000.0,2.0303030303030303,3.1940298507462686,1100000.0,18083000000.0,1
2,0,0,400000,1500000,4,743,2700000.0,3.75,1.8,133333.33333333334,2006100000.0,1
5,0,0,300000,600000,4,418,1600000.0,2.0,2.6666666666666665,50000.0,668800000.0,0
1,0,0,4200000,10700000,6,466,33100000.0,2.5476190476190474,3.0934579439252334,2100000.0,15424600000.0,0
2,0,1,600000,2300000,12,335,2900000.0,3.8333333333333335,1.2608695652173914,200000.0,971500000.0,0
5,0,1,4400000,15200000,6,446,34200000.0,3.4545454545454546,2.25,733333.3333333334,15253200000.0,0
0,1,1,9200000,29400000,2,868,60300000.0,3.1956521739130435,2.0510204081632653,9200000.0,52340400000.0,1
2,1,1,6900000,25300000,4,763,39400000.0,3.6666666666666665,1.5573122529644268,2300000.0,30062200000.0,1
5,0,1,5100000,13700000,14,527,45100000.0,2.6862745098039214,3.291970802919708,850000.0,23767700000.0,0
4,1,0,3400000,12700000,2,741,20800000.0,3.735294117647059,1.6377952755905512,680000.0,15412800000.0,1
4,0,1,8600000,26800000,12,802,54000000.0,3.116279069767442,2.014925373134328,1720000.0,43308000000.0,1
3,0,1,9200000,28900000,8,538,59500000.0,3.141304347826087,2.0588235294117645,2300000.0,32011000000.0,0
5,1,1,4800000,16300000,4,523,23900000.0,3.3958333333333335,1.4662576687116564,800000.0,12499700000.0,1
4,0,0,2800000,8300000,14,381,14900000.0,2.9642857142857144,1.7951807228915662,560000.0,5676900000.0,0
1,1,1,3400000,7000000,4,534,21700000.0,2.0588235294117645,3.1,1700000.0,11587800000.0,0
5,0,1,800000,2200000,14,574,6200000.0,2.75,2.8181818181818183,133333.33333333334,3558800000.0,1
1,0,0,4100000,11100000,6,405,29800000.0,2.707317073170732,2.684684684684685,2050000.0,12069000000.0,0
0,0,0,1900000,3800000,16,542,7400000.0,2.0,1.9473684210526316,1900000.0,4010800000.0,0
5,1,1,6700000,25400000,14,820,40800000.0,3.791044776119403,1.6062992125984252,1116666.6666666667,33456000000.0,1
0,1,0,5200000,13400000,2,505,46500000.0,2.576923076923077,3.470149253731343,5200000.0,23482500000.0,0
3,1,1,6700000,16400000,2,508,49800000.0,2.4477611940298507,3.0365853658536586,1675000.0,25298400000.0,0
1,0,1,4700000,15000000,20,835,18500000.0,3.1914893617021276,1.2333333333333334,2350000.0,15447500000.0,1
0,0,0,6000000,22000000,12,826,24500000.0,3.6666666666666665,1.1136363636363635,6000000.0,20237000000.0,1
5,0,1,6500000,18900000,12,427,33000000.0,2.9076923076923076,1.746031746031746,1083333.3333333333,14091000000.0,0
3,1,0,500000,2000000,12,890,3700000.0,4.0,1.85,125000.0,3293000000.0,1
4,0,0,5700000,13300000,2,333,32400000.0,2.3333333333333335,2.43609022556391,1140000.0,10789200000.0,0
4,0,1,6800000,20000000,12,679,64600000.0,2.9411764705882355,3.23,1360000.0,43863400000.0,1
5,0,0,3100000,12300000,18,805,15700000.0,3.967741935483871,1.2764227642276422,516666.6666666667,12638500000.0,1
3,0,0,5100000,11000000,16,826,30300000.0,2.156862745098039,2.7545454545454544,1275000.0,25027800000.0,1
1,0,1,6300000,23900000,10,844,42500000.0,3.7936507936507935,1.7782426778242677,3150000.0,35870000000.0,1
5,1,1,4400000,14100000,10,663,30300000.0,3.2045454545454546,2.148936170212766,733333.3333333334,20088900000.0,1
1,0,0,8100000,21900000,6,884,54600000.0,2.7037037037037037,2.493150684931507,4050000.0,48266400000.0,1
1,0,0,1100000,3700000,2,508,3700000.0,3.3636363636363638,1.0,550000.0,1879600000.0,1
0,1,1,2400000,6900000,4,581,19000000.0,2.875,2.753623188405797,2400000.0,11039000000.0,1
3,1,1,7000000,26300000,12,481,52100000.0,3.757142857142857,1.9809885931558935,1750000.0,25060100000.0,0
1,1,1,8700000,30000000,12,543,77900000.0,3.4482758620689653,2.5966666666666667,4350000.0,42299700000.0,0
0,0,1,3500000,12600000,10,448,17700000.0,3.6,1.4047619047619047,3500000.0,7929600000.0,0
1,1,1,1600000,5300000,4,713,9000000.0,3.3125,1.6981132075471699,800000.0,6417000000.0,1
5,0,1,7800000,17300000,16,493,30900000.0,2.217948717948718,1.7861271676300579,1300000.0,15233700000.0,0
2,0,0,3700000,9200000,10,819,23800000.0,2.4864864864864864,2.5869565217391304,1233333.3333333333,19492200000.0,1
4,1,0,400000,1400000,18,827,7200000.0,3.5,5.142857142857143,80000.0,5954400000.0,1
0,0,0,4800000,15700000,10,398,35800000.0,3.2708333333333335,2.2802547770700636,4800000.0,14248400000.0,0
0,1,1,2900000,7500000,18,692,15000000.0,2.586206896551724,2.0,2900000.0,10380000000.0,1
5,1,1,5000000,14600000,18,509,39000000.0,2.92,2.671232876712329,833333.3333333334,19851000000.0,0
0,1,1,7600000,18100000,16,439,59100000.0,2.3815789473684212,3.265193370165746,7600000.0,25944900000.0,0
1,1,0,3000000,9400000,4,622,15700000.0,3.1333333333333333,1.6702127659574468,1500000.0,9765400000.0,1
3,0,1,200000,700000,18,526,1000000.0,3.5,1.4285714285714286,50000.0,526000000.0,0
5,0,1,6800000,19000000,8,865,48000000.0,2.7941176470588234,2.526315789473684,1133333.3333333333,41520000000.0,1
5,0,1,9700000,27400000,2,328,48300000.0,2.8247422680412373,1.7627737226277371,1616666.6666666667,15842400000.0,0
0,1,1,1200000,4200000,4,768,9300000.0,3.5,2.2142857142857144,1200000.0,7142400000.0,1
5,0,1,7400000,24000000,16,854,40300000.0,3.2432432432432434,1.6791666666666667,1233333.3333333333,34416200000.0,1
4,1,0,6900000,20800000,4,839,28500000.0,3.0144927536231885,1.3701923076923077,1380000.0,23911500000.0,1
0,0,1,9100000,23300000,18,414,60400000.0,2.5604395604395602,2.592274678111588,9100000.0,25005600000.0,0
0,1,1,1300000,4700000,16,530,8800000.0,3.6153846153846154,1.872340425531915,1300000.0,4664000000.0,0
3,1,0,6600000,14600000,10,841,48200000.0,2.212121212121212,3.3013698630136985,1650000.0,40536200000.0,1
3,0,1,1800000,5700000,14,670,14600000.0,3.1666666666666665,2.56140350877193,450000.0,9782000000.0,1
5,0,1,8200000,20900000,14,726,50600000.0,2.548780487804878,2.4210526315789473,1366666.6666666667,36735600000.0,1
4,0,0,2800000,8300000,14,352,18300000.0,2.9642857142857144,2.2048192771084336,560000.0,6441600000.0,0
1,1,1,7000000,16000000,4,554,56100000.0,2.2857142857142856,3.50625,3500000.0,31079400000.0,1
4,1,0,700000,1800000,18,728,4500000.0,2.5714285714285716,2.5,140000.0,3276000000.0,1
0,0,0,7400000,25500000,6,463,43100000.0,3.445945945945946,1.6901960784313725,7400000.0,19955300000.0,0
5,0,1,2300000,5000000,10,431,15600000.0,2.1739130434782608,3.12,383333.3333333333,6723600000.0,0
1,1,1,600000,1900000,8,445,3200000.0,3.1666666666666665,1.6842105263157894,300000.0,1424000000.0,0
5,1,0,1000000,3000000,4,896,7000000.0,3.0,2.3333333333333335,166666.66666666666,6272000000.0,1
1,0,1,2200000,5200000,8,420,10300000.0,2.3636363636363638,1.9807692307692308,1100000.0,4326000000.0,0
1,0,0,8000000,30900000,2,315,51500000.0,3.8625,1.6666666666666667,4000000.0,16222500000.0,1
4,0,0,8600000,20900000,10,867,65100000.0,2.4302325581395348,3.1148325358851676,1720000.0,56441700000.0,1
3,0,1,7500000,26000000,2,342,53900000.0,3.466666666666667,2.0730769230769233,1875000.0,18433800000.0,1
5,0,1,5200000,11800000,18,711,39400000.0,2.269230769230769,3.3389830508474576,866666.6666666666,28013400000.0,1
2,0,0,7900000,20900000,2,723,26900000.0,2.6455696202531644,1.2870813397129186,2633333.3333333335,19448700000.0,1
1,1,1,4200000,11300000,4,704,26400000.0,2.6904761904761907,2.336283185840708,2100000.0,18585600000.0,1
0,1,0,6500000,20200000,16,842,44400000.0,3.1076923076923078,2.198019801980198,6500000.0,37384800000.0,1
0,1,1,7400000,15200000,12,600,37600000.0,2.054054054054054,2.473684210526316,7400000.0,22560000000.0,1
3,0,0,9100000,25600000,12,688,64200000.0,2.8131868131868134,2.5078125,2275000.0,44169600000.0,1
0,0,0,800000,2300000,16,739,4800000.0,2.875,2.0869565217391304,800000.0,3547200000.0,1
1,1,1,800000,2800000,10,798,5500000.0,3.5,1.9642857142857142,400000.0,4389000000.0,1
5,1,1,4100000,9900000,4,319,32500000.0,2.4146341463414633,3.282828282828283,683333.3333333334,10367500000.0,0
5,1,1,4200000,8700000,6,583,17800000.0,2.0714285714285716,2.045977011494253,700000.0,10377400000.0,1
3,1,1,4800000,11500000,12,535,32600000.0,2.3958333333333335,2.8347826086956522,1200000.0,17441000000.0,0
3,0,1,8300000,25900000,8,696,57200000.0,3.1204819277108435,2.2084942084942085,2075000.0,39811200000.0,1
4,0,0,7600000,23900000,8,672,31000000.0,3.1447368421052633,1.297071129707113,1520000.0,20832000000.0,1
4,1,0,5100000,12300000,20,410,42700000.0,2.411764705882353,3.4715447154471546,1020000.0,17507000000.0,0
5,1,0,3600000,11600000,14,546,25600000.0,3.2222222222222223,2.206896551724138,600000.0,13977600000.0,0
3,0,1,5400000,16800000,16,550,37500000.0,3.111111111111111,2.232142857142857,1350000.0,20625000000.0,1
5,0,0,700000,1400000,4,344,5200000.0,2.0,3.7142857142857144,116666.66666666667,1788800000.0,0
2,0,1,9800000,38200000,10,743,49800000.0,3.8979591836734695,1.3036649214659686,3266666.6666666665,37001400000.0,1
4,1,0,9700000,36400000,4,772,76700000.0,3.752577319587629,2.107142857142857,1940000.0,59212400000.0,1
0,1,1,9400000,29900000,12,302,57700000.0,3.1808510638297873,1.9297658862876255,9400000.0,17425400000.0,0
3,1,1,3200000,9100000,18,376,16000000.0,2.84375,1.7582417582417582,800000.0,6016000000.0,0
0,1,1,3700000,11600000,10,747,17000000.0,3.135135135135135,1.4655172413793103,3700000.0,12699000000.0,1
2,1,1,4200000,15800000,6,710,33200000.0,3.761904761904762,2.1012658227848102,1400000.0,23572000000.0,1
2,0,0,7000000,24200000,6,892,51700000.0,3.4571428571428573,2.1363636363636362,2333333.3333333335,46116400000.0,1
3,0,0,3200000,11500000,16,492,20700000.0,3.59375,1.8,800000.0,10184400000.0,0
5,1,0,7900000,17700000,2,559,56800000.0,2.240506329113924,3.209039548022599,1316666.6666666667,31751200000.0,1
3,0,0,2200000,8300000,18,314,9800000.0,3.772727272727273,1.180722891566265,550000.0,3077200000.0,0
0,1,1,2700000,8400000,6,744,14800000.0,3.111111111111111,1.7619047619047619,2700000.0,11011200000.0,1
5,0,0,6800000,18000000,12,690,63900000.0,2.6470588235294117,3.55,1133333.3333333333,44091000000.0,1
3,1,1,6300000,23300000,4,347,59700000.0,3.6984126984126986,2.5622317596566524,1575000.0,20715900000.0,1
5,1,1,9000000,31400000,2,677,52200000.0,3.488888888888889,1.6624203821656052,1500000.0,35339400000.0,1
1,1,0,4700000,15700000,4,468,38200000.0,3.3404255319148937,2.43312101910828,2350000.0,17877600000.0,1
2,0,0,8100000,17500000,4,674,56000000.0,2.1604938271604937,3.2,2700000.0,37744000000.0,1
2,0,0,9000000,27300000,14,353,61100000.0,3.033333333333333,2.238095238095238,3000000.0,21568300000.0,0
4,0,0,3800000,14100000,8,727,22400000.0,3.710526315789474,1.5886524822695036,760000.0,16284800000.0,1
4,0,1,8800000,22200000,10,512,52600000.0,2.522727272727273,2.369369369369369,1760000.0,26931200000.0,0
3,0,1,8700000,27200000,18,454,61300000.0,3.1264367816091956,2.2536764705882355,2175000.0,27830200000.0,0
5,0,0,5000000,12400000,14,315,37000000.0,2.48,2.9838709677419355,833333.3333333334,11655000000.0,0
0,0,1,6000000,22700000,10,480,34500000.0,3.783333333333333,1.5198237885462555,6000000.0,16560000000.0,0
2,1,1,9100000,24200000,16,685,67700000.0,2.659340659340659,2.7975206611570247,3033333.3333333335,46374500000.0,1
1,1,0,7400000,17900000,6,460,34800000.0,2.418918918918919,1.9441340782122905,3700000.0,16008000000.0,0
1,0,1,8300000,28400000,16,704,41400000.0,3.4216867469879517,1.4577464788732395,4150000.0,29145600000.0,1
1,1,1,7600000,23900000,12,692,44700000.0,3.1447368421052633,1.8702928870292888,3800000.0,30932400000.0,1
1,0,1,3500000,9600000,4,398,20200000.0,2.742857142857143,2.1041666666666665,1750000.0,8039600000.0,0
5,1,1,1000000,3500000,18,882,4900000.0,3.5,1.4,166666.66666666666,4321800000.0,1
5,1,1,9900000,25900000,4,860,51400000.0,2.6161616161616164,1.9845559845559846,1650000.0,44204000000.0,1
2,1,1,5700000,15100000,18,330,32500000.0,2.6491228070175437,2.152317880794702,1900000.0,10725000000.0,0
5,1,0,700000,2400000,16,447,5400000.0,3.4285714285714284,2.25,116666.66666666667,2413800000.0,0
0,0,1,9600000,23800000,12,788,55900000.0,2.4791666666666665,2.3487394957983194,9600000.0,44049200000.0,1
1,0,0,9300000,28900000,6,526,43400000.0,3.10752688172043,1.5017301038062283,4650000.0,22828400000.0,0
0,1,0,9500000,28400000,18,577,60800000.0,2.9894736842105263,2.140845070422535,9500000.0,35081600000.0,1
4,1,1,8700000,23400000,16,372,50300000.0,2.689655172413793,2.1495726495726495,1740000.0,18711600000.0,0
5,1,1,7300000,21000000,14,759,54600000.0,2.8767123287671232,2.6,1216666.6666666667,41441400000.0,1
3,1,1,4100000,12700000,10,465,25600000.0,3.097560975609756,2.015748031496063,1025000.0,11904000000.0,0
2,1,0,2900000,10200000,4,789,15000000.0,3.5172413793103448,1.4705882352941178,966666.6666666666,11835000000.0,1
3,1,1,7500000,17900000,2,680,50100000.0,2.3866666666666667,2.798882681564246,1875000.0,34068000000.0,1
1,1,0,7900000,25700000,20,681,44800000.0,3.2531645569620253,1.7431906614785992,3950000.0,30508800000.0,1
1,1,1,6900000,22300000,16,673,47800000.0,3.2318840579710146,2.1434977578475336,3450000.0,32169400000.0,1
0,0,0,6900000,22900000,10,313,49100000.0,3.318840579710145,2.1441048034934496,6900000.0,15368300000.0,0
0,0,0,4800000,18800000,16,551,40100000.0,3.9166666666666665,2.132978723404255,4800000.0,22095100000.0,1
5,1,1,7700000,24400000,8,453,41100000.0,3.168831168831169,1.6844262295081966,1283333.3333333333,18618300000.0,0
3,0,0,6900000,22700000,4,650,36200000.0,3.289855072463768,1.5947136563876652,1725000.0,23530000000.0,1
1,0,0,1200000,4500000,4,439,9100000.0,3.75,2.022222222222222,600000.0,3994900000.0,1
1,1,0,2900000,9600000,4,658,22200000.0,3.310344827586207,2.3125,1450000.0,14607600000.0,1
4,1,1,5500000,18900000,6,379,44600000.0,3.4363636363636365,2.35978835978836,1100000.0,16903400000.0,0
4,1,1,3200000,10700000,4,450,20300000.0,3.34375,1.897196261682243,640000.0,9135000000.0,1
5,0,0,2600000,8200000,4,849,21000000.0,3.1538461538461537,2.5609756097560976,433333.3333333333,17829000000.0,1
0,1,0,500000,1600000,18,865,3000000.0,3.2,1.875,500000.0,2595000000.0,1
0,1,0,1800000,6900000,10,853,6700000.0,3.8333333333333335,0.9710144927536232,1800000.0,5715100000.0,0
0,0,0,1300000,4900000,12,555,9400000.0,3.769230769230769,1.9183673469387754,1300000.0,5217000000.0,1
1,0,0,9900000,20700000,20,821,70100000.0,2.090909090909091,3.3864734299516908,4950000.0,57552100000.0,1
0,0,0,2000000,4700000,2,820,14300000.0,2.35,3.0425531914893615,2000000.0,11726000000.0,1
1,0,0,5100000,15300000,4,721,34300000.0,3.0,2.241830065359477,2550000.0,24730300000.0,1
4,1,1,8200000,24000000,20,831,56200000.0,2.926829268292683,2.341666666666667,1640000.0,46702200000.0,1
5,0,0,4200000,12600000,18,571,30000000.0,3.0,2.380952380952381,700000.0,17130000000.0,1
2,0,1,1300000,4900000,8,582,9000000.0,3.769230769230769,1.836734693877551,433333.3333333333,5238000000.0,1
1,0,1,4600000,13600000,18,487,40600000.0,2.9565217391304346,2.985294117647059,2300000.0,19772200000.0,0
1,0,0,6600000,19700000,12,758,48700000.0,2.984848484848485,2.472081218274112,3300000.0,36914600000.0,1
2,1,1,8300000,30100000,16,636,50600000.0,3.6265060240963853,1.681063122923588,2766666.6666666665,32181600000.0,1
0,1,0,6900000,20700000,16,857,54200000.0,3.0,2.6183574879227054,6900000.0,46449400000.0,1
4,1,1,4700000,12500000,8,678,30700000.0,2.6595744680851063,2.456,940000.0,20814600000.0,1
1,1,0,7900000,15800000,8,551,31300000.0,2.0,1.981012658227848,3950000.0,17246300000.0,1
3,0,0,8800000,24900000,16,668,74400000.0,2.8295454545454546,2.9879518072289155,2200000.0,49699200000.0,1
1,1,0,6500000,23400000,2,672,39700000.0,3.6,1.6965811965811965,3250000.0,26678400000.0,1
3,0,0,3500000,13700000,4,439,25400000.0,3.914285714285714,1.854014598540146,875000.0,11150600000.0,1
2,0,1,8200000,19600000,16,636,53300000.0,2.3902439024390243,2.7193877551020407,2733333.3333333335,33898800000.0,1
0,0,1,2000000,6000000,14,393,11700000.0,3.0,1.95,2000000.0,4598100000.0,0
5,0,0,2700000,8200000,2,848,15700000.0,3.037037037037037,1.9146341463414633,450000.0,13313600000.0,1
0,1,1,5300000,17600000,4,790,39600000.0,3.3207547169811322,2.25,5300000.0,31284000000.0,1
2,0,0,9900000,19900000,6,312,66000000.0,2.01010101010101,3.3165829145728645,3300000.0,20592000000.0,0
2,0,1,5000000,19500000,14,775,24200000.0,3.9,1.241025641025641,1666666.6666666667,18755000000.0,1
2,0,0,9100000,18600000,20,403,59600000.0,2.043956043956044,3.204301075268817,3033333.3333333335,24018800000.0,0
3,0,1,7600000,26400000,14,867,45200000.0,3.473684210526316,1.7121212121212122,1900000.0,39188400000.0,1
0,1,0,5200000,17800000,18,558,29800000.0,3.423076923076923,1.6741573033707866,5200000.0,16628400000.0,1
5,1,0,1800000,6000000,4,548,12900000.0,3.3333333333333335,2.15,300000.0,7069200000.0,1
0,0,0,7300000,28200000,16,486,48200000.0,3.863013698630137,1.7092198581560283,7300000.0,23425200000.0,0
4,1,0,3200000,11600000,6,635,18300000.0,3.625,1.5775862068965518,640000.0,11620500000.0,1
5,1,0,5200000,20700000,2,538,23400000.0,3.980769230769231,1.1304347826086956,866666.6666666666,12589200000.0,1
4,0,0,7100000,28200000,14,496,49500000.0,3.971830985915493,1.7553191489361701,1420000.0,24552000000.0,0
4,1,1,1400000,4800000,6,411,7700000.0,3.4285714285714284,1.6041666666666667,280000.0,3164700000.0,0
4,0,0,2700000,10700000,6,857,22600000.0,3.962962962962963,2.1121495327102804,540000.0,19368200000.0,1
5,1,1,6500000,18100000,10,360,52600000.0,2.7846153846153845,2.9060773480662982,1083333.3333333333,18936000000.0,0
4,1,0,9300000,35900000,18,461,60100000.0,3.860215053763441,1.6740947075208914,1860000.0,27706100000.0,0
0,1,1,6700000,14900000,16,638,40600000.0,2.2238805970149254,2.7248322147651005,6700000.0,25902800000.0,1
5,1,0,6800000,19300000,6,865,44100000.0,2.838235294117647,2.284974093264249,1133333.3333333333,38146500000.0,1
5,0,0,5600000,13600000,4,449,34700000.0,2.4285714285714284,2.551470588235294,933333.3333333334,15580300000.0,0
1,0,1,1900000,4700000,2,870,13200000.0,2.473684210526316,2.8085106382978724,950000.0,11484000000.0,1
5,0,0,8400000,19500000,6,815,39000000.0,2.3214285714285716,2.0,1400000.0,31785000000.0,1
2,0,1,2500000,7200000,16,454,14400000.0,2.88,2.0,833333.3333333334,6537600000.0,0
1,0,1,2900000,9900000,18,783,15000000.0,3.413793103448276,1.5151515151515151,1450000.0,11745000000.0,1
3,1,1,3200000,7400000,2,543,23900000.0,2.3125,3.22972972972973,800000.0,12977700000.0,0
4,0,1,3000000,10900000,2,786,22100000.0,3.6333333333333333,2.0275229357798166,600000.0,17370600000.0,1
3,1,1,800000,2500000,20,395,3900000.0,3.125,1.56,200000.0,1540500000.0,0
2,0,1,400000,1300000,2,885,2100000.0,3.25,1.6153846153846154,133333.33333333334,1858500000.0,1
2,0,0,4400000,10600000,20,488,31000000.0,2.409090909090909,2.9245283018867925,1466666.6666666667,15128000000.0,0
2,0,1,8700000,19900000,10,829,46600000.0,2.2873563218390807,2.341708542713568,2900000.0,38631400000.0,1
4,0,0,7400000,15400000,6,677,71800000.0,2.081081081081081,4.662337662337662,1480000.0,48608600000.0,1
4,0,1,5700000,14400000,12,645,40700000.0,2.526315789473684,2.826388888888889,1140000.0,26251500000.0,1
5,0,1,9700000,27600000,10,788,54900000.0,2.845360824742268,1.9891304347826086,1616666.6666666667,43261200000.0,1
2,0,0,7000000,22400000,6,649,48800000.0,3.2,2.1785714285714284,2333333.3333333335,31671200000.0,1
2,0,0,8900000,23100000,4,519,53200000.0,2.595505617977528,2.303030303030303,2966666.6666666665,27610800000.0,0
3,1,1,3100000,11200000,14,772,19600000.0,3.6129032258064515,1.75,775000.0,15131200000.0,1
4,1,0,2200000,6100000,12,330,15600000.0,2.772727272727273,2.557377049180328,440000.0,5148000000.0,0
5,0,1,7100000,21500000,4,557,47300000.0,3.028169014084507,2.2,1183333.3333333333,26346100000.0,1
4,1,1,8200000,19000000,6,334,70100000.0,2.317073170731707,3.6894736842105265,1640000.0,23413400000.0,0
3,1,1,9800000,28400000,12,487,66200000.0,2.8979591836734695,2.3309859154929575,2450000.0,32239400000.0,0
2,1,1,3900000,9700000,8,539,25000000.0,2.4871794871794872,2.577319587628866,1300000.0,13475000000.0,0
2,1,1,2200000,8100000,8,710,11700000.0,3.6818181818181817,1.4444444444444444,733333.3333333334,8307000000.0,1
5,0,1,600000,1700000,20,879,4200000.0,2.8333333333333335,2.4705882352941178,100000.0,3691800000.0,1
4,0,1,6900000,22000000,10,512,39700000.0,3.1884057971014492,1.8045454545454545,1380000.0,20326400000.0,0
2,1,1,7400000,27300000,18,561,49700000.0,3.689189189189189,1.8205128205128205,2466666.6666666665,27881700000.0,1
3,0,1,4000000,11600000,6,539,25300000.0,2.9,2.1810344827586206,1000000.0,13636700000.0,0
3,0,1,700000,2000000,18,544,4000000.0,2.857142857142857,2.0,175000.0,2176000000.0,0
2,0,1,1900000,4600000,16,631,13100000.0,2.4210526315789473,2.847826086956522,633333.3333333334,8266100000.0,1
2,1,0,2200000,6800000,20,546,11500000.0,3.090909090909091,1.6911764705882353,733333.3333333334,6279000000.0,0
1,1,1,2000000,5600000,14,569,15600000.0,2.8,2.7857142857142856,1000000.0,8876400000.0,1
4,0,0,7400000,17900000,6,384,52800000.0,2.418918918918919,2.9497206703910615,1480000.0,20275200000.0,0
2,0,1,2300000,9000000,6,583,15200000.0,3.9130434782608696,1.6888888888888889,766666.6666666666,8861600000.0,1
5,0,1,4000000,15500000,12,517,16200000.0,3.875,1.0451612903225806,666666.6666666666,8375400000.0,0
3,1,1,1500000,5800000,18,420,8200000.0,3.8666666666666667,1.4137931034482758,375000.0,3444000000.0,0
2,0,1,5200000,12900000,18,644,24900000.0,2.480769230769231,1.930232558139535,1733333.3333333333,16035600000.0,1
2,1,0,5400000,14500000,8,349,43300000.0,2.685185185185185,2.986206896551724,1800000.0,15111700000.0,0
3,1,0,7700000,25300000,18,662,43800000.0,3.2857142857142856,1.7312252964426877,1925000.0,28995600000.0,1
0,0,1,1900000,6400000,20,704,11500000.0,3.3684210526315788,1.796875,1900000.0,8096000000.0,1
4,0,1,6400000,15500000,2,324,47900000.0,2.421875,3.0903225806451613,1280000.0,15519600000.0,0
5,1,0,700000,1700000,18,757,4800000.0,2.4285714285714284,2.823529411764706,116666.66666666667,3633600000.0,1
3,1,1,5800000,23000000,16,361,41900000.0,3.9655172413793105,1.8217391304347825,1450000.0,15125900000.0,0
1,1,0,1800000,5400000,4,415,13800000.0,3.0,2.5555555555555554,900000.0,5727000000.0,1
5,1,1,4300000,13800000,18,618,26800000.0,3.2093023255813953,1.9420289855072463,716666.6666666666,16562400000.0,1
4,1,0,8000000,27100000,8,524,61800000.0,3.3875,2.2804428044280445,1600000.0,32383200000.0,0
0,0,0,1100000,4100000,18,887,5600000.0,3.727272727272727,1.3658536585365855,1100000.0,4967200000.0,1
2,0,1,8800000,31100000,12,729,46000000.0,3.534090909090909,1.4790996784565917,2933333.3333333335,33534000000.0,1
4,1,0,4800000,18600000,14,774,35800000.0,3.875,1.924731182795699,960000.0,27709200000.0,1
0,0,1,200000,700000,20,724,1400000.0,3.5,2.0,200000.0,1013600000.0,1
5,1,1,1400000,2700000,16,320,8100000.0,1.9285714285714286,3.0,233333.33333333334,2592000000.0,0
5,1,0,2500000,6400000,16,590,16400000.0,2.56,2.5625,416666.6666666667,9676000000.0,1
5,1,0,8100000,25300000,8,796,57800000.0,3.123456790123457,2.2845849802371543,1350000.0,46008800000.0,1
0,1,1,6100000,19200000,6,890,44100000.0,3.1475409836065573,2.296875,6100000.0,39249000000.0,1
0,0,1,2000000,4600000,16,651,13300000.0,2.3,2.891304347826087,2000000.0,8658300000.0,1
4,0,0,4800000,10100000,12,634,31400000.0,2.1041666666666665,3.108910891089109,960000.0,19907600000.0,1
4,1,1,900000,2800000,2,660,5900000.0,3.111111111111111,2.107142857142857,180000.0,3894000000.0,1
4,0,0,1300000,3500000,12,512,8600000.0,2.6923076923076925,2.4571428571428573,260000.0,4403200000.0,0
4,0,1,4200000,9100000,2,900,28800000.0,2.1666666666666665,3.1648351648351647,840000.0,25920000000.0,1
2,1,1,3300000,11100000,20,823,20700000.0,3.3636363636363638,1.864864864864865,1100000.0,17036100000.0,1
2,0,1,8700000,28400000,12,880,33600000.0,3.264367816091954,1.1830985915492958,2900000.0,29568000000.0,1
1,0,1,800000,2600000,2,439,2800000.0,3.25,1.0769230769230769,400000.0,1229200000.0,1
5,1,1,7400000,17100000,2,441,47700000.0,2.310810810810811,2.789473684210526,1233333.3333333333,21035700000.0,0
3,0,0,6900000,18500000,6,360,42400000.0,2.681159420289855,2.291891891891892,1725000.0,15264000000.0,0
1,1,1,8800000,33700000,14,561,54900000.0,3.8295454545454546,1.629080118694362,4400000.0,30798900000.0,1
2,1,1,8600000,32500000,4,758,46400000.0,3.7790697674418605,1.4276923076923076,2866666.6666666665,35171200000.0,1
2,1,0,5400000,20600000,18,621,30500000.0,3.814814814814815,1.4805825242718447,1800000.0,18940500000.0,1
4,1,1,2900000,5900000,18,621,15300000.0,2.0344827586206895,2.593220338983051,580000.0,9501300000.0,1
3,1,0,9800000,21000000,12,342,75900000.0,2.142857142857143,3.6142857142857143,2450000.0,25957800000.0,0
4,1,0,3300000,10800000,4,552,17000000.0,3.272727272727273,1.5740740740740742,660000.0,9384000000.0,1
0,0,0,300000,500000,18,376,1400000.0,1.6666666666666667,2.8,300000.0,526400000.0,0
0,1,0,1500000,4300000,12,801,11000000.0,2.8666666666666667,2.558139534883721,1500000.0,8811000000.0,1
3,0,1,5400000,16300000,4,512,24100000.0,3.0185185185185186,1.478527607361963,1350000.0,12339200000.0,1
0,1,0,6600000,15200000,18,497,32200000.0,2.303030303030303,2.1184210526315788,6600000.0,16003400000.0,0
0,1,0,5700000,17200000,8,386,28600000.0,3.017543859649123,1.6627906976744187,5700000.0,11039600000.0,0
3,0,1,8500000,26100000,2,683,46800000.0,3.070588235294118,1.793103448275862,2125000.0,31964400000.0,1
0,1,0,7400000,24100000,16,779,37500000.0,3.2567567567567566,1.5560165975103735,7400000.0,29212500000.0,1
3,0,1,7800000,17700000,6,876,66700000.0,2.269230769230769,3.768361581920904,1950000.0,58429200000.0,1
3,1,1,7200000,16500000,18,515,42000000.0,2.2916666666666665,2.5454545454545454,1800000.0,21630000000.0,0
2,0,0,7600000,19300000,12,463,32500000.0,2.539473684210526,1.6839378238341969,2533333.3333333335,15047500000.0,0
4,0,1,7000000,26700000,4,486,47600000.0,3.8142857142857145,1.7827715355805243,1400000.0,23133600000.0,1
0,0,0,5700000,13000000,6,328,44200000.0,2.280701754385965,3.4,5700000.0,14497600000.0,0
2,0,0,8200000,30600000,10,343,45200000.0,3.731707317073171,1.477124183006536,2733333.3333333335,15503600000.0,0
0,1,1,9000000,27800000,8,712,37800000.0,3.088888888888889,1.3597122302158273,9000000.0,26913600000.0,1
3,0,0,3900000,11900000,6,607,23400000.0,3.051282051282051,1.9663865546218486,975000.0,14203800000.0,1
0,1,0,6500000,16200000,4,812,54300000.0,2.4923076923076923,3.3518518518518516,6500000.0,44091600000.0,1
4,0,1,2300000,7700000,16,589,19000000.0,3.347826086956522,2.4675324675324677,460000.0,11191000000.0,1
1,0,0,5700000,21800000,18,657,42300000.0,3.824561403508772,1.9403669724770642,2850000.0,27791100000.0,1
4,0,0,800000,2800000,12,453,5300000.0,3.5,1.8928571428571428,160000.0,2400900000.0,0
4,0,1,8400000,19700000,14,889,62300000.0,2.3452380952380953,3.1624365482233503,1680000.0,55384700000.0,1
1,1,1,4300000,17200000,4,564,30700000.0,4.0,1.7848837209302326,2150000.0,17314800000.0,1
1,0,1,300000,900000,20,419,1700000.0,3.0,1.8888888888888888,150000.0,712300000.0,0
1,1,0,8700000,34000000,16,663,42000000.0,3.9080459770114944,1.2352941176470589,4350000.0,27846000000.0,1
1,0,0,4400000,12100000,4,884,37300000.0,2.75,3.0826446280991737,2200000.0,32973200000.0,1
1,1,1,5600000,16800000,16,528,30200000.0,3.0,1.7976190476190477,2800000.0,15945600000.0,0
2,1,0,600000,1300000,12,475,4100000.0,2.1666666666666665,3.1538461538461537,200000.0,1947500000.0,0
4,0,1,2500000,5100000,20,695,15400000.0,2.04,3.019607843137255,500000.0,10703000000.0,1
5,0,0,3800000,10500000,10,759,21900000.0,2.763157894736842,2.085714285714286,633333.3333333334,16622100000.0,1
2,0,0,2500000,9600000,4,636,11200000.0,3.84,1.1666666666666667,833333.3333333334,7123200000.0,1
3,0,1,5500000,20400000,10,546,36300000.0,3.709090909090909,1.7794117647058822,1375000.0,19819800000.0,0
5,1,1,4500000,17100000,2,639,36600000.0,3.8,2.1403508771929824,750000.0,23387400000.0,1
4,0,0,1900000,4000000,10,388,8400000.0,2.1052631578947367,2.1,380000.0,3259200000.0,0
5,1,1,6400000,20000000,12,594,24200000.0,3.125,1.21,1066666.6666666667,14374800000.0,1
1,0,1,3800000,11100000,6,760,18300000.0,2.9210526315789473,1.6486486486486487,1900000.0,13908000000.0,1
4,0,1,6300000,16900000,16,582,49300000.0,2.6825396825396823,2.9171597633136095,1260000.0,28692600000.0,1
3,0,0,300000,600000,6,896,1700000.0,2.0,2.8333333333333335,75000.0,1523200000.0,1
5,0,1,7100000,21800000,18,891,30600000.0,3.0704225352112675,1.4036697247706422,1183333.3333333333,27264600000.0,1
2,0,1,600000,1700000,2,495,3600000.0,2.8333333333333335,2.1176470588235294,200000.0,1782000000.0,0
3,1,1,4400000,15300000,16,865,28000000.0,3.477272727272727,1.8300653594771241,1100000.0,24220000000.0,1
4,0,0,7600000,20800000,12,775,41100000.0,2.736842105263158,1.9759615384615385,1520000.0,31852500000.0,1
5,1,1,8700000,26400000,10,318,47100000.0,3.0344827586206895,1.7840909090909092,1450000.0,14977800000.0,0
3,1,1,5600000,12700000,12,395,45900000.0,2.267857142857143,3.6141732283464565,1400000.0,18130500000.0,0
4,0,0,4100000,13100000,14,772,29700000.0,3.1951219512195124,2.267175572519084,820000.0,22928400000.0,1
2,0,1,7900000,16100000,18,318,59400000.0,2.037974683544304,3.68944099378882,2633333.3333333335,18889200000.0,0
3,0,1,5600000,20900000,14,649,35900000.0,3.732142857142857,1.7177033492822966,1400000.0,23299100000.0,1
3,0,0,1200000,3100000,10,438,8600000.0,2.5833333333333335,2.774193548387097,300000.0,3766800000.0,0
5,1,0,6900000,19700000,6,588,41700000.0,2.8550724637681157,2.116751269035533,1150000.0,24519600000.0,1
5,0,0,2700000,5600000,2,815,12800000.0,2.074074074074074,2.2857142857142856,450000.0,10432000000.0,1
4,1,1,9800000,22100000,4,364,61700000.0,2.2551020408163267,2.7918552036199094,1960000.0,22458800000.0,0
2,0,0,9300000,32300000,4,586,68100000.0,3.4731182795698925,2.108359133126935,3100000.0,39906600000.0,1
4,0,0,6700000,25300000,12,555,48900000.0,3.7761194029850746,1.9328063241106719,1340000.0,27139500000.0,1
4,1,0,1300000,4600000,10,312,6300000.0,3.5384615384615383,1.3695652173913044,260000.0,1965600000.0,0
2,1,1,7900000,17100000,16,605,65600000.0,2.1645569620253164,3.8362573099415203,2633333.3333333335,39688000000.0,1
5,0,0,6700000,23200000,18,672,34500000.0,3.462686567164179,1.4870689655172413,1116666.6666666667,23184000000.0,1
2,0,1,2100000,4500000,18,591,10000000.0,2.142857142857143,2.2222222222222223,700000.0,5910000000.0,1
4,1,1,4700000,11000000,4,321,26700000.0,2.3404255319148937,2.4272727272727272,940000.0,8570700000.0,0
2,1,0,3700000,13400000,16,393,24700000.0,3.6216216216216215,1.8432835820895523,1233333.3333333333,9707100000.0,0
0,1,1,5800000,21800000,2,561,30800000.0,3.7586206896551726,1.4128440366972477,5800000.0,17278800000.0,1
5,1,1,2400000,6900000,20,725,13300000.0,2.875,1.9275362318840579,400000.0,9642500000.0,1
1,0,1,8100000,27600000,16,438,51700000.0,3.4074074074074074,1.8731884057971016,4050000.0,22644600000.0,0
5,1,1,5400000,21400000,12,399,32900000.0,3.962962962962963,1.5373831775700935,900000.0,13127100000.0,0
0,1,0,1400000,5400000,8,592,9600000.0,3.857142857142857,1.7777777777777777,1400000.0,5683200000.0,1
2,0,0,2500000,8600000,8,835,15500000.0,3.44,1.802325581395349,833333.3333333334,12942500000.0,1
0,0,1,1600000,5300000,4,733,9100000.0,3.3125,1.7169811320754718,1600000.0,6670300000.0,1
0,0,0,3700000,10600000,20,484,24500000.0,2.864864864864865,2.311320754716981,3700000.0,11858000000.0,0
5,0,1,500000,1800000,20,615,2600000.0,3.6,1.4444444444444444,83333.33333333333,1599000000.0,1
3,0,1,5300000,19500000,4,591,45600000.0,3.6792452830188678,2.3384615384615386,1325000.0,26949600000.0,1
0,1,1,2800000,6800000,12,349,18600000.0,2.4285714285714284,2.735294117647059,2800000.0,6491400000.0,0
1,1,1,9600000,29900000,18,478,81300000.0,3.1145833333333335,2.719063545150502,4800000.0,38861400000.0,0
4,1,0,2200000,7800000,20,633,14200000.0,3.5454545454545454,1.8205128205128205,440000.0,8988600000.0,1
1,0,1,8400000,30900000,8,378,56600000.0,3.6785714285714284,1.831715210355987,4200000.0,21394800000.0,0
1,0,0,2100000,5300000,20,461,15100000.0,2.5238095238095237,2.849056603773585,1050000.0,6961100000.0,0
2,0,1,2800000,7000000,2,834,12800000.0,2.5,1.8285714285714285,933333.3333333334,10675200000.0,1
0,0,0,2500000,5800000,20,671,17400000.0,2.32,3.0,2500000.0,11675400000.0,1
3,1,1,1700000,5800000,10,524,14400000.0,3.411764705882353,2.4827586206896552,425000.0,7545600000.0,0
3,1,0,6100000,20700000,4,816,50400000.0,3.3934426229508197,2.4347826086956523,1525000.0,41126400000.0,1
3,1,0,4100000,11700000,10,729,30600000.0,2.8536585365853657,2.6153846153846154,1025000.0,22307400000.0,1
5,0,1,4500000,12700000,8,307,30100000.0,2.8222222222222224,2.37007874015748,750000.0,9240700000.0,0
2,1,1,5600000,19100000,8,350,22300000.0,3.4107142857142856,1.1675392670157068,1866666.6666666667,7805000000.0,0
3,0,1,5800000,16600000,10,444,42700000.0,2.8620689655172415,2.572289156626506,1450000.0,18958800000.0,0
4,0,0,8600000,26700000,10,895,40500000.0,3.104651162790698,1.5168539325842696,1720000.0,36247500000.0,1
2,1,0,2900000,10500000,20,708,16800000.0,3.6206896551724137,1.6,966666.6666666666,11894400000.0,1
2,0,1,8300000,17600000,2,355,36900000.0,2.1204819277108435,2.096590909090909,2766666.6666666665,13099500000.0,0
5,0,0,2400000,5100000,6,756,10400000.0,2.125,2.0392156862745097,400000.0,7862400000.0,1
4,1,0,5600000,12000000,4,719,26400000.0,2.142857142857143,2.2,1120000.0,18981600000.0,1
1,1,1,9500000,35400000,14,439,35300000.0,3.7263157894736842,0.9971751412429378,4750000.0,15496700000.0,0
4,0,1,4900000,15900000,10,668,36800000.0,3.2448979591836733,2.3144654088050314,980000.0,24582400000.0,1
4,0,1,5900000,16500000,2,765,45900000.0,2.7966101694915255,2.7818181818181817,1180000.0,35113500000.0,1
5,1,1,500000,1500000,4,476,2200000.0,3.0,1.4666666666666666,83333.33333333333,1047200000.0,1
3,1,0,7000000,21700000,14,781,42800000.0,3.1,1.9723502304147464,1750000.0,33426800000.0,1
1,0,0,3500000,12700000,4,350,26700000.0,3.6285714285714286,2.1023622047244093,1750000.0,9345000000.0,1
0,1,0,5200000,12200000,16,783,23500000.0,2.3461538461538463,1.9262295081967213,5200000.0,18400500000.0,1
3,1,1,6300000,19900000,12,770,22900000.0,3.1587301587301586,1.150753768844221,1575000.0,17633000000.0,1
2,0,0,8400000,28300000,10,822,55200000.0,3.369047619047619,1.9505300353356891,2800000.0,45374400000.0,1
1,0,1,7500000,22500000,14,469,42600000.0,3.0,1.8933333333333333,3750000.0,19979400000.0,0
2,1,0,3300000,13000000,16,300,21900000.0,3.9393939393939394,1.6846153846153846,1100000.0,6570000000.0,0
2,0,0,8800000,22400000,14,692,56300000.0,2.5454545454545454,2.513392857142857,2933333.3333333335,38959600000.0,1
5,1,0,200000,700000,18,707,6500000.0,3.5,9.285714285714286,33333.333333333336,4595500000.0,1
5,0,1,8000000,29100000,4,658,52600000.0,3.6375,1.8075601374570447,1333333.3333333333,34610800000.0,1
3,1,0,1000000,4000000,6,625,4100000.0,4.0,1.025,250000.0,2562500000.0,1
1,1,0,9400000,26700000,10,343,51900000.0,2.8404255319148937,1.9438202247191012,4700000.0,17801700000.0,0
5,1,0,2100000,7300000,18,358,16300000.0,3.4761904761904763,2.232876712328767,350000.0,5835400000.0,0
4,1,1,5400000,11500000,20,705,38000000.0,2.1296296296296298,3.3043478260869565,1080000.0,26790000000.0,1
2,1,1,4700000,15100000,8,799,27600000.0,3.2127659574468086,1.8278145695364238,1566666.6666666667,22052400000.0,1
3,1,0,8800000,33700000,12,397,64300000.0,3.8295454545454546,1.9080118694362018,2200000.0,25527100000.0,0
5,1,0,3200000,12200000,6,493,22700000.0,3.8125,1.860655737704918,533333.3333333334,11191100000.0,0
0,1,1,7200000,21900000,4,446,60700000.0,3.0416666666666665,2.771689497716895,7200000.0,27072200000.0,1
2,0,1,2500000,7200000,16,315,16500000.0,2.88,2.2916666666666665,833333.3333333334,5197500000.0,0
5,0,1,6900000,15700000,14,887,48800000.0,2.2753623188405796,3.1082802547770703,1150000.0,43285600000.0,1
5,1,1,5700000,20500000,16,429,31000000.0,3.5964912280701755,1.5121951219512195,950000.0,13299000000.0,0
4,1,1,5500000,15100000,18,673,39600000.0,2.7454545454545456,2.622516556291391,1100000.0,26650800000.0,1
4,0,1,9200000,29100000,10,731,63600000.0,3.1630434782608696,2.185567010309278,1840000.0,46491600000.0,1
5,1,1,5700000,11500000,2,732,40400000.0,2.017543859649123,3.5130434782608697,950000.0,29572800000.0,1
5,1,1,5000000,16400000,14,525,40700000.0,3.28,2.481707317073171,833333.3333333334,21367500000.0,0
4,0,0,2300000,5500000,6,343,17800000.0,2.391304347826087,3.2363636363636363,460000.0,6105400000.0,0
0,0,1,3000000,11000000,16,331,21500000.0,3.6666666666666665,1.9545454545454546,3000000.0,7116500000.0,0
0,0,0,7900000,26200000,18,845,62600000.0,3.3164556962025316,2.3893129770992365,7900000.0,52897000000.0,1
2,1,0,2000000,6200000,16,696,11400000.0,3.1,1.8387096774193548,666666.6666666666,7934400000.0,1
5,0,0,2700000,8700000,14,772,16300000.0,3.2222222222222223,1.8735632183908046,450000.0,12583600000.0,1
3,1,1,6400000,15800000,18,628,39700000.0,2.46875,2.5126582278481013,1600000.0,24931600000.0,1
0,0,1,8200000,19100000,2,764,56300000.0,2.3292682926829267,2.9476439790575917,8200000.0,43013200000.0,1
1,1,0,2800000,6900000,14,553,16300000.0,2.4642857142857144,2.36231884057971,1400000.0,9013900000.0,1
1,0,0,8900000,20000000,2,653,41000000.0,2.247191011235955,2.05,4450000.0,26773000000.0,1
1,0,0,5100000,20000000,4,506,43800000.0,3.9215686274509802,2.19,2550000.0,22162800000.0,1
3,1,0,2800000,8500000,20,431,17900000.0,3.0357142857142856,2.1058823529411765,700000.0,7714900000.0,0
2,0,1,6100000,12300000,18,697,39300000.0,2.0163934426229506,3.1951219512195124,2033333.3333333333,27392100000.0,1
2,0,0,8400000,24500000,6,588,45600000.0,2.9166666666666665,1.8612244897959183,2800000.0,26812800000.0,1
1,0,0,1600000,5600000,6,846,9200000.0,3.5,1.6428571428571428,800000.0,7783200000.0,1
5,1,0,4100000,11000000,14,379,21800000.0,2.682926829268293,1.981818181818182,683333.3333333334,8262200000.0,0
1,0,0,300000,700000,10,745,1000000.0,2.3333333333333335,1.4285714285714286,150000.0,745000000.0,1
3,1,0,9600000,34500000,20,523,58300000.0,3.59375,1.6898550724637682,2400000.0,30490900000.0,0
4,1,1,8300000,25400000,4,624,57100000.0,3.0602409638554215,2.248031496062992,1660000.0,35630400000.0,1
1,1,0,4600000,16700000,16,407,31600000.0,3.630434782608696,1.8922155688622755,2300000.0,12861200000.0,0
3,0,1,5600000,11600000,12,756,31300000.0,2.0714285714285716,2.6982758620689653,1400000.0,23662800000.0,1
3,1,1,4100000,8300000,16,351,19400000.0,2.024390243902439,2.3373493975903616,1025000.0,6809400000.0,0
3,0,0,3700000,13400000,18,373,18600000.0,3.6216216216216215,1.3880597014925373,925000.0,6937800000.0,0
4,0,1,800000,2400000,2,461,5200000.0,3.0,2.1666666666666665,160000.0,2397200000.0,1
4,1,0,8100000,28100000,12,672,41500000.0,3.4691358024691357,1.4768683274021353,1620000.0,27888000000.0,1
2,1,1,2700000,9500000,10,434,14100000.0,3.5185185185185186,1.4842105263157894,900000.0,6119400000.0,0
2,0,1,7000000,21400000,12,541,34400000.0,3.057142857142857,1.6074766355140186,2333333.3333333335,18610400000.0,0
3,0,1,8100000,29300000,2,413,55100000.0,3.617283950617284,1.8805460750853242,2025000.0,22756300000.0,1
1,1,0,3200000,7600000,4,592,17200000.0,2.375,2.263157894736842,1600000.0,10182400000.0,1
4,0,1,400000,1400000,10,665,2300000.0,3.5,1.6428571428571428,80000.0,1529500000.0,1
1,1,0,7800000,23900000,4,313,51800000.0,3.0641025641025643,2.1673640167364017,3900000.0,16213400000.0,1
0,0,0,5800000,19600000,14,673,44800000.0,3.3793103448275863,2.2857142857142856,5800000.0,30150400000.0,1
0,0,1,2600000,6000000,8,382,13700000.0,2.3076923076923075,2.283333333333333,2600000.0,5233400000.0,0
5,0,0,5400000,21100000,12,661,51700000.0,3.9074074074074074,2.4502369668246446,900000.0,34173700000.0,1
3,1,1,600000,1700000,4,576,3100000.0,2.8333333333333335,1.8235294117647058,150000.0,1785600000.0,1
1,1,0,600000,1200000,14,443,4700000.0,2.0,3.9166666666666665,300000.0,2082100000.0,0
5,1,1,9500000,21700000,16,307,68400000.0,2.2842105263157895,3.152073732718894,1583333.3333333333,20998800000.0,0
4,1,1,1900000,4800000,12,656,10200000.0,2.526315789473684,2.125,380000.0,6691200000.0,1
1,1,1,9800000,21200000,4,885,82500000.0,2.163265306122449,3.891509433962264,4900000.0,73012500000.0,1
3,1,0,7800000,16600000,20,896,59200000.0,2.128205128205128,3.566265060240964,1950000.0,53043200000.0,1
5,0,0,4900000,14100000,2,802,29600000.0,2.877551020408163,2.099290780141844,816666.6666666666,23739200000.0,1
3,1,1,8300000,22700000,2,650,43400000.0,2.7349397590361444,1.9118942731277533,2075000.0,28210000000.0,1
4,0,1,3900000,8900000,10,665,27800000.0,2.282051282051282,3.1235955056179776,780000.0,18487000000.0,1
2,1,0,9000000,35700000,12,339,52100000.0,3.966666666666667,1.4593837535014005,3000000.0,17661900000.0,0
1,0,0,9600000,32400000,20,447,58300000.0,3.375,1.7993827160493827,4800000.0,26060100000.0,0
5,0,1,1000000,2400000,18,613,6100000.0,2.4,2.5416666666666665,166666.66666666666,3739300000.0,1
5,1,0,2800000,7200000,16,424,15200000.0,2.5714285714285716,2.111111111111111,466666.6666666667,6444800000.0,0
2,0,0,8300000,20800000,6,667,55600000.0,2.5060240963855422,2.673076923076923,2766666.6666666665,37085200000.0,1
4,0,1,6900000,18300000,18,715,31300000.0,2.652173913043478,1.710382513661202,1380000.0,22379500000.0,1
5,0,1,3800000,9100000,18,654,26200000.0,2.3947368421052633,2.879120879120879,633333.3333333334,17134800000.0,1
2,0,0,8000000,17800000,20,549,50300000.0,2.225,2.8258426966292136,2666666.6666666665,27614700000.0,0
4,1,1,9800000,29700000,4,373,64400000.0,3.0306122448979593,2.1683501683501682,1960000.0,24021200000.0,1
0,1,1,2900000,7200000,16,332,20500000.0,2.4827586206896552,2.8472222222222223,2900000.0,6806000000.0,0
4,1,0,7900000,31500000,20,534,48900000.0,3.9873417721518987,1.5523809523809524,1580000.0,26112600000.0,0
3,0,0,4600000,17900000,8,396,29600000.0,3.891304347826087,1.6536312849162011,1150000.0,11721600000.0,0
2,1,0,1000000,3700000,18,892,6500000.0,3.7,1.7567567567567568,333333.3333333333,5798000000.0,1
5,1,0,9000000,21300000,14,602,57500000.0,2.3666666666666667,2.699530516431925,1500000.0,34615000000.0,1
0,1,1,9400000,36100000,10,615,61500000.0,3.8404255319148937,1.703601108033241,9400000.0,37822500000.0,1
5,1,1,7400000,23300000,20,482,55200000.0,3.1486486486486487,2.369098712446352,1233333.3333333333,26606400000.0,0
0,1,0,6600000,20100000,16,397,51800000.0,3.0454545454545454,2.5771144278606966,6600000.0,20564600000.0,0
0,0,0,1300000,3400000,10,464,6300000.0,2.6153846153846154,1.8529411764705883,1300000.0,2923200000.0,0
0,1,1,1100000,3400000,14,832,9400000.0,3.090909090909091,2.764705882352941,1100000.0,7820800000.0,1
5,1,0,9200000,34800000,12,802,65300000.0,3.782608695652174,1.8764367816091954,1533333.3333333333,52370600000.0,1
2,1,0,7000000,23900000,18,628,52400000.0,3.414285714285714,2.192468619246862,2333333.3333333335,32907200000.0,1
4,1,0,5100000,18800000,10,694,29300000.0,3.6862745098039214,1.5585106382978724,1020000.0,20334200000.0,1
1,0,1,3200000,9300000,20,741,16500000.0,2.90625,1.7741935483870968,1600000.0,12226500000.0,1
1,0,1,3700000,10900000,14,748,23800000.0,2.945945945945946,2.18348623853211,1850000.0,17802400000.0,1
5,1,0,3600000,12800000,4,320,20900000.0,3.5555555555555554,1.6328125,600000.0,6688000000.0,1
1,1,0,5600000,11700000,10,774,34900000.0,2.0892857142857144,2.982905982905983,2800000.0,27012600000.0,1
0,0,1,9500000,32000000,2,500,48100000.0,3.3684210526315788,1.503125,9500000.0,24050000000.0,1
4,0,0,1500000,4000000,18,706,8800000.0,2.6666666666666665,2.2,300000.0,6212800000.0,1
4,0,0,7400000,18300000,10,601,63900000.0,2.472972972972973,3.4918032786885247,1480000.0,38403900000.0,1
2,1,0,6000000,17400000,16,806,27600000.0,2.9,1.5862068965517242,2000000.0,22245600000.0,1
0,1,1,3000000,9600000,6,644,18100000.0,3.2,1.8854166666666667,3000000.0,11656400000.0,1
4,1,1,6000000,12900000,14,723,20000000.0,2.15,1.550387596899225,1200000.0,14460000000.0,1
5,1,1,600000,1500000,12,509,4400000.0,2.5,2.933333333333333,100000.0,2239600000.0,0
0,1,0,1800000,6600000,4,898,8500000.0,3.6666666666666665,1.2878787878787878,1800000.0,7633000000.0,1
2,1,1,5500000,12000000,2,567,30400000.0,2.1818181818181817,2.533333333333333,1833333.3333333333,17236800000.0,1
1,1,0,1000000,2100000,6,715,6500000.0,2.1,3.0952380952380953,500000.0,4647500000.0,1
2,0,1,1700000,3500000,10,854,12500000.0,2.0588235294117645,3.5714285714285716,566666.6666666666,10675000000.0,1
1,1,1,3400000,12300000,8,523,21700000.0,3.6176470588235294,1.7642276422764227,1700000.0,11349100000.0,0
1,1,1,9600000,35900000,8,534,79500000.0,3.7395833333333335,2.214484679665738,4800000.0,42453000000.0,0
0,0,1,2600000,7600000,18,470,9800000.0,2.923076923076923,1.2894736842105263,2600000.0,4606000000.0,0
1,1,0,1600000,3500000,18,619,11100000.0,2.1875,3.1714285714285713,800000.0,6870900000.0,1
0,1,1,4300000,12800000,20,572,27900000.0,2.9767441860465116,2.1796875,4300000.0,15958800000.0,1
3,1,0,1400000,3500000,16,365,9300000.0,2.5,2.657142857142857,350000.0,3394500000.0,0
0,0,0,8000000,18000000,16,791,58200000.0,2.25,3.2333333333333334,8000000.0,46036200000.0,1
4,0,1,5000000,18100000,12,424,27800000.0,3.62,1.5359116022099448,1000000.0,11787200000.0,0
5,1,0,4500000,10200000,12,726,33200000.0,2.2666666666666666,3.2549019607843137,750000.0,24103200000.0,1
1,1,0,3400000,9900000,2,736,23800000.0,2.911764705882353,2.404040404040404,1700000.0,17516800000.0,1
5,1,1,5700000,12800000,14,488,33300000.0,2.245614035087719,2.6015625,950000.0,16250400000.0,0
2,0,1,2600000,7600000,10,400,22900000.0,2.923076923076923,3.013157894736842,866666.6666666666,9160000000.0,0
0,1,1,4500000,12200000,20,311,31300000.0,2.7111111111111112,2.5655737704918034,4500000.0,9734300000.0,0
2,0,1,5100000,16800000,2,504,30600000.0,3.2941176470588234,1.8214285714285714,1700000.0,15422400000.0,1
4,0,1,5100000,18600000,20,312,37600000.0,3.6470588235294117,2.021505376344086,1020000.0,11731200000.0,0
5,1,1,1700000,6500000,14,587,10000000.0,3.823529411764706,1.5384615384615385,283333.3333333333,5870000000.0,1
1,0,0,5200000,10500000,20,317,35600000.0,2.019230769230769,3.3904761904761904,2600000.0,11285200000.0,0
4,0,0,8400000,29000000,2,463,40600000.0,3.4523809523809526,1.4,1680000.0,18797800000.0,1
1,0,1,9000000,34000000,16,842,51900000.0,3.7777777777777777,1.526470588235294,4500000.0,43699800000.0,1
4,1,1,3400000,11800000,20,616,21100000.0,3.4705882352941178,1.7881355932203389,680000.0,12997600000.0,1
1,0,0,5400000,19400000,8,800,29400000.0,3.5925925925925926,1.5154639175257731,2700000.0,23520000000.0,1
0,1,1,700000,2100000,12,813,4200000.0,3.0,2.0,700000.0,3414600000.0,1
2,1,0,7600000,24800000,12,564,51600000.0,3.263157894736842,2.0806451612903225,2533333.3333333335,29102400000.0,1
2,0,0,5000000,14700000,12,837,25900000.0,2.94,1.7619047619047619,1666666.6666666667,21678300000.0,1
5,0,1,2500000,9400000,16,735,13400000.0,3.76,1.425531914893617,416666.6666666667,9849000000.0,1
4,0,1,2000000,5200000,16,724,16400000.0,2.6,3.1538461538461537,400000.0,11873600000.0,1
5,0,0,9000000,23900000,12,658,48500000.0,2.6555555555555554,2.0292887029288704,1500000.0,31913000000.0,1
5,1,0,8300000,31800000,16,858,70500000.0,3.8313253012048194,2.2169811320754715,1383333.3333333333,60489000000.0,1
0,0,1,3100000,8500000,8,614,20600000.0,2.7419354838709675,2.4235294117647057,3100000.0,12648400000.0,1
2,1,1,8500000,25600000,16,714,49100000.0,3.011764705882353,1.91796875,2833333.3333333335,35057400000.0,1
2,1,1,1200000,4600000,20,605,10300000.0,3.8333333333333335,2.239130434782609,400000.0,6231500000.0,1
4,1,1,2800000,5500000,8,875,20200000.0,1.9642857142857142,3.672727272727273,560000.0,17675000000.0,1
5,1,1,2800000,10900000,6,359,18900000.0,3.892857142857143,1.7339449541284404,466666.6666666667,6785100000.0,0
5,1,1,6500000,24100000,6,441,44200000.0,3.707692307692308,1.83402489626556,1083333.3333333333,19492200000.0,0
4,1,0,8700000,25200000,18,790,60900000.0,2.896551724137931,2.4166666666666665,1740000.0,48111000000.0,1
1,0,1,5400000,13600000,4,821,45800000.0,2.5185185185185186,3.3676470588235294,2700000.0,37601800000.0,1
2,0,0,8600000,33300000,16,375,67500000.0,3.872093023255814,2.027027027027027,2866666.6666666665,25312500000.0,0
3,1,0,4700000,9600000,10,545,29700000.0,2.0425531914893615,3.09375,1175000.0,16186500000.0,0
5,0,1,1100000,3900000,4,891,5600000.0,3.5454545454545454,1.435897435897436,183333.33333333334,4989600000.0,1
0,1,0,6400000,14000000,8,486,45400000.0,2.1875,3.242857142857143,6400000.0,22064400000.0,0
0,1,0,4300000,9900000,4,696,33600000.0,2.302325581395349,3.393939393939394,4300000.0,23385600000.0,1
5,0,1,2900000,11100000,4,683,18300000.0,3.8275862068965516,1.6486486486486487,483333.3333333333,12498900000.0,1
5,0,0,9600000,27100000,8,594,70200000.0,2.8229166666666665,2.5904059040590406,1600000.0,41698800000.0,1
3,0,1,900000,2500000,20,529,5100000.0,2.7777777777777777,2.04,225000.0,2697900000.0,0
5,0,0,8100000,26300000,4,429,41200000.0,3.246913580246914,1.5665399239543727,1350000.0,17674800000.0,1
0,0,1,8800000,25000000,4,400,48300000.0,2.840909090909091,1.932,8800000.0,19320000000.0,0
0,1,0,8800000,17500000,4,848,70300000.0,1.9886363636363635,4.017142857142857,8800000.0,59614400000.0,1
1,0,0,6400000,21500000,6,489,32700000.0,3.359375,1.5209302325581395,3200000.0,15990300000.0,0
2,1,0,2900000,6600000,10,326,21600000.0,2.2758620689655173,3.272727272727273,966666.6666666666,7041600000.0,0
5,1,0,1600000,6100000,8,663,12300000.0,3.8125,2.0163934426229506,266666.6666666667,8154900000.0,1
1,0,0,1600000,5100000,18,729,11600000.0,3.1875,2.2745098039215685,800000.0,8456400000.0,1
2,1,1,3100000,10700000,4,398,15500000.0,3.4516129032258065,1.4485981308411215,1033333.3333333334,6169000000.0,1
2,0,1,5600000,16700000,14,856,30500000.0,2.982142857142857,1.8263473053892216,1866666.6666666667,26108000000.0,1
3,1,1,8100000,19900000,20,347,72500000.0,2.45679012345679,3.64321608040201,2025000.0,25157500000.0,0
3,0,0,9100000,19300000,12,696,77300000.0,2.120879120879121,4.005181347150259,2275000.0,53800800000.0,1
0,1,1,5500000,17100000,8,353,22900000.0,3.109090909090909,1.3391812865497077,5500000.0,8083700000.0,0
1,1,1,9700000,34300000,20,756,75100000.0,3.536082474226804,2.1895043731778427,4850000.0,56775600000.0,1
4,1,0,2300000,5400000,16,490,17500000.0,2.347826086956522,3.240740740740741,460000.0,8575000000.0,0
1,0,1,5600000,18000000,10,531,43700000.0,3.2142857142857144,2.4277777777777776,2800000.0,23204700000.0,0
2,0,1,4500000,16600000,4,679,30100000.0,3.688888888888889,1.8132530120481927,1500000.0,20437900000.0,1
1,1,1,500000,1800000,8,877,2000000.0,3.6,1.1111111111111112,250000.0,1754000000.0,1
0,1,0,4200000,11000000,20,817,26900000.0,2.619047619047619,2.4454545454545453,4200000.0,21977300000.0,1
1,0,0,9100000,23300000,18,792,57900000.0,2.5604395604395602,2.484978540772532,4550000.0,45856800000.0,1
4,1,1,3200000,12800000,18,664,19400000.0,4.0,1.515625,640000.0,12881600000.0,1
4,1,1,6200000,21300000,16,882,32300000.0,3.435483870967742,1.516431924882629,1240000.0,28488600000.0,1
3,0,1,2500000,7700000,10,768,15500000.0,3.08,2.012987012987013,625000.0,11904000000.0,1
0,1,0,9100000,27100000,12,787,71500000.0,2.978021978021978,2.6383763837638377,9100000.0,56270500000.0,1
3,1,1,500000,900000,12,538,2500000.0,1.8,2.7777777777777777,125000.0,1345000000.0,0
4,0,0,6900000,18000000,8,347,52700000.0,2.608695652173913,2.9277777777777776,1380000.0,18286900000.0,0
0,1,1,1800000,5200000,16,317,11700000.0,2.888888888888889,2.25,1800000.0,3708900000.0,0
0,1,1,4000000,14500000,2,713,28000000.0,3.625,1.9310344827586208,4000000.0,19964000000.0,1
1,0,0,3900000,12300000,10,683,15800000.0,3.1538461538461537,1.2845528455284554,1950000.0,10791400000.0,1
2,0,1,8000000,28100000,18,765,60400000.0,3.5125,2.1494661921708187,2666666.6666666665,46206000000.0,1
5,1,0,900000,3200000,10,803,6400000.0,3.5555555555555554,2.0,150000.0,5139200000.0,1
0,1,1,8200000,29700000,6,405,34300000.0,3.6219512195121952,1.1548821548821548,8200000.0,13891500000.0,0
5,1,0,2300000,4900000,4,529,21300000.0,2.130434782608696,4.346938775510204,383333.3333333333,11267700000.0,0
5,1,1,6900000,19400000,6,801,42000000.0,2.8115942028985508,2.1649484536082473,1150000.0,33642000000.0,1
3,0,0,8800000,30700000,12,707,55900000.0,3.4886363636363638,1.8208469055374592,2200000.0,39521300000.0,1
1,1,0,2600000,7200000,8,349,19700000.0,2.769230769230769,2.736111111111111,1300000.0,6875300000.0,0
1,1,0,3700000,8700000,20,885,23200000.0,2.3513513513513513,2.6666666666666665,1850000.0,20532000000.0,1
2,1,1,6200000,23800000,4,489,35000000.0,3.838709677419355,1.4705882352941178,2066666.6666666667,17115000000.0,1
3,1,1,1000000,2600000,6,341,9300000.0,2.6,3.576923076923077,250000.0,3171300000.0,0
1,0,0,6000000,20000000,12,637,43700000.0,3.3333333333333335,2.185,3000000.0,27836900000.0,1
1,0,1,9100000,31400000,4,304,70600000.0,3.4505494505494507,2.248407643312102,4550000.0,21462400000.0,1
1,1,0,1700000,6700000,16,537,11800000.0,3.9411764705882355,1.7611940298507462,850000.0,6336600000.0,0
5,0,1,1700000,4600000,12,503,9100000.0,2.7058823529411766,1.9782608695652173,283333.3333333333,4577300000.0,0
1,1,0,7100000,14300000,12,720,40800000.0,2.0140845070422535,2.8531468531468533,3550000.0,29376000000.0,1
5,1,0,9400000,36800000,10,509,56800000.0,3.9148936170212765,1.5434782608695652,1566666.6666666667,28911200000.0,0
5,0,0,6200000,16400000,6,360,36800000.0,2.6451612903225805,2.2439024390243905,1033333.3333333334,13248000000.0,0
1,1,0,8300000,31800000,16,818,71500000.0,3.8313253012048194,2.248427672955975,4150000.0,58487000000.0,1
1,1,1,8900000,21200000,8,716,46300000.0,2.3820224719101124,2.1839622641509435,4450000.0,33150800000.0,1
1,1,1,6500000,14800000,12,360,27900000.0,2.276923076923077,1.885135135135135,3250000.0,10044000000.0,0
3,1,1,8100000,26700000,10,895,41900000.0,3.2962962962962963,1.5692883895131087,2025000.0,37500500000.0,1
2,0,0,4900000,13500000,8,328,40300000.0,2.7551020408163267,2.9851851851851854,1633333.3333333333,13218400000.0,0
4,1,0,9100000,26600000,2,812,78700000.0,2.923076923076923,2.9586466165413534,1820000.0,63904400000.0,1
3,1,1,9000000,33100000,16,456,63900000.0,3.6777777777777776,1.9305135951661632,2250000.0,29138400000.0,0
4,1,1,1300000,3900000,16,566,5900000.0,3.0,1.5128205128205128,260000.0,3339400000.0,1
1,0,0,6700000,25000000,20,598,38800000.0,3.7313432835820897,1.552,3350000.0,23202400000.0,1
5,0,0,3200000,9300000,6,656,27100000.0,2.90625,2.913978494623656,533333.3333333334,17777600000.0,1
0,0,0,7500000,28700000,2,895,34800000.0,3.8266666666666667,1.2125435540069687,7500000.0,31146000000.0,1
3,1,0,4900000,12800000,14,653,28500000.0,2.6122448979591835,2.2265625,1225000.0,18610500000.0,1
1,0,1,700000,1800000,16,641,5000000.0,2.5714285714285716,2.7777777777777777,350000.0,3205000000.0,1
2,1,0,6400000,16500000,8,544,39000000.0,2.578125,2.3636363636363638,2133333.3333333335,21216000000.0,0
0,0,1,3900000,14100000,20,811,25100000.0,3.6153846153846154,1.7801418439716312,3900000.0,20356100000.0,1
4,1,0,9700000,26900000,10,460,56000000.0,2.7731958762886597,2.0817843866171004,1940000.0,25760000000.0,0
5,1,1,3600000,12500000,12,795,29200000.0,3.4722222222222223,2.336,600000.0,23214000000.0,1
2,1,1,3400000,10300000,4,745,22800000.0,3.0294117647058822,2.2135922330097086,1133333.3333333333,16986000000.0,1
0,0,0,9800000,20100000,16,606,53000000.0,2.0510204081632653,2.63681592039801,9800000.0,32118000000.0,1
1,0,0,5100000,14200000,6,451,30700000.0,2.784313725490196,2.1619718309859155,2550000.0,13845700000.0,0
4,1,1,5900000,11800000,8,479,31800000.0,2.0,2.694915254237288,1180000.0,15232200000.0,0
5,1,0,1200000,2400000,14,495,9000000.0,2.0,3.75,200000.0,4455000000.0,0
2,0,0,9700000,30200000,14,769,71200000.0,3.11340206185567,2.357615894039735,3233333.3333333335,54752800000.0,1
5,0,1,4700000,11800000,4,639,19200000.0,2.5106382978723403,1.6271186440677967,783333.3333333334,12268800000.0,1
5,1,0,4200000,12500000,18,723,20500000.0,2.9761904761904763,1.64,700000.0,14821500000.0,1
4,1,0,9300000,26100000,16,623,54000000.0,2.806451612903226,2.0689655172413794,1860000.0,33642000000.0,1
3,0,1,5300000,20800000,6,487,35800000.0,3.9245283018867925,1.7211538461538463,1325000.0,17434600000.0,0
0,1,0,7600000,30100000,2,743,66600000.0,3.960526315789474,2.212624584717608,7600000.0,49483800000.0,1
2,1,0,6200000,16900000,12,754,29700000.0,2.725806451612903,1.757396449704142,2066666.6666666667,22393800000.0,1
0,1,0,8900000,21600000,10,552,44800000.0,2.4269662921348316,2.074074074074074,8900000.0,24729600000.0,1
4,0,1,7900000,27300000,10,560,76900000.0,3.4556962025316458,2.816849816849817,1580000.0,43064000000.0,1
1,1,1,3500000,10800000,14,632,23500000.0,3.085714285714286,2.175925925925926,1750000.0,14852000000.0,1
2,1,0,5300000,16700000,18,339,24000000.0,3.150943396226415,1.437125748502994,1766666.6666666667,8136000000.0,0
2,0,0,1400000,3100000,4,881,10200000.0,2.2142857142857144,3.2903225806451615,466666.6666666667,8986200000.0,1
1,0,1,9100000,23600000,20,535,51300000.0,2.5934065934065935,2.1737288135593222,4550000.0,27445500000.0,0
4,0,0,4400000,17200000,4,563,23400000.0,3.909090909090909,1.3604651162790697,880000.0,13174200000.0,1
5,0,0,2800000,8200000,14,615,20100000.0,2.9285714285714284,2.451219512195122,466666.6666666667,12361500000.0,1
3,0,0,1300000,3300000,8,795,8400000.0,2.5384615384615383,2.5454545454545454,325000.0,6678000000.0,1
4,1,0,8400000,28700000,14,878,64200000.0,3.4166666666666665,2.2369337979094075,1680000.0,56367600000.0,1
5,1,1,5300000,14000000,6,633,35200000.0,2.641509433962264,2.5142857142857142,883333.3333333334,22281600000.0,1
2,1,0,6000000,13900000,4,533,31300000.0,2.316666666666667,2.2517985611510793,2000000.0,16682900000.0,0
2,0,1,2100000,6800000,12,795,17600000.0,3.238095238095238,2.588235294117647,700000.0,13992000000.0,1
0,0,0,4300000,11000000,4,374,28400000.0,2.558139534883721,2.581818181818182,4300000.0,10621600000.0,0
4,0,1,7300000,22900000,12,848,41800000.0,3.136986301369863,1.8253275109170306,1460000.0,35446400000.0,1
2,1,0,5200000,16200000,12,890,39800000.0,3.1153846153846154,2.45679012345679,1733333.3333333333,35422000000.0,1
3,1,0,4700000,9800000,14,444,28000000.0,2.0851063829787235,2.857142857142857,1175000.0,12432000000.0,0
4,1,0,7800000,28500000,4,803,57700000.0,3.6538461538461537,2.024561403508772,1560000.0,46333100000.0,1
3,1,1,500000,1900000,18,618,7700000.0,3.8,4.052631578947368,125000.0,4758600000.0,1
1,0,1,6000000,20300000,14,845,45200000.0,3.3833333333333333,2.226600985221675,3000000.0,38194000000.0,1
4,1,0,4800000,10800000,12,833,30500000.0,2.25,2.824074074074074,960000.0,25406500000.0,1
3,1,1,8900000,19300000,12,767,46600000.0,2.168539325842697,2.4145077720207255,2225000.0,35742200000.0,1
1,1,1,1800000,4000000,16,747,6400000.0,2.2222222222222223,1.6,900000.0,4780800000.0,1
2,1,0,3000000,7000000,4,588,24000000.0,2.3333333333333335,3.4285714285714284,1000000.0,14112000000.0,1
4,0,0,7700000,24500000,20,582,52000000.0,3.1818181818181817,2.122448979591837,1540000.0,30264000000.0,1
1,0,0,8300000,20400000,14,348,51900000.0,2.4578313253012047,2.5441176470588234,4150000.0,18061200000.0,0
4,0,0,4200000,9400000,4,726,39700000.0,2.238095238095238,4.223404255319149,840000.0,28822200000.0,1
4,1,1,8000000,31200000,6,482,59200000.0,3.9,1.8974358974358974,1600000.0,28534400000.0,0
2,1,1,9400000,30000000,16,565,42300000.0,3.1914893617021276,1.41,3133333.3333333335,23899500000.0,1
1,1,0,800000,2400000,16,872,6400000.0,3.0,2.6666666666666665,400000.0,5580800000.0,1
0,1,1,500000,1300000,4,825,2600000.0,2.6,2.0,500000.0,2145000000.0,1
2,1,1,6100000,22300000,8,694,57200000.0,3.6557377049180326,2.5650224215246635,2033333.3333333333,39696800000.0,1
3,1,1,8500000,30800000,20,448,55200000.0,3.623529411764706,1.7922077922077921,2125000.0,24729600000.0,0
5,1,1,7600000,18000000,12,452,40700000.0,2.3684210526315788,2.261111111111111,1266666.6666666667,18396400000.0,0
3,0,0,8700000,17900000,12,897,64000000.0,2.057471264367816,3.5754189944134076,2175000.0,57408000000.0,1
4,0,0,9400000,20200000,10,803,65000000.0,2.148936170212766,3.217821782178218,1880000.0,52195000000.0,1
1,0,1,400000,900000,8,828,2900000.0,2.25,3.2222222222222223,200000.0,2401200000.0,1
0,1,0,2700000,7500000,6,832,21400000.0,2.7777777777777777,2.8533333333333335,2700000.0,17804800000.0,1
1,0,1,2300000,5500000,6,861,9200000.0,2.391304347826087,1.6727272727272726,1150000.0,7921200000.0,1
0,1,0,7500000,15900000,2,535,51300000.0,2.12,3.2264150943396226,7500000.0,27445500000.0,0
4,0,1,7100000,19400000,16,363,47100000.0,2.732394366197183,2.4278350515463916,1420000.0,17097300000.0,0
1,0,1,8800000,28600000,8,631,56900000.0,3.25,1.9895104895104896,4400000.0,35903900000.0,1
2,0,0,8400000,20700000,6,513,43600000.0,2.4642857142857144,2.106280193236715,2800000.0,22366800000.0,0
0,1,1,4700000,16200000,16,317,25000000.0,3.4468085106382977,1.5432098765432098,4700000.0,7925000000.0,0
1,1,0,6900000,19500000,2,809,48900000.0,2.8260869565217392,2.5076923076923077,3450000.0,39560100000.0,1
3,0,0,2400000,8200000,10,531,16400000.0,3.4166666666666665,2.0,600000.0,8708400000.0,0
1,0,1,1600000,4800000,14,544,9800000.0,3.0,2.0416666666666665,800000.0,5331200000.0,0
0,1,0,3500000,7800000,14,366,28000000.0,2.2285714285714286,3.58974358974359,3500000.0,10248000000.0,0
0,0,0,3700000,12700000,14,797,18400000.0,3.4324324324324325,1.4488188976377954,3700000.0,14664800000.0,1
1,0,0,3200000,12000000,16,597,18600000.0,3.75,1.55,1600000.0,11104200000.0,1
2,0,1,7000000,22500000,12,632,42400000.0,3.2142857142857144,1.8844444444444444,2333333.3333333335,26796800000.0,1
5,0,0,9300000,28300000,12,741,58100000.0,3.043010752688172,2.0530035335689045,1550000.0,43052100000.0,1
0,0,0,200000,800000,20,331,900000.0,4.0,1.125,200000.0,297900000.0,0
4,1,0,6900000,16500000,8,426,36400000.0,2.391304347826087,2.206060606060606,1380000.0,15506400000.0,0
3,0,0,9000000,26500000,8,533,63300000.0,2.9444444444444446,2.388679245283019,2250000.0,33738900000.0,0
1,0,0,6900000,22700000,16,394,44200000.0,3.289855072463768,1.947136563876652,3450000.0,17414800000.0,0
0,1,0,7500000,25100000,14,877,60000000.0,3.3466666666666667,2.3904382470119523,7500000.0,52620000000.0,1
5,0,0,9200000,28000000,8,527,57200000.0,3.0434782608695654,2.0428571428571427,1533333.3333333333,30144400000.0,0
1,1,0,4600000,12700000,8,468,28800000.0,2.760869565217391,2.267716535433071,2300000.0,13478400000.0,0
4,1,1,5000000,19600000,18,611,36800000.0,3.92,1.8775510204081634,1000000.0,22484800000.0,1
2,1,0,4500000,17200000,6,832,28800000.0,3.8222222222222224,1.6744186046511629,1500000.0,23961600000.0,1
0,1,0,7900000,22700000,18,508,54100000.0,2.8734177215189876,2.383259911894273,7900000.0,27482800000.0,0
5,0,0,5100000,13500000,20,840,25900000.0,2.6470588235294117,1.9185185185185185,850000.0,21756000000.0,1
4,1,0,3700000,7600000,14,794,33400000.0,2.054054054054054,4.394736842105263,740000.0,26519600000.0,1
1,0,0,5300000,17800000,12,889,37500000.0,3.358490566037736,2.106741573033708,2650000.0,33337500000.0,1
4,0,0,200000,500000,16,765,1400000.0,2.5,2.8,40000.0,1071000000.0,1
3,1,1,9000000,18600000,16,518,75200000.0,2.066666666666667,4.043010752688172,2250000.0,38953600000.0,0
3,0,0,6900000,17100000,4,694,43300000.0,2.4782608695652173,2.5321637426900585,1725000.0,30050200000.0,1
2,0,0,700000,2300000,8,663,5000000.0,3.2857142857142856,2.1739130434782608,233333.33333333334,3315000000.0,1
0,1,0,2500000,8900000,2,662,18800000.0,3.56,2.1123595505617976,2500000.0,12445600000.0,1
0,0,0,4600000,14400000,14,642,34700000.0,3.130434782608696,2.4097222222222223,4600000.0,22277400000.0,1
4,1,0,1000000,3900000,10,701,8100000.0,3.9,2.076923076923077,200000.0,5678100000.0,1
4,0,1,9200000,30100000,6,632,70700000.0,3.2717391304347827,2.3488372093023258,1840000.0,44682400000.0,1
3,1,1,2200000,4400000,2,861,10700000.0,2.0,2.4318181818181817,550000.0,9212700000.0,1
4,1,1,9700000,33300000,12,784,74800000.0,3.4329896907216493,2.2462462462462462,1940000.0,58643200000.0,1
0,1,1,5500000,18200000,4,332,34100000.0,3.309090909090909,1.8736263736263736,5500000.0,11321200000.0,1
4,0,1,1300000,3400000,2,763,10500000.0,2.6153846153846154,3.088235294117647,260000.0,8011500000.0,1
1,0,1,7900000,19100000,2,593,66900000.0,2.4177215189873418,3.5026178010471205,3950000.0,39671700000.0,1
2,0,0,4300000,8800000,6,512,33300000.0,2.046511627906977,3.784090909090909,1433333.3333333333,17049600000.0,0
0,0,0,3800000,13300000,6,655,20800000.0,3.5,1.5639097744360901,3800000.0,13624000000.0,1
3,0,0,8700000,24700000,8,369,40700000.0,2.839080459770115,1.6477732793522266,2175000.0,15018300000.0,0
3,1,0,1300000,3100000,14,348,6600000.0,2.3846153846153846,2.129032258064516,325000.0,2296800000.0,0
1,0,1,6800000,16800000,10,736,34000000.0,2.4705882352941178,2.0238095238095237,3400000.0,25024000000.0,1
1,0,0,9100000,24000000,20,353,71300000.0,2.6373626373626373,2.970833333333333,4550000.0,25168900000.0,0
0,1,0,3000000,11300000,16,478,19400000.0,3.7666666666666666,1.7168141592920354,3000000.0,9273200000.0,0
0,0,1,1200000,3000000,4,827,7600000.0,2.5,2.533333333333333,1200000.0,6285200000.0,1
1,0,1,5000000,16900000,12,517,24600000.0,3.38,1.455621301775148,2500000.0,12718200000.0,0
5,1,1,9700000,24700000,18,648,47700000.0,2.5463917525773194,1.9311740890688258,1616666.6666666667,30909600000.0,1
2,0,1,7000000,23800000,10,689,37300000.0,3.4,1.5672268907563025,2333333.3333333335,25699700000.0,1
1,1,0,4100000,9100000,20,550,30700000.0,2.2195121951219514,3.3736263736263736,2050000.0,16885000000.0,1
0,1,1,5300000,12900000,20,826,39500000.0,2.4339622641509435,3.062015503875969,5300000.0,32627000000.0,1
1,0,0,7300000,19200000,14,599,43400000.0,2.6301369863013697,2.2604166666666665,3650000.0,25996600000.0,1
1,1,0,6500000,18500000,16,815,33700000.0,2.8461538461538463,1.8216216216216217,3250000.0,27465500000.0,1
4,1,1,600000,1400000,4,761,3700000.0,2.3333333333333335,2.642857142857143,120000.0,2815700000.0,1
3,0,1,5200000,15000000,20,432,32600000.0,2.8846153846153846,2.1733333333333333,1300000.0,14083200000.0,0
4,0,1,2800000,9200000,18,442,20300000.0,3.2857142857142856,2.2065217391304346,560000.0,8972600000.0,0
1,1,1,7800000,23300000,6,620,35400000.0,2.9871794871794872,1.51931330472103,3900000.0,21948000000.0,1
2,1,0,3000000,6500000,4,476,19100000.0,2.1666666666666665,2.9384615384615387,1000000.0,9091600000.0,0
4,1,0,9300000,34900000,6,837,58100000.0,3.752688172043011,1.664756446991404,1860000.0,48629700000.0,1
3,0,1,5100000,18000000,6,510,44800000.0,3.5294117647058822,2.488888888888889,1275000.0,22848000000.0,0
4,0,1,4300000,16100000,18,849,33900000.0,3.744186046511628,2.1055900621118013,860000.0,28781100000.0,1
3,1,0,1100000,2100000,8,737,8300000.0,1.9090909090909092,3.9523809523809526,275000.0,6117100000.0,1
2,1,0,6500000,16200000,10,809,40500000.0,2.4923076923076923,2.5,2166666.6666666665,32764500000.0,1
3,0,0,6400000,23000000,8,520,43300000.0,3.59375,1.882608695652174,1600000.0,22516000000.0,0
2,0,0,7400000,22500000,16,834,40700000.0,3.0405405405405403,1.808888888888889,2466666.6666666665,33943800000.0,1
4,1,0,8700000,32100000,8,397,65400000.0,3.689655172413793,2.0373831775700935,1740000.0,25963800000.0,0
0,0,0,9200000,24700000,14,438,52100000.0,2.6847826086956523,2.1093117408906883,9200000.0,22819800000.0,0
1,1,1,6200000,19700000,18,820,34900000.0,3.1774193548387095,1.7715736040609138,3100000.0,28618000000.0,1
1,0,0,1200000,4600000,20,323,7700000.0,3.8333333333333335,1.673913043478261,600000.0,2487100000.0,0
1,0,1,7000000,20300000,14,837,35100000.0,2.9,1.729064039408867,3500000.0,29378700000.0,1
5,1,1,3800000,10100000,2,571,29900000.0,2.6578947368421053,2.9603960396039604,633333.3333333334,17072900000.0,1
0,1,0,4900000,16300000,14,479,29300000.0,3.326530612244898,1.7975460122699387,4900000.0,14034700000.0,0
2,1,1,7800000,22100000,6,533,44500000.0,2.8333333333333335,2.013574660633484,2600000.0,23718500000.0,0
1,0,1,7400000,17200000,8,899,46800000.0,2.324324324324324,2.7209302325581395,3700000.0,42073200000.0,1
1,0,0,7000000,26600000,16,460,56100000.0,3.8,2.1090225563909772,3500000.0,25806000000.0,0
1,0,0,4900000,12500000,2,636,39500000.0,2.5510204081632653,3.16,2450000.0,25122000000.0,1
3,0,0,5800000,20600000,20,434,40700000.0,3.5517241379310347,1.9757281553398058,1450000.0,17663800000.0,0
5,0,0,2000000,6900000,18,516,16100000.0,3.45,2.3333333333333335,333333.3333333333,8307600000.0,0
4,1,0,8300000,24600000,2,382,25900000.0,2.963855421686747,1.0528455284552845,1660000.0,9893800000.0,0
0,1,1,1000000,2800000,12,616,6000000.0,2.8,2.142857142857143,1000000.0,3696000000.0,1
3,1,0,5500000,11600000,6,745,35600000.0,2.109090909090909,3.0689655172413794,1375000.0,26522000000.0,1
5,1,0,1400000,3400000,6,697,8700000.0,2.4285714285714284,2.5588235294117645,233333.33333333334,6063900000.0,1
4,1,0,3700000,12300000,6,364,28200000.0,3.324324324324324,2.292682926829268,740000.0,10264800000.0,0
2,0,1,2100000,6900000,2,566,11300000.0,3.2857142857142856,1.6376811594202898,700000.0,6395800000.0,1
4,0,0,6200000,21900000,12,462,36300000.0,3.532258064516129,1.6575342465753424,1240000.0,16770600000.0,0
0,0,0,9300000,31900000,2,331,50000000.0,3.4301075268817205,1.567398119122257,9300000.0,16550000000.0,1
3,0,1,5100000,10300000,12,839,37000000.0,2.019607843137255,3.592233009708738,1275000.0,31043000000.0,1
0,1,1,7000000,14000000,4,702,41100000.0,2.0,2.9357142857142855,7000000.0,28852200000.0,1
3,1,1,5300000,17900000,2,580,31800000.0,3.3773584905660377,1.776536312849162,1325000.0,18444000000.0,1
3,1,0,900000,2800000,10,560,6200000.0,3.111111111111111,2.2142857142857144,225000.0,3472000000.0,1
4,0,1,9400000,25700000,14,845,70100000.0,2.734042553191489,2.727626459143969,1880000.0,59234500000.0,1
4,0,1,2600000,8500000,4,392,17300000.0,3.269230769230769,2.0352941176470587,520000.0,6781600000.0,1
2,1,0,1500000,4900000,16,387,13100000.0,3.2666666666666666,2.673469387755102,500000.0,5069700000.0,0
1,1,1,1800000,6300000,12,749,10900000.0,3.5,1.7301587301587302,900000.0,8164100000.0,1
3,1,1,7800000,20000000,14,727,37700000.0,2.5641025641025643,1.885,1950000.0,27407900000.0,1
3,1,1,2100000,7400000,14,656,14000000.0,3.5238095238095237,1.8918918918918919,525000.0,9184000000.0,1
0,0,1,8300000,17500000,20,643,57600000.0,2.108433734939759,3.2914285714285714,8300000.0,37036800000.0,1
2,0,1,4400000,16800000,4,307,35500000.0,3.8181818181818183,2.113095238095238,1466666.6666666667,10898500000.0,1
2,0,0,2300000,5000000,16,588,14000000.0,2.1739130434782608,2.8,766666.6666666666,8232000000.0,1
3,1,1,7700000,22300000,20,895,68500000.0,2.896103896103896,3.071748878923767,1925000.0,61307500000.0,1
0,0,1,9300000,29400000,10,351,72900000.0,3.161290322580645,2.479591836734694,9300000.0,25587900000.0,0
5,0,0,5900000,16400000,12,891,44900000.0,2.7796610169491527,2.7378048780487805,983333.3333333334,40005900000.0,1
5,0,1,1900000,4900000,4,442,12000000.0,2.5789473684210527,2.4489795918367347,316666.6666666667,5304000000.0,0
0,0,0,6900000,19500000,20,686,33600000.0,2.8260869565217392,1.7230769230769232,6900000.0,23049600000.0,1
4,1,1,2100000,8200000,20,432,13500000.0,3.9047619047619047,1.646341463414634,420000.0,5832000000.0,0
0,0,0,8200000,20900000,14,766,47200000.0,2.548780487804878,2.2583732057416266,8200000.0,36155200000.0,1
4,0,0,7700000,17200000,6,561,33200000.0,2.2337662337662336,1.930232558139535,1540000.0,18625200000.0,1
5,0,0,7700000,19000000,2,539,51900000.0,2.4675324675324677,2.731578947368421,1283333.3333333333,27974100000.0,0
1,1,0,700000,1400000,6,759,4800000.0,2.0,3.4285714285714284,350000.0,3643200000.0,1
5,1,0,7100000,18200000,8,750,55000000.0,2.563380281690141,3.021978021978022,1183333.3333333333,41250000000.0,1
2,1,0,3900000,13600000,10,373,24600000.0,3.4871794871794872,1.8088235294117647,1300000.0,9175800000.0,0
1,0,1,5200000,20500000,10,407,26500000.0,3.9423076923076925,1.2926829268292683,2600000.0,10785500000.0,0
4,0,0,5500000,20200000,14,611,41700000.0,3.672727272727273,2.0643564356435644,1100000.0,25478700000.0,1
3,1,0,2600000,6300000,10,783,18000000.0,2.423076923076923,2.857142857142857,650000.0,14094000000.0,1
0,0,1,7300000,24000000,18,651,40800000.0,3.287671232876712,1.7,7300000.0,26560800000.0,1
3,1,0,8700000,31100000,16,760,26300000.0,3.574712643678161,0.8456591639871383,2175000.0,19988000000.0,0
3,1,0,9000000,22700000,16,793,64500000.0,2.522222222222222,2.841409691629956,2250000.0,51148500000.0,1
4,1,0,400000,800000,16,685,2700000.0,2.0,3.375,80000.0,1849500000.0,1
2,0,1,3300000,10700000,8,806,22700000.0,3.242424242424242,2.121495327102804,1100000.0,18296200000.0,1
1,0,0,6300000,17800000,12,770,29200000.0,2.8253968253968256,1.6404494382022472,3150000.0,22484000000.0,1
0,0,0,7000000,23600000,14,663,51400000.0,3.3714285714285714,2.1779661016949152,7000000.0,34078200000.0,1
2,1,1,2100000,8100000,4,592,15100000.0,3.857142857142857,1.8641975308641976,700000.0,8939200000.0,1
3,0,0,7600000,26300000,18,580,64300000.0,3.460526315789474,2.444866920152091,1900000.0,37294000000.0,1
1,1,0,8200000,17500000,4,609,41900000.0,2.1341463414634148,2.394285714285714,4100000.0,25517100000.0,1
3,0,1,9200000,23200000,8,380,53600000.0,2.5217391304347827,2.310344827586207,2300000.0,20368000000.0,0
3,1,0,3800000,12100000,20,364,23800000.0,3.1842105263157894,1.9669421487603307,950000.0,8663200000.0,0
1,1,0,3200000,8900000,12,866,18100000.0,2.78125,2.033707865168539,1600000.0,15674600000.0,1
4,0,0,9700000,31700000,10,342,49500000.0,3.268041237113402,1.5615141955835963,1940000.0,16929000000.0,0
5,1,0,4700000,14400000,16,884,27400000.0,3.0638297872340425,1.9027777777777777,783333.3333333334,24221600000.0,1
4,1,1,3800000,12500000,18,859,19400000.0,3.289473684210526,1.552,760000.0,16664600000.0,1
4,1,0,400000,1000000,20,692,2700000.0,2.5,2.7,80000.0,1868400000.0,1
4,0,1,3200000,6800000,16,675,20700000.0,2.125,3.0441176470588234,640000.0,13972500000.0,1
5,1,1,3900000,12700000,8,886,29600000.0,3.2564102564102564,2.3307086614173227,650000.0,26225600000.0,1
1,1,1,3500000,13100000,10,477,20000000.0,3.742857142857143,1.5267175572519085,1750000.0,9540000000.0,0
2,1,0,2200000,8300000,6,596,18000000.0,3.772727272727273,2.1686746987951806,733333.3333333334,10728000000.0,1
4,0,0,6400000,19700000,20,400,34700000.0,3.078125,1.7614213197969544,1280000.0,13880000000.0,0
3,1,0,9100000,19900000,2,711,57400000.0,2.1868131868131866,2.8844221105527637,2275000.0,40811400000.0,1
0,0,1,3300000,8900000,2,418,23200000.0,2.696969696969697,2.606741573033708,3300000.0,9697600000.0,0
3,1,0,7800000,21800000,8,517,41400000.0,2.7948717948717947,1.8990825688073394,1950000.0,21403800000.0,0
0,0,1,6200000,16200000,6,508,36400000.0,2.6129032258064515,2.246913580246914,6200000.0,18491200000.0,0
3,0,1,7000000,26100000,18,689,49300000.0,3.7285714285714286,1.8888888888888888,1750000.0,33967700000.0,1
0,1,0,9200000,28200000,12,455,66200000.0,3.0652173913043477,2.347517730496454,9200000.0,30121000000.0,0
5,0,1,7500000,20800000,6,617,41800000.0,2.7733333333333334,2.0096153846153846,1250000.0,25790600000.0,1
2,1,0,5300000,13200000,10,500,37800000.0,2.490566037735849,2.8636363636363638,1766666.6666666667,18900000000.0,0
5,0,1,6800000,22800000,14,382,45800000.0,3.3529411764705883,2.008771929824561,1133333.3333333333,17495600000.0,0
1,0,0,7900000,20800000,18,538,60200000.0,2.632911392405063,2.894230769230769,3950000.0,32387600000.0,0
0,0,1,6200000,14900000,8,855,35300000.0,2.403225806451613,2.3691275167785233,6200000.0,30181500000.0,1
1,1,0,1000000,3000000,18,614,7900000.0,3.0,2.6333333333333333,500000.0,4850600000.0,1
2,1,1,7800000,25400000,10,513,56000000.0,3.2564102564102564,2.204724409448819,2600000.0,28728000000.0,0
5,1,1,3000000,8800000,14,402,23700000.0,2.933333333333333,2.6931818181818183,500000.0,9527400000.0,0
5,1,1,5700000,15000000,20,819,42800000.0,2.6315789473684212,2.8533333333333335,950000.0,35053200000.0,1
4,0,0,6600000,25400000,12,622,40100000.0,3.8484848484848486,1.578740157480315,1320000.0,24942200000.0,1
4,1,1,7100000,18200000,4,790,39800000.0,2.563380281690141,2.1868131868131866,1420000.0,31442000000.0,1
3,1,1,1300000,4800000,14,808,11700000.0,3.6923076923076925,2.4375,325000.0,9453600000.0,1
2,0,0,5200000,16800000,18,369,37800000.0,3.230769230769231,2.25,1733333.3333333333,13948200000.0,0
3,1,0,5600000,20300000,4,330,40700000.0,3.625,2.0049261083743843,1400000.0,13431000000.0,1
2,1,0,7100000,16500000,14,857,41100000.0,2.323943661971831,2.4909090909090907,2366666.6666666665,35222700000.0,1
2,1,0,5100000,19100000,8,457,42300000.0,3.7450980392156863,2.2146596858638743,1700000.0,19331100000.0,0
3,0,1,7600000,29300000,8,843,58500000.0,3.8552631578947367,1.9965870307167235,1900000.0,49315500000.0,1
0,1,1,2500000,5400000,6,463,15400000.0,2.16,2.8518518518518516,2500000.0,7130200000.0,0
3,1,0,6900000,22800000,16,582,47800000.0,3.3043478260869565,2.0964912280701755,1725000.0,27819600000.0,1
0,1,0,3100000,6500000,2,391,16200000.0,2.096774193548387,2.4923076923076923,3100000.0,6334200000.0,0
2,1,1,9700000,35100000,20,612,71600000.0,3.618556701030928,2.03988603988604,3233333.3333333335,43819200000.0,1
0,0,1,5800000,12600000,2,859,43900000.0,2.1724137931034484,3.484126984126984,5800000.0,37710100000.0,1
4,0,0,7600000,18600000,18,779,39900000.0,2.4473684210526314,2.1451612903225805,1520000.0,31082100000.0,1
5,0,0,700000,2800000,2,561,4000000.0,4.0,1.4285714285714286,116666.66666666667,2244000000.0,1
3,1,0,2300000,5600000,18,420,10700000.0,2.4347826086956523,1.9107142857142858,575000.0,4494000000.0,0
3,0,0,1600000,3300000,8,609,11600000.0,2.0625,3.515151515151515,400000.0,7064400000.0,1
4,0,0,8100000,19300000,14,821,59100000.0,2.382716049382716,3.062176165803109,1620000.0,48521100000.0,1
1,1,0,7700000,17100000,14,603,60600000.0,2.220779220779221,3.543859649122807,3850000.0,36541800000.0,1
4,1,0,1500000,3400000,10,778,10300000.0,2.2666666666666666,3.0294117647058822,300000.0,8013400000.0,1
3,0,0,7400000,23500000,2,460,67900000.0,3.175675675675676,2.8893617021276596,1850000.0,31234000000.0,1
4,0,1,8900000,27100000,18,363,55500000.0,3.044943820224719,2.047970479704797,1780000.0,20146500000.0,0
0,1,0,2400000,5300000,16,482,20700000.0,2.2083333333333335,3.9056603773584904,2400000.0,9977400000.0,0
5,1,0,5600000,20300000,4,772,37800000.0,3.625,1.8620689655172413,933333.3333333334,29181600000.0,1
4,1,0,5900000,14400000,6,745,39900000.0,2.440677966101695,2.7708333333333335,1180000.0,29725500000.0,1
1,1,0,1600000,3300000,2,513,8500000.0,2.0625,2.5757575757575757,800000.0,4360500000.0,0
5,0,0,1100000,4000000,2,362,7700000.0,3.6363636363636362,1.925,183333.33333333334,2787400000.0,1
2,1,1,6600000,25600000,6,740,40900000.0,3.878787878787879,1.59765625,2200000.0,30266000000.0,1
3,1,0,8900000,24400000,10,774,56000000.0,2.741573033707865,2.2950819672131146,2225000.0,43344000000.0,1
1,1,1,6400000,16400000,20,555,36000000.0,2.5625,2.1951219512195124,3200000.0,19980000000.0,1
4,0,1,8200000,17300000,12,588,36400000.0,2.1097560975609757,2.1040462427745665,1640000.0,21403200000.0,1
1,1,0,500000,1300000,14,619,4100000.0,2.6,3.1538461538461537,250000.0,2537900000.0,1
0,1,0,9700000,31600000,18,607,72100000.0,3.2577319587628866,2.2816455696202533,9700000.0,43764700000.0,1
3,0,1,7100000,16700000,4,435,41800000.0,2.352112676056338,2.502994011976048,1775000.0,18183000000.0,0
4,0,1,1400000,3400000,14,835,9400000.0,2.4285714285714284,2.764705882352941,280000.0,7849000000.0,1
1,0,0,7200000,28100000,14,767,51900000.0,3.9027777777777777,1.8469750889679715,3600000.0,39807300000.0,1
1,1,1,8400000,26200000,14,643,55700000.0,3.119047619047619,2.1259541984732824,4200000.0,35815100000.0,1
4,0,0,4300000,13900000,2,894,22100000.0,3.2325581395348837,1.589928057553957,860000.0,19757400000.0,1
0,0,1,8800000,29800000,8,343,70400000.0,3.3863636363636362,2.3624161073825505,8800000.0,24147200000.0,0
4,0,0,4000000,15100000,8,800,32200000.0,3.775,2.1324503311258276,800000.0,25760000000.0,1
3,0,1,6900000,17900000,18,494,43000000.0,2.5942028985507246,2.4022346368715084,1725000.0,21242000000.0,0
4,1,0,9600000,33000000,14,336,49300000.0,3.4375,1.493939393939394,1920000.0,16564800000.0,0
2,0,0,6900000,16500000,16,785,58900000.0,2.391304347826087,3.56969696969697,2300000.0,46236500000.0,1
1,0,1,3600000,13400000,16,732,22500000.0,3.7222222222222223,1.6791044776119404,1800000.0,16470000000.0,1
2,0,0,1900000,4600000,12,587,10200000.0,2.4210526315789473,2.217391304347826,633333.3333333334,5987400000.0,1
3,0,1,9700000,30800000,18,471,64200000.0,3.1752577319587627,2.0844155844155843,2425000.0,30238200000.0,0
2,0,0,1200000,4100000,8,497,8400000.0,3.4166666666666665,2.048780487804878,400000.0,4174800000.0,0
1,0,0,400000,1600000,16,784,2300000.0,4.0,1.4375,200000.0,1803200000.0,1
2,1,0,6600000,21500000,18,471,45400000.0,3.257575757575758,2.1116279069767443,2200000.0,21383400000.0,0
2,1,0,1500000,3300000,4,763,7600000.0,2.2,2.303030303030303,500000.0,5798800000.0,1
4,0,0,3500000,9500000,2,655,29000000.0,2.7142857142857144,3.0526315789473686,700000.0,18995000000.0,1
3,0,1,4000000,8600000,4,667,36600000.0,2.15,4.255813953488372,1000000.0,24412200000.0,1
3,0,0,4100000,14100000,8,367,15900000.0,3.4390243902439024,1.127659574468085,1025000.0,5835300000.0,0
4,1,0,5800000,18500000,16,436,30500000.0,3.189655172413793,1.6486486486486487,1160000.0,13298000000.0,0
4,1,1,8600000,23300000,12,785,50600000.0,2.7093023255813953,2.171673819742489,1720000.0,39721000000.0,1
2,1,0,4500000,11400000,10,388,31800000.0,2.533333333333333,2.789473684210526,1500000.0,12338400000.0,0
2,1,1,9900000,37300000,8,385,43100000.0,3.7676767676767677,1.155495978552279,3300000.0,16593500000.0,0
1,0,1,3200000,8100000,10,670,24000000.0,2.53125,2.962962962962963,1600000.0,16080000000.0,1
5,1,1,8900000,19100000,20,329,64200000.0,2.146067415730337,3.3612565445026177,1483333.3333333333,21121800000.0,0
5,0,1,2100000,4900000,12,651,12500000.0,2.3333333333333335,2.5510204081632653,350000.0,8137500000.0,1
1,1,0,7100000,26000000,16,727,41600000.0,3.6619718309859155,1.6,3550000.0,30243200000.0,1
2,1,1,7800000,28900000,14,646,32300000.0,3.7051282051282053,1.1176470588235294,2600000.0,20865800000.0,1
3,0,1,8600000,23200000,12,894,69700000.0,2.697674418604651,3.0043103448275863,2150000.0,62311800000.0,1
3,1,1,5100000,17000000,10,477,25000000.0,3.3333333333333335,1.4705882352941178,1275000.0,11925000000.0,0
5,0,0,600000,2000000,20,811,3200000.0,3.3333333333333335,1.6,100000.0,2595200000.0,1
0,1,1,6600000,21200000,18,377,34900000.0,3.212121212121212,1.6462264150943395,6600000.0,13157300000.0,0
0,0,1,4700000,17000000,18,802,25700000.0,3.617021276595745,1.511764705882353,4700000.0,20611400000.0,1
2,1,1,7700000,19700000,14,885,64500000.0,2.5584415584415585,3.2741116751269037,2566666.6666666665,57082500000.0,1
4,1,1,6400000,21900000,6,437,45700000.0,3.421875,2.08675799086758,1280000.0,19970900000.0,0
2,1,0,1100000,2500000,20,615,8100000.0,2.272727272727273,3.24,366666.6666666667,4981500000.0,1
2,0,0,8900000,17800000,20,603,63000000.0,2.0,3.539325842696629,2966666.6666666665,37989000000.0,1
0,0,1,2100000,8300000,20,765,19100000.0,3.9523809523809526,2.3012048192771086,2100000.0,14611500000.0,1
4,0,1,2300000,5800000,8,469,20600000.0,2.5217391304347827,3.5517241379310347,460000.0,9661400000.0,0
3,1,0,8300000,17700000,16,848,36200000.0,2.1325301204819276,2.0451977401129944,2075000.0,30697600000.0,1
4,1,0,900000,2700000,20,327,5000000.0,3.0,1.8518518518518519,180000.0,1635000000.0,0
3,0,1,9200000,35000000,4,716,56300000.0,3.8043478260869565,1.6085714285714285,2300000.0,40310800000.0,1
3,1,0,9800000,28300000,2,715,67100000.0,2.8877551020408165,2.371024734982332,2450000.0,47976500000.0,1
0,0,0,200000,600000,12,683,1000000.0,3.0,1.6666666666666667,200000.0,683000000.0,1
2,0,1,3200000,9700000,6,737,23100000.0,3.03125,2.381443298969072,1066666.6666666667,17024700000.0,1
5,0,0,7800000,27000000,6,728,43400000.0,3.4615384615384617,1.6074074074074074,1300000.0,31595200000.0,1
1,1,0,8300000,30000000,18,350,56800000.0,3.6144578313253013,1.8933333333333333,4150000.0,19880000000.0,0
1,1,1,2100000,5200000,14,802,9600000.0,2.4761904761904763,1.8461538461538463,1050000.0,7699200000.0,1
5,0,1,400000,1400000,4,483,2700000.0,3.5,1.9285714285714286,66666.66666666667,1304100000.0,1
3,1,1,7700000,21800000,18,684,21800000.0,2.831168831168831,1.0,1925000.0,14911200000.0,1
4,1,1,5600000,16500000,20,692,47700000.0,2.9464285714285716,2.890909090909091,1120000.0,33008400000.0,1
0,1,0,8400000,31000000,4,783,69800000.0,3.6904761904761907,2.2516129032258063,8400000.0,54653400000.0,1
3,1,1,1300000,4300000,18,412,7900000.0,3.3076923076923075,1.8372093023255813,325000.0,3254800000.0,0
0,0,0,8700000,30200000,10,447,63300000.0,3.471264367816092,2.096026490066225,8700000.0,28295100000.0,0
0,0,0,2700000,8400000,14,610,11700000.0,3.111111111111111,1.3928571428571428,2700000.0,7137000000.0,1
5,1,1,800000,1800000,8,881,4400000.0,2.25,2.4444444444444446,133333.33333333334,3876400000.0,1
5,1,1,3800000,10300000,16,606,22200000.0,2.710526315789474,2.1553398058252426,633333.3333333334,13453200000.0,1
5,1,1,700000,2600000,2,869,3500000.0,3.7142857142857144,1.3461538461538463,116666.66666666667,3041500000.0,1
4,1,1,400000,1400000,2,496,2100000.0,3.5,1.5,80000.0,1041600000.0,1
1,1,1,3200000,9300000,6,483,20000000.0,2.90625,2.150537634408602,1600000.0,9660000000.0,0
3,1,0,7500000,22200000,8,741,42100000.0,2.96,1.8963963963963963,1875000.0,31196100000.0,1
2,0,0,3700000,13500000,4,820,25600000.0,3.6486486486486487,1.8962962962962964,1233333.3333333333,20992000000.0,1
5,1,0,3300000,9100000,18,697,24500000.0,2.757575757575758,2.6923076923076925,550000.0,17076500000.0,1
1,1,1,200000,500000,20,713,800000.0,2.5,1.6,100000.0,570400000.0,1
1,0,0,7100000,17000000,6,754,35400000.0,2.3943661971830985,2.0823529411764707,3550000.0,26691600000.0,1
3,0,1,1500000,5100000,14,837,9800000.0,3.4,1.9215686274509804,375000.0,8202600000.0,1
0,0,0,3000000,6500000,2,691,23700000.0,2.1666666666666665,3.646153846153846,3000000.0,16376700000.0,1
3,1,1,1900000,5300000,12,436,13400000.0,2.789473684210526,2.5283018867924527,475000.0,5842400000.0,0
0,0,0,9100000,30100000,8,322,60400000.0,3.3076923076923075,2.006644518272425,9100000.0,19448800000.0,0
0,0,0,2200000,7500000,2,333,11700000.0,3.409090909090909,1.56,2200000.0,3896100000.0,1
0,0,1,8400000,23000000,14,455,53000000.0,2.738095238095238,2.3043478260869565,8400000.0,24115000000.0,0
1,1,1,400000,700000,10,787,3300000.0,1.75,4.714285714285714,200000.0,2597100000.0,1
2,1,1,5600000,15800000,16,748,38400000.0,2.8214285714285716,2.430379746835443,1866666.6666666667,28723200000.0,1
5,0,1,8200000,27100000,4,643,48500000.0,3.3048780487804876,1.7896678966789668,1366666.6666666667,31185500000.0,1
0,0,1,1600000,3400000,8,867,14000000.0,2.125,4.117647058823529,1600000.0,12138000000.0,1
3,0,0,1800000,5600000,20,860,8800000.0,3.111111111111111,1.5714285714285714,450000.0,7568000000.0,1
5,0,1,6500000,23900000,2,507,34600000.0,3.6769230769230767,1.4476987447698744,1083333.3333333333,17542200000.0,1
1,1,1,3100000,11500000,4,871,14600000.0,3.7096774193548385,1.2695652173913043,1550000.0,12716600000.0,1
3,0,0,3100000,9800000,12,820,26900000.0,3.161290322580645,2.7448979591836733,775000.0,22058000000.0,1
4,1,1,5300000,14500000,4,352,31500000.0,2.7358490566037736,2.1724137931034484,1060000.0,11088000000.0,0
4,1,0,1100000,4000000,14,887,9700000.0,3.6363636363636362,2.425,220000.0,8603900000.0,1
1,1,1,6000000,13400000,12,731,33800000.0,2.2333333333333334,2.5223880597014925,3000000.0,24707800000.0,1
0,1,1,6100000,14600000,18,645,42300000.0,2.3934426229508197,2.8972602739726026,6100000.0,27283500000.0,1
3,0,0,4100000,14100000,10,300,20300000.0,3.4390243902439024,1.4397163120567376,1025000.0,6090000000.0,0
5,1,1,7000000,26200000,12,896,49000000.0,3.742857142857143,1.8702290076335877,1166666.6666666667,43904000000.0,1
0,0,1,8900000,27700000,6,372,72900000.0,3.1123595505617976,2.631768953068592,8900000.0,27118800000.0,0
4,1,0,4800000,12000000,6,441,31100000.0,2.5,2.591666666666667,960000.0,13715100000.0,0
3,1,1,7400000,18300000,4,348,54600000.0,2.472972972972973,2.9836065573770494,1850000.0,19000800000.0,0
0,1,0,9700000,27500000,18,343,58100000.0,2.8350515463917527,2.112727272727273,9700000.0,19928300000.0,0
5,1,1,9700000,22600000,16,346,76200000.0,2.329896907216495,3.3716814159292037,1616666.6666666667,26365200000.0,0
0,0,1,4500000,11500000,14,509,37000000.0,2.5555555555555554,3.217391304347826,4500000.0,18833000000.0,0
5,1,0,8800000,29300000,10,560,71700000.0,3.3295454545454546,2.4470989761092152,1466666.6666666667,40152000000.0,1
3,1,1,3000000,7500000,6,881,14300000.0,2.5,1.9066666666666667,750000.0,12598300000.0,1
5,1,0,1300000,3000000,20,540,8400000.0,2.3076923076923075,2.8,216666.66666666666,4536000000.0,0
3,1,0,5000000,12700000,14,865,38600000.0,2.54,3.0393700787401574,1250000.0,33389000000.0,1
5,1,1,1000000,2300000,12,317,7400000.0,2.3,3.217391304347826,166666.66666666666,2345800000.0,0
0,0,1,3300000,11300000,20,559,20000000.0,3.4242424242424243,1.7699115044247788,3300000.0,11180000000.0,1
2,0,0,6500000,23900000,18,457,39000000.0,3.6769230769230767,1.6317991631799162,2166666.6666666665,17823000000.0,0
1,0,0,4100000,12800000,8,780,28800000.0,3.1219512195121952,2.25,2050000.0,22464000000.0,1
1,1,0,9200000,29700000,10,607,77300000.0,3.2282608695652173,2.6026936026936025,4600000.0,46921100000.0,1
