no_of_dependents,education,self_employed,income_annum,loan_term,cibil_score,total_assets,income_per_dependent,asset_coverage_ratio,wealth_cibil_score,loan_amount
2,1,0,9600000,12,778,50700000.0,3200000.0,1.6956521739130435,39444600000.0,29900000
0,0,1,4100000,8,417,17000000.0,4100000.0,1.3934426229508197,7089000000.0,12200000
3,1,0,9100000,20,506,57700000.0,2275000.0,1.9427609427609427,29196200000.0,29700000
3,1,0,8200000,8,467,52700000.0,2050000.0,1.716612377850163,24610900000.0,30700000
5,0,1,9800000,20,382,55000000.0,1633333.3333333333,2.272727272727273,21010000000.0,24200000
0,1,1,4800000,10,319,33900000.0,4800000.0,2.511111111111111,10814100000.0,13500000
5,1,0,8700000,4,678,70800000.0,1450000.0,2.1454545454545455,48002400000.0,33000000
2,1,1,5700000,20,382,36700000.0,1900000.0,2.4466666666666668,14019400000.0,15000000
0,1,1,800000,20,782,5500000.0,800000.0,2.5,4301000000.0,2200000
5,0,0,1100000,10,388,9500000.0,183333.33333333334,2.2093023255813953,3686000000.0,4300000
4,1,1,2900000,2,547,25400000.0,580000.0,2.267857142857143,13893800000.0,11200000
2,0,1,6700000,18,538,47900000.0,2233333.3333333335,2.1101321585903086,25770200000.0,22700000
3,0,1,5000000,16,311,34900000.0,1250000.0,3.0086206896551726,10853900000.0,11600000
2,1,1,9100000,14,679,53300000.0,3033333.3333333335,1.692063492063492,36190700000.0,31500000
1,0,0,1900000,6,469,10900000.0,950000.0,1.472972972972973,5112100000.0,7400000
5,0,0,4700000,10,794,30400000.0,783333.3333333334,2.8411214953271027,24137600000.0,10700000
2,1,1,500000,4,663,3400000.0,166666.66666666666,2.125,2254200000.0,1600000
4,0,1,2900000,14,780,16700000.0,580000.0,1.7765957446808511,13026000000.0,9400000
2,1,0,2700000,10,736,10500000.0,900000.0,1.0194174757281553,7728000000.0,10300000
5,1,0,6300000,12,652,43200000.0,1050000.0,2.958904109589041,28166400000.0,14600000
2,1,0,5000000,12,315,35200000.0,1666666.6666666667,1.8144329896907216,11088000000.0,19400000
4,1,0,5800000,16,530,42700000.0,1160000.0,3.05,22631000000.0,14000000
4,1,1,6500000,18,311,42800000.0,1300000.0,1.6653696498054475,13310800000.0,25700000
0,0,1,500000,2,551,2900000.0,500000.0,2.0714285714285716,1597900000.0,1400000
0,0,0,4900000,16,324,25800000.0,4900000.0,2.63265306122449,8359200000.0,9800000
5,0,0,3100000,20,514,20200000.0,516666.6666666667,2.126315789473684,10382800000.0,9500000
4,1,0,8200000,12,696,54600000.0,1640000.0,1.9430604982206405,38001600000.0,28100000
4,0,1,2400000,4,662,16600000.0,480000.0,2.9642857142857144,10989200000.0,5600000
5,0,1,7000000,6,336,51400000.0,1166666.6666666667,2.1416666666666666,17270400000.0,24000000
3,0,1,9000000,10,850,75900000.0,2250000.0,2.4095238095238094,64515000000.0,31500000
2,0,0,9800000,12,313,60200000.0,3266666.6666666665,2.3794466403162056,18842600000.0,25300000
2,1,0,5700000,6,363,37000000.0,1900000.0,3.0833333333333335,13431000000.0,12000000
1,0,1,800000,10,436,4100000.0,400000.0,2.5625,1787600000.0,1600000
5,0,1,8400000,2,830,33000000.0,1400000.0,1.5,27390000000.0,22000000
3,1,0,4900000,8,612,35700000.0,1225000.0,3.0,21848400000.0,11900000
2,1,1,1700000,8,691,12400000.0,566666.6666666666,3.6470588235294117,8568400000.0,3400000
3,0,0,1600000,18,636,10800000.0,400000.0,1.7419354838709677,6868800000.0,6200000
5,1,1,8000000,6,348,30500000.0,1333333.3333333333,1.1213235294117647,10614000000.0,27200000
5,1,0,3600000,16,830,21200000.0,600000.0,2.7532467532467533,17596000000.0,7700000
3,0,1,1500000,6,352,6800000.0,375000.0,1.3333333333333333,2393600000.0,5100000
1,1,0,7800000,2,712,50500000.0,3900000.0,2.7900552486187844,35956000000.0,18100000
2,0,0,9100000,16,822,70600000.0,3033333.3333333335,2.8353413654618476,58033200000.0,24900000
3,1,0,1400000,6,540,6400000.0,350000.0,1.8823529411764706,3456000000.0,3400000
2,1,1,800000,12,342,6100000.0,266666.6666666667,2.652173913043478,2086200000.0,2300000
5,1,0,6500000,18,787,40100000.0,1083333.3333333333,2.9925373134328357,31558700000.0,13400000
4,1,0,8000000,16,331,51600000.0,1600000.0,1.856115107913669,17079600000.0,27800000
3,0,1,4200000,6,679,22900000.0,1050000.0,1.5684931506849316,15549100000.0,14600000
1,1,1,4900000,14,677,38700000.0,2450000.0,2.026178010471204,26199900000.0,19100000
3,0,0,5500000,12,634,36100000.0,1375000.0,1.7609756097560976,22887400000.0,20500000
1,0,1,9500000,16,662,60000000.0,4750000.0,3.141361256544503,39720000000.0,19100000
4,1,0,7300000,16,502,33300000.0,1460000.0,1.311023622047244,16716600000.0,25400000
2,1,0,8700000,10,435,43400000.0,2900000.0,1.757085020242915,18879000000.0,24700000
5,0,0,3800000,4,689,21500000.0,633333.3333333334,2.8289473684210527,14813500000.0,7600000
1,0,1,8400000,12,657,70300000.0,4200000.0,3.0565217391304347,46187100000.0,23000000
2,1,1,5100000,20,590,39500000.0,1700000.0,2.00507614213198,23305000000.0,19700000
5,0,0,6700000,12,818,29300000.0,1116666.6666666667,1.1959183673469387,23967400000.0,24500000
2,0,0,4300000,18,431,18100000.0,1433333.3333333333,1.7075471698113207,7801100000.0,10600000
5,1,1,9300000,18,841,72900000.0,1550000.0,2.3901639344262295,61308900000.0,30500000
1,1,0,7400000,20,421,49200000.0,3700000.0,2.6739130434782608,20713200000.0,18400000
4,0,1,5500000,16,797,34000000.0,1100000.0,1.8681318681318682,27098000000.0,18200000
2,0,0,8500000,18,478,77400000.0,2833333.3333333335,4.095238095238095,36997200000.0,18900000
3,0,1,9600000,18,669,42400000.0,2400000.0,1.3901639344262295,28365600000.0,30500000
5,0,1,8800000,6,365,65100000.0,1466666.6666666667,2.2525951557093427,23761500000.0,28900000
3,0,1,3300000,20,586,20600000.0,825000.0,2.7466666666666666,12071600000.0,7500000
4,1,1,3900000,18,784,30400000.0,780000.0,2.4715447154471546,23833600000.0,12300000
1,1,0,4100000,12,364,33300000.0,2050000.0,3.233009708737864,12121200000.0,10300000
3,0,0,8300000,10,715,54000000.0,2075000.0,1.8556701030927836,38610000000.0,29100000
0,0,1,2700000,20,693,9200000.0,2700000.0,0.9108910891089109,6375600000.0,10100000
4,1,0,5600000,4,777,25900000.0,1120000.0,2.088709677419355,20124300000.0,12400000
0,1,0,1900000,12,312,14100000.0,1900000.0,2.82,4399200000.0,5000000
4,0,1,500000,20,340,2800000.0,100000.0,1.8666666666666667,952000000.0,1500000
5,1,1,5300000,4,386,28500000.0,883333.3333333334,1.532258064516129,11001000000.0,18600000
5,0,0,7000000,4,418,59200000.0,1166666.6666666667,3.2349726775956285,24745600000.0,18300000
3,0,1,5800000,16,735,31500000.0,1450000.0,1.8862275449101797,23152500000.0,16700000
2,0,0,2600000,6,494,17900000.0,866666.6666666666,2.130952380952381,8842600000.0,8400000
2,0,0,1900000,18,671,9000000.0,633333.3333333334,1.3846153846153846,6039000000.0,6500000
4,1,0,5700000,16,697,41300000.0,1140000.0,2.7905405405405403,28786100000.0,14800000
0,1,0,9000000,8,801,67000000.0,9000000.0,2.0,53667000000.0,33500000
2,0,0,8500000,12,576,57400000.0,2833333.3333333335,1.9523809523809523,33062400000.0,29400000
0,0,0,700000,14,639,5900000.0,700000.0,4.214285714285714,3770100000.0,1400000
4,1,0,3500000,4,470,17800000.0,700000.0,2.0,8366000000.0,8900000
0,0,0,8800000,4,826,45300000.0,8800000.0,1.4519230769230769,37417800000.0,31200000
2,0,1,9900000,16,363,70300000.0,3300000.0,3.3160377358490565,25518900000.0,21200000
3,1,0,3600000,20,613,23300000.0,900000.0,2.7093023255813953,14282900000.0,8600000
3,0,1,3000000,16,713,25500000.0,750000.0,3.1097560975609757,18181500000.0,8200000
2,1,0,6800000,16,439,48700000.0,2266666.6666666665,2.297169811320755,21379300000.0,21200000
5,0,1,1100000,18,387,7900000.0,183333.33333333334,2.0789473684210527,3057300000.0,3800000
1,0,1,8700000,8,402,72100000.0,4350000.0,2.547703180212014,28984200000.0,28300000
4,1,1,2000000,6,837,14500000.0,400000.0,1.8125,12136500000.0,8000000
2,0,0,9800000,10,641,55100000.0,3266666.6666666665,1.4654255319148937,35319100000.0,37600000
4,1,0,5700000,18,489,23300000.0,1140000.0,1.1042654028436019,11393700000.0,21100000
4,1,0,8800000,18,540,57500000.0,1760000.0,2.7777777777777777,31050000000.0,20700000
4,1,0,3800000,4,844,30400000.0,760000.0,3.4157303370786516,25657600000.0,8900000
1,1,0,1700000,10,452,9700000.0,850000.0,1.515625,4384400000.0,6400000
2,1,0,1000000,10,366,6100000.0,333333.3333333333,3.05,2232600000.0,2000000
5,1,0,300000,2,300,1700000.0,50000.0,1.5454545454545454,510000000.0,1100000
2,1,1,6600000,18,470,31200000.0,2200000.0,2.08,14664000000.0,15000000
2,0,0,8700000,20,861,53700000.0,2900000.0,2.148,46235700000.0,25000000
4,1,0,9400000,12,562,84600000.0,1880000.0,2.877551020408163,47545200000.0,29400000
0,1,0,4400000,14,463,25700000.0,4400000.0,2.3796296296296298,11899100000.0,10800000
4,0,0,400000,12,478,2100000.0,80000.0,2.3333333333333335,1003800000.0,900000
2,0,1,300000,2,702,1200000.0,100000.0,1.0909090909090908,842400000.0,1100000
2,0,1,4300000,20,618,28800000.0,1433333.3333333333,2.2325581395348837,17798400000.0,12900000
4,1,0,1600000,12,633,8400000.0,320000.0,1.8666666666666667,5317200000.0,4500000
5,0,1,6200000,10,331,61300000.0,1033333.3333333334,2.597457627118644,20290300000.0,23600000
3,0,1,4200000,16,841,29900000.0,1050000.0,3.082474226804124,25145900000.0,9700000
4,0,1,9000000,12,764,49500000.0,1800000.0,2.734806629834254,37818000000.0,18100000
0,1,0,2700000,6,591,15700000.0,2700000.0,1.4811320754716981,9278700000.0,10600000
1,1,1,9700000,2,719,58500000.0,4850000.0,1.6295264623955432,42061500000.0,35900000
2,1,0,3300000,14,317,19000000.0,1100000.0,2.7941176470588234,6023000000.0,6800000
0,0,0,300000,8,778,2000000.0,300000.0,1.8181818181818181,1556000000.0,1100000
3,1,1,7400000,14,302,31600000.0,1850000.0,1.7362637362637363,9543200000.0,18200000
5,0,0,7100000,8,502,48000000.0,1183333.3333333333,2.436548223350254,24096000000.0,19700000
5,0,1,7300000,18,879,59200000.0,1216666.6666666667,2.678733031674208,52036800000.0,22100000
1,0,0,8400000,14,437,62700000.0,4200000.0,2.6794871794871793,27399900000.0,23400000
0,0,1,3300000,12,797,17600000.0,3300000.0,1.6296296296296295,14027200000.0,10800000
4,0,1,5800000,18,456,50400000.0,1160000.0,2.1724137931034484,22982400000.0,23200000
0,0,0,600000,6,647,4300000.0,600000.0,2.6875,2782100000.0,1600000
0,0,0,7200000,12,379,50000000.0,7200000.0,3.1645569620253164,18950000000.0,15800000
1,0,1,9100000,2,717,33700000.0,4550000.0,1.0243161094224924,24162900000.0,32900000
5,1,0,900000,16,545,3800000.0,150000.0,1.6521739130434783,2071000000.0,2300000
2,1,0,800000,8,317,4200000.0,266666.6666666667,1.3125,1331400000.0,3200000
1,0,0,8500000,10,570,37300000.0,4250000.0,1.1337386018237081,21261000000.0,32900000
0,0,1,9000000,18,865,59000000.0,9000000.0,3.1550802139037435,51035000000.0,18700000
3,1,0,7000000,14,719,50900000.0,1750000.0,2.6102564102564103,36597100000.0,19500000
3,1,0,200000,16,821,1100000.0,50000.0,1.8333333333333333,903100000.0,600000
4,0,1,400000,10,859,2400000.0,80000.0,3.0,2061600000.0,800000
3,0,0,5100000,10,395,29900000.0,1275000.0,1.6428571428571428,11810500000.0,18200000
2,0,1,700000,12,429,6400000.0,233333.33333333334,2.4615384615384617,2745600000.0,2600000
3,1,0,400000,12,861,2100000.0,100000.0,1.75,1808100000.0,1200000
0,0,1,9500000,14,565,74300000.0,9500000.0,3.5721153846153846,41979500000.0,20800000
5,1,0,8800000,10,357,39600000.0,1466666.6666666667,1.752212389380531,14137200000.0,22600000
3,0,1,1800000,18,465,9100000.0,450000.0,2.5277777777777777,4231500000.0,3600000
4,0,1,6800000,8,479,56100000.0,1360000.0,4.0359712230215825,26871900000.0,13900000
3,0,0,1500000,16,717,8600000.0,375000.0,1.5636363636363637,6166200000.0,5500000
3,1,0,1600000,12,425,7700000.0,400000.0,1.4,3272500000.0,5500000
2,0,0,4600000,2,786,26100000.0,1533333.3333333333,1.562874251497006,20514600000.0,16700000
5,0,1,2200000,6,382,15400000.0,366666.6666666667,2.298507462686567,5882800000.0,6700000
3,0,1,2900000,12,564,13400000.0,725000.0,1.576470588235294,7557600000.0,8500000
0,1,0,200000,8,501,1500000.0,200000.0,2.142857142857143,751500000.0,700000
2,0,1,2500000,10,727,23500000.0,833333.3333333334,2.5,17084500000.0,9400000
4,0,0,3600000,6,894,17800000.0,720000.0,2.3733333333333335,15913200000.0,7500000
0,1,1,5500000,18,829,25500000.0,5500000.0,1.526946107784431,21139500000.0,16700000
4,0,0,6600000,20,506,45700000.0,1320000.0,2.6264367816091956,23124200000.0,17400000
2,1,1,8600000,6,802,60400000.0,2866666.6666666665,1.881619937694704,48440800000.0,32100000
5,0,0,600000,14,543,3600000.0,100000.0,2.4,1954800000.0,1500000
3,1,1,1400000,20,772,10000000.0,350000.0,3.125,7720000000.0,3200000
3,1,0,4000000,12,572,24700000.0,1000000.0,2.225225225225225,14128400000.0,11100000
0,0,1,4900000,16,709,37800000.0,4900000.0,3.176470588235294,26800200000.0,11900000
5,1,0,2000000,18,402,14400000.0,333333.3333333333,2.3225806451612905,5788800000.0,6200000
1,0,1,5200000,8,481,46800000.0,2600000.0,2.4248704663212437,22510800000.0,19300000
5,1,1,8900000,6,772,47900000.0,1483333.3333333333,1.6631944444444444,36978800000.0,28800000
1,1,1,6500000,2,306,39100000.0,3250000.0,1.8980582524271845,11964600000.0,20600000
2,0,0,1300000,6,415,5000000.0,433333.3333333333,1.1111111111111112,2075000000.0,4500000
3,0,0,9400000,16,548,63500000.0,2350000.0,1.8142857142857143,34798000000.0,35000000
5,0,0,5000000,8,701,28200000.0,833333.3333333334,2.517857142857143,19768200000.0,11200000
2,1,0,3000000,12,890,19500000.0,1000000.0,2.5324675324675323,17355000000.0,7700000
5,0,1,9900000,6,364,60100000.0,1650000.0,1.8048048048048049,21876400000.0,33300000
5,1,1,700000,20,704,4400000.0,116666.66666666667,3.3846153846153846,3097600000.0,1300000
3,1,1,4000000,10,318,19500000.0,1000000.0,1.8396226415094339,6201000000.0,10600000
5,0,0,3100000,2,761,22200000.0,516666.6666666667,2.3125,16894200000.0,9600000
4,0,0,4500000,6,693,29000000.0,900000.0,1.9205298013245033,20097000000.0,15100000
3,0,0,9700000,16,524,68800000.0,2425000.0,3.3398058252427183,36051200000.0,20600000
2,0,1,2000000,10,681,13500000.0,666666.6666666666,2.547169811320755,9193500000.0,5300000
2,1,1,8100000,18,737,69200000.0,2700000.0,3.103139013452915,51000400000.0,22300000
0,0,0,5700000,16,638,30400000.0,5700000.0,1.9119496855345912,19395200000.0,15900000
4,0,0,5800000,2,656,24300000.0,1160000.0,1.8984375,15940800000.0,12800000
1,1,0,1800000,6,540,11800000.0,900000.0,1.8153846153846154,6372000000.0,6500000
4,0,1,9100000,6,341,32600000.0,1820000.0,0.9261363636363636,11116600000.0,35200000
0,0,1,4800000,2,371,40700000.0,4800000.0,2.3257142857142856,15099700000.0,17500000
3,0,1,3800000,12,886,21700000.0,950000.0,2.066666666666667,19226200000.0,10500000
0,0,0,1900000,18,801,7200000.0,1900000.0,1.7560975609756098,5767200000.0,4100000
3,0,1,3600000,16,748,22400000.0,900000.0,2.357894736842105,16755200000.0,9500000
2,0,1,7400000,8,376,49500000.0,2466666.6666666665,1.7553191489361701,18612000000.0,28200000
4,0,1,6600000,8,371,46200000.0,1320000.0,3.230769230769231,17140200000.0,14300000
2,1,0,1800000,6,826,13000000.0,600000.0,2.452830188679245,10738000000.0,5300000
4,0,0,9200000,12,873,51500000.0,1840000.0,1.8933823529411764,44959500000.0,27200000
5,0,1,2400000,8,309,9600000.0,400000.0,1.1162790697674418,2966400000.0,8600000
4,0,0,5600000,20,869,37300000.0,1120000.0,2.8045112781954886,32413700000.0,13300000
5,1,0,3800000,12,534,18600000.0,633333.3333333334,1.3381294964028776,9932400000.0,13900000
3,0,1,4500000,6,787,31900000.0,1125000.0,1.782122905027933,25105300000.0,17900000
0,1,1,900000,16,566,3400000.0,900000.0,1.5454545454545454,1924400000.0,2200000
0,0,0,2800000,8,742,14600000.0,2800000.0,1.4747474747474747,10833200000.0,9900000
2,0,0,7500000,4,824,58800000.0,2500000.0,2.5454545454545454,48451200000.0,23100000
4,1,0,1400000,14,575,11400000.0,280000.0,3.6774193548387095,6555000000.0,3100000
2,1,1,3800000,10,766,17400000.0,1266666.6666666667,1.5963302752293578,13328400000.0,10900000
1,0,1,1700000,10,888,10100000.0,850000.0,2.02,8968800000.0,5000000
3,1,1,9000000,6,638,63900000.0,2250000.0,2.101973684210526,40768200000.0,30400000
5,0,1,7300000,6,622,55600000.0,1216666.6666666667,2.3862660944206007,34583200000.0,23300000
1,0,0,7400000,18,458,50500000.0,3700000.0,2.5505050505050506,23129000000.0,19800000
1,0,0,9000000,16,327,39200000.0,4500000.0,1.3900709219858156,12818400000.0,28200000
0,0,0,3000000,2,612,20600000.0,3000000.0,3.169230769230769,12607200000.0,6500000
1,1,0,800000,8,682,6900000.0,400000.0,2.3793103448275863,4705800000.0,2900000
2,1,0,4800000,2,583,34200000.0,1600000.0,2.590909090909091,19938600000.0,13200000
5,0,0,6400000,8,697,39700000.0,1066666.6666666667,2.169398907103825,27670900000.0,18300000
3,1,0,9200000,12,306,54900000.0,2300000.0,2.025830258302583,16799400000.0,27100000
4,0,1,400000,2,669,7700000.0,80000.0,5.133333333333334,5151300000.0,1500000
2,0,0,2800000,18,816,21900000.0,933333.3333333334,3.65,17870400000.0,6000000
4,0,1,8500000,20,455,52900000.0,1700000.0,1.8304498269896194,24069500000.0,28900000
3,1,1,4700000,10,318,40000000.0,1175000.0,2.4390243902439024,12720000000.0,16400000
4,0,1,9800000,20,355,77100000.0,1960000.0,3.6367924528301887,27370500000.0,21200000
2,0,1,3800000,16,389,20200000.0,1266666.6666666667,2.269662921348315,7857800000.0,8900000
2,1,0,500000,2,888,3900000.0,166666.66666666666,2.6,3463200000.0,1500000
2,1,1,6900000,6,352,50900000.0,2300000.0,3.2628205128205128,17916800000.0,15600000
4,0,1,9600000,12,870,50800000.0,1920000.0,1.6877076411960132,44196000000.0,30100000
3,0,0,2900000,18,827,22500000.0,725000.0,3.4615384615384617,18607500000.0,6500000
2,1,0,9800000,12,768,65600000.0,3266666.6666666665,3.138755980861244,50380800000.0,20900000
0,1,0,7100000,18,707,46500000.0,7100000.0,3.0194805194805197,32875500000.0,15400000
1,0,1,7700000,10,355,44700000.0,3850000.0,2.3403141361256545,15868500000.0,19100000
3,1,0,1400000,2,652,7600000.0,350000.0,2.303030303030303,4955200000.0,3300000
3,1,0,7800000,2,665,47900000.0,1950000.0,3.0125786163522013,31853500000.0,15900000
5,0,1,1700000,18,420,8100000.0,283333.3333333333,1.35,3402000000.0,6000000
2,0,0,8500000,18,471,68400000.0,2833333.3333333335,2.091743119266055,32216400000.0,32700000
5,0,0,1900000,20,715,17200000.0,316666.6666666667,2.2933333333333334,12298000000.0,7500000
2,0,1,6700000,10,689,30000000.0,2233333.3333333335,1.9736842105263157,20670000000.0,15200000
3,1,1,6900000,4,787,47400000.0,1725000.0,2.8902439024390243,37303800000.0,16400000
2,1,0,2600000,4,819,14600000.0,866666.6666666666,1.8717948717948718,11957400000.0,7800000
4,1,1,9600000,6,809,69000000.0,1920000.0,3.2701421800947865,55821000000.0,21100000
1,0,1,6800000,2,744,46600000.0,3400000.0,2.7411764705882353,34670400000.0,17000000
0,0,0,3200000,6,484,19600000.0,3200000.0,1.7345132743362832,9486400000.0,11300000
4,0,0,2900000,6,673,19100000.0,580000.0,1.8365384615384615,12854300000.0,10400000
3,1,1,7900000,18,695,51100000.0,1975000.0,2.410377358490566,35514500000.0,21200000
4,0,1,3900000,12,473,28000000.0,780000.0,2.2580645161290325,13244000000.0,12400000
4,1,1,4600000,2,491,32600000.0,920000.0,2.963636363636364,16006600000.0,11000000
3,0,1,700000,8,733,4900000.0,175000.0,2.8823529411764706,3591700000.0,1700000
0,0,0,5200000,20,434,43500000.0,5200000.0,2.7884615384615383,18879000000.0,15600000
3,0,1,5900000,10,777,34100000.0,1475000.0,1.6553398058252426,26495700000.0,20600000
4,1,0,7200000,4,774,37900000.0,1440000.0,1.9842931937172774,29334600000.0,19100000
1,0,1,8700000,10,717,60700000.0,4350000.0,2.248148148148148,43521900000.0,27000000
3,0,1,1100000,12,503,6800000.0,275000.0,1.9428571428571428,3420400000.0,3500000
1,1,1,4000000,14,598,28200000.0,2000000.0,2.5871559633027523,16863600000.0,10900000
2,1,0,9800000,2,543,75100000.0,3266666.6666666665,2.317901234567901,40779300000.0,32400000
0,0,1,2700000,20,796,13800000.0,2700000.0,2.0294117647058822,10984800000.0,6800000
3,0,1,8800000,8,386,55700000.0,2200000.0,1.6098265895953756,21500200000.0,34600000
5,0,1,3300000,16,632,21000000.0,550000.0,2.6923076923076925,13272000000.0,7800000
1,1,1,6900000,4,481,53400000.0,3450000.0,2.282051282051282,25685400000.0,23400000
3,1,1,900000,4,770,3300000.0,225000.0,0.9428571428571428,2541000000.0,3500000
3,1,1,4100000,6,667,23100000.0,1025000.0,1.4903225806451612,15407700000.0,15500000
3,0,1,4700000,8,585,18800000.0,1175000.0,1.0742857142857143,10998000000.0,17500000
5,1,1,3400000,16,479,28500000.0,566666.6666666666,2.456896551724138,13651500000.0,11600000
2,1,0,9600000,18,851,60600000.0,3200000.0,2.6933333333333334,51570600000.0,22500000
3,0,1,7000000,6,378,58400000.0,1750000.0,3.6049382716049383,22075200000.0,16200000
5,1,0,5700000,18,807,29100000.0,950000.0,2.255813953488372,23483700000.0,12900000
1,0,1,8200000,18,831,60600000.0,4100000.0,1.8703703703703705,50358600000.0,32400000
2,0,0,2100000,12,674,14200000.0,700000.0,2.784313725490196,9570800000.0,5100000
1,0,1,8000000,18,725,45200000.0,4000000.0,1.6085409252669038,32770000000.0,28100000
2,0,0,8000000,4,600,65600000.0,2666666.6666666665,2.2389078498293515,39360000000.0,29300000
0,0,1,9400000,10,536,44700000.0,9400000.0,1.6555555555555554,23959200000.0,27000000
0,1,0,8400000,10,477,39900000.0,8400000.0,1.9368932038834952,19032300000.0,20600000
1,0,1,1900000,6,560,10600000.0,950000.0,2.12,5936000000.0,5000000
0,0,1,4200000,20,539,26100000.0,4200000.0,1.5914634146341464,14067900000.0,16400000
5,1,0,2600000,8,852,18000000.0,433333.3333333333,1.978021978021978,15336000000.0,9100000
3,0,0,3700000,20,853,26400000.0,925000.0,3.1058823529411765,22519200000.0,8500000
0,1,0,8800000,12,729,39500000.0,8800000.0,1.27831715210356,28795500000.0,30900000
2,0,0,2100000,2,546,16400000.0,700000.0,3.4893617021276597,8954400000.0,4700000
3,1,1,900000,10,489,4100000.0,225000.0,1.7083333333333333,2004900000.0,2400000
3,1,1,9800000,6,869,63900000.0,2450000.0,1.805084745762712,55529100000.0,35400000
2,0,0,8000000,2,502,47800000.0,2666666.6666666665,2.39,23995600000.0,20000000
0,1,0,9800000,8,652,77300000.0,9800000.0,1.9922680412371134,50399600000.0,38800000
0,0,1,300000,8,789,1700000.0,300000.0,1.5454545454545454,1341300000.0,1100000
4,0,0,2700000,4,325,19100000.0,540000.0,2.3580246913580245,6207500000.0,8100000
3,1,1,7400000,2,716,46300000.0,1850000.0,2.3622448979591835,33150800000.0,19600000
3,1,0,9200000,18,523,67500000.0,2300000.0,1.967930029154519,35302500000.0,34300000
5,0,0,9500000,20,352,62300000.0,1583333.3333333333,2.8063063063063063,21929600000.0,22200000
5,1,1,3800000,2,345,21800000.0,633333.3333333334,1.5138888888888888,7521000000.0,14400000
0,1,0,8300000,18,649,54200000.0,8300000.0,2.7938144329896906,35175800000.0,19400000
2,1,1,2800000,18,666,12100000.0,933333.3333333334,1.635135135135135,8058600000.0,7400000
0,1,0,8600000,10,813,54000000.0,8600000.0,2.583732057416268,43902000000.0,20900000
0,0,0,5400000,10,599,34800000.0,5400000.0,2.0714285714285716,20845200000.0,16800000
5,1,1,4200000,6,678,25800000.0,700000.0,2.74468085106383,17492400000.0,9400000
5,0,0,5200000,20,513,37600000.0,866666.6666666666,3.081967213114754,19288800000.0,12200000
5,1,0,9400000,4,870,41200000.0,1566666.6666666667,1.4767025089605734,35844000000.0,27900000
3,1,0,8800000,8,483,54600000.0,2200000.0,2.676470588235294,26371800000.0,20400000
1,1,1,5900000,16,308,39000000.0,2950000.0,2.3353293413173652,12012000000.0,16700000
3,1,1,1700000,16,591,11400000.0,425000.0,2.326530612244898,6737400000.0,4900000
1,0,0,7000000,10,886,48000000.0,3500000.0,2.0869565217391304,42528000000.0,23000000
4,0,0,1700000,6,829,8500000.0,340000.0,2.125,7046500000.0,4000000
0,0,0,1500000,12,651,9800000.0,1500000.0,2.0,6379800000.0,4900000
4,0,0,2000000,18,733,17200000.0,400000.0,3.6595744680851063,12607600000.0,4700000
5,1,1,3900000,12,433,27400000.0,650000.0,1.767741935483871,11864200000.0,15500000
1,1,1,900000,14,713,5300000.0,450000.0,1.4722222222222223,3778900000.0,3600000
1,1,0,6900000,18,403,32400000.0,3450000.0,1.44,13057200000.0,22500000
0,1,1,2800000,10,405,20800000.0,2800000.0,2.6666666666666665,8424000000.0,7800000
3,1,1,6800000,10,516,56500000.0,1700000.0,2.8391959798994977,29154000000.0,19900000
4,0,1,600000,8,417,5000000.0,120000.0,2.7777777777777777,2085000000.0,1800000
1,0,0,4700000,6,468,28300000.0,2350000.0,2.0214285714285714,13244400000.0,14000000
5,1,1,3000000,10,672,26200000.0,500000.0,2.2203389830508473,17606400000.0,11800000
5,0,0,4000000,6,530,30100000.0,666666.6666666666,2.1654676258992804,15953000000.0,13900000
1,0,1,3100000,14,824,25100000.0,1550000.0,2.2212389380530975,20682400000.0,11300000
1,0,1,7700000,12,549,56200000.0,3850000.0,2.203921568627451,30853800000.0,25500000
5,0,1,4300000,10,450,22900000.0,716666.6666666666,2.4623655913978495,10305000000.0,9300000
1,1,1,5800000,20,431,37700000.0,2900000.0,1.9333333333333333,16248700000.0,19500000
3,1,1,3600000,16,312,22200000.0,900000.0,2.074766355140187,6926400000.0,10700000
0,0,1,2900000,8,320,26300000.0,2900000.0,3.460526315789474,8416000000.0,7600000
0,1,0,8800000,4,433,63100000.0,8800000.0,3.123762376237624,27322300000.0,20200000
1,0,1,300000,10,431,1900000.0,150000.0,1.9,818900000.0,1000000
5,0,1,8600000,8,516,48700000.0,1433333.3333333333,1.685121107266436,25129200000.0,28900000
2,0,1,3500000,14,476,23200000.0,1166666.6666666667,1.9333333333333333,11043200000.0,12000000
5,1,0,800000,6,560,4300000.0,133333.33333333334,1.6538461538461537,2408000000.0,2600000
2,1,0,8000000,12,674,46500000.0,2666666.6666666665,1.7158671586715868,31341000000.0,27100000
0,0,1,9900000,6,573,53200000.0,9900000.0,1.3926701570680629,30483600000.0,38200000
2,0,0,3300000,6,331,19900000.0,1100000.0,3.015151515151515,6586900000.0,6600000
4,1,1,2000000,12,633,7700000.0,400000.0,1.1492537313432836,4874100000.0,6700000
3,0,0,4900000,18,877,30000000.0,1225000.0,2.3255813953488373,26310000000.0,12900000
5,0,1,9200000,12,656,53900000.0,1533333.3333333333,2.2838983050847457,35358400000.0,23600000
0,0,0,7500000,6,782,43300000.0,7500000.0,2.379120879120879,33860600000.0,18200000
5,0,0,9000000,4,531,61200000.0,1500000.0,2.0887372013651877,32497200000.0,29300000
3,0,0,1400000,8,455,9400000.0,350000.0,2.292682926829268,4277000000.0,4100000
3,1,0,9600000,14,452,55500000.0,2400000.0,2.7889447236180906,25086000000.0,19900000
2,1,0,8400000,14,474,71500000.0,2800000.0,2.1536144578313254,33891000000.0,33200000
3,0,0,6400000,4,483,33800000.0,1600000.0,1.3852459016393444,16325400000.0,24400000
4,1,0,5900000,8,481,41100000.0,1180000.0,2.4464285714285716,19769100000.0,16800000
2,1,1,2200000,20,859,14500000.0,733333.3333333334,2.843137254901961,12455500000.0,5100000
4,1,1,5600000,14,696,41500000.0,1120000.0,2.9432624113475176,28884000000.0,14100000
4,0,0,9800000,6,778,64800000.0,1960000.0,2.2578397212543555,50414400000.0,28700000
4,1,0,4400000,4,499,29600000.0,880000.0,2.0273972602739727,14770400000.0,14600000
2,0,1,2400000,4,888,19200000.0,800000.0,3.9183673469387754,17049600000.0,4900000
1,1,0,4400000,12,674,34800000.0,2200000.0,3.2222222222222223,23455200000.0,10800000
4,1,0,3700000,4,802,29000000.0,740000.0,2.196969696969697,23258000000.0,13200000
4,0,1,2300000,8,540,12400000.0,460000.0,1.5897435897435896,6696000000.0,7800000
4,1,1,5900000,8,726,52300000.0,1180000.0,2.6683673469387754,37969800000.0,19600000
4,0,1,6400000,2,485,37500000.0,1280000.0,1.5957446808510638,18187500000.0,23500000
4,1,1,4900000,6,612,32800000.0,980000.0,1.9181286549707601,20073600000.0,17100000
3,0,1,9500000,8,879,59400000.0,2375000.0,2.4545454545454546,52212600000.0,24200000
2,0,0,5700000,12,708,23900000.0,1900000.0,1.4573170731707317,16921200000.0,16400000
2,0,1,2700000,8,850,22900000.0,900000.0,4.017543859649122,19465000000.0,5700000
2,0,1,3900000,12,516,18100000.0,1300000.0,1.6017699115044248,9339600000.0,11300000
0,0,0,7800000,12,465,48400000.0,7800000.0,1.6805555555555556,22506000000.0,28800000
0,1,0,1100000,20,716,8300000.0,1100000.0,2.59375,5942800000.0,3200000
4,0,0,200000,10,404,500000.0,40000.0,0.8333333333333334,202000000.0,600000
0,0,1,4700000,20,512,31700000.0,4700000.0,2.990566037735849,16230400000.0,10600000
3,0,1,8200000,10,441,62700000.0,2050000.0,3.0436893203883497,27650700000.0,20600000
2,0,1,4600000,2,555,28500000.0,1533333.3333333333,1.548913043478261,15817500000.0,18400000
5,0,0,1800000,18,466,12600000.0,300000.0,1.8,5871600000.0,7000000
3,1,1,3200000,2,427,17500000.0,800000.0,2.0348837209302326,7472500000.0,8600000
4,0,1,5500000,14,593,42600000.0,1100000.0,2.13,25261800000.0,20000000
3,1,0,7900000,10,731,38200000.0,1975000.0,2.087431693989071,27924200000.0,18300000
1,1,1,4000000,16,451,29100000.0,2000000.0,2.881188118811881,13124100000.0,10100000
3,0,1,6800000,18,628,25000000.0,1700000.0,1.4792899408284024,15700000000.0,16900000
1,0,0,2700000,18,704,16400000.0,1350000.0,1.7446808510638299,11545600000.0,9400000
2,0,0,6800000,12,341,53900000.0,2266666.6666666665,2.293617021276596,18379900000.0,23500000
5,1,0,8600000,8,465,56000000.0,1433333.3333333333,2.6666666666666665,26040000000.0,21000000
4,1,0,8000000,4,431,56000000.0,1600000.0,1.8604651162790697,24136000000.0,30100000
1,1,1,3700000,10,424,25100000.0,1850000.0,1.992063492063492,10642400000.0,12600000
0,1,0,2600000,14,678,10800000.0,2600000.0,2.1176470588235294,7322400000.0,5100000
4,1,0,4200000,6,381,34100000.0,840000.0,2.0297619047619047,12992100000.0,16800000
5,1,1,8000000,10,449,41300000.0,1333333.3333333333,1.475,18543700000.0,28000000
1,0,0,7100000,12,768,48200000.0,3550000.0,2.051063829787234,37017600000.0,23500000
0,0,0,2000000,6,666,6900000.0,2000000.0,0.9857142857142858,4595400000.0,7000000
4,0,1,5800000,14,742,48700000.0,1160000.0,3.661654135338346,36135400000.0,13300000
3,0,1,6700000,4,445,41300000.0,1675000.0,2.6139240506329116,18378500000.0,15800000
2,1,0,7300000,14,634,41700000.0,2433333.3333333335,1.4529616724738676,26437800000.0,28700000
4,0,0,3300000,14,782,15100000.0,660000.0,1.556701030927835,11808200000.0,9700000
0,1,0,3000000,10,781,22200000.0,3000000.0,3.1714285714285713,17338200000.0,7000000
4,0,0,7900000,14,318,55900000.0,1580000.0,3.25,17776200000.0,17200000
5,0,0,7600000,18,721,63500000.0,1266666.6666666667,2.6348547717842323,45783500000.0,24100000
5,0,0,3700000,4,563,28800000.0,616666.6666666666,2.938775510204082,16214400000.0,9800000
2,0,0,8400000,4,419,66200000.0,2800000.0,2.517110266159696,27737800000.0,26300000
0,1,1,8200000,14,372,35200000.0,8200000.0,1.6923076923076923,13094400000.0,20800000
0,0,0,2900000,18,885,16600000.0,2900000.0,1.7473684210526317,14691000000.0,9500000
1,0,1,9900000,12,596,62600000.0,4950000.0,1.6302083333333333,37309600000.0,38400000
0,1,0,4400000,2,349,19600000.0,4400000.0,1.3900709219858156,6840400000.0,14100000
1,0,1,9000000,16,468,60400000.0,4500000.0,1.875776397515528,28267200000.0,32200000
3,0,1,6800000,16,818,58700000.0,1700000.0,2.1821561338289963,48016600000.0,26900000
2,0,0,8700000,12,543,52500000.0,2900000.0,1.875,28507500000.0,28000000
3,1,0,9400000,16,685,53200000.0,2350000.0,2.4292237442922375,36442000000.0,21900000
3,0,1,6000000,18,851,41400000.0,1500000.0,3.312,35231400000.0,12500000
1,0,1,9400000,10,377,85200000.0,4700000.0,2.859060402684564,32120400000.0,29800000
0,0,1,1000000,10,620,8500000.0,1000000.0,2.125,5270000000.0,4000000
3,1,1,900000,20,611,4500000.0,225000.0,1.9565217391304348,2749500000.0,2300000
4,0,0,2100000,4,767,11100000.0,420000.0,1.4415584415584415,8513700000.0,7700000
5,1,1,1100000,20,592,7900000.0,183333.33333333334,2.46875,4676800000.0,3200000
0,1,1,600000,4,319,5400000.0,600000.0,2.347826086956522,1722600000.0,2300000
4,0,1,9200000,10,900,60100000.0,1840000.0,2.3568627450980393,54090000000.0,25500000
2,0,1,3600000,18,814,27100000.0,1200000.0,2.1171875,22059400000.0,12800000
5,0,1,1300000,10,755,11000000.0,216666.66666666666,2.2,8305000000.0,5000000
5,1,1,7700000,20,584,44800000.0,1283333.3333333333,2.6666666666666665,26163200000.0,16800000
4,1,1,9500000,14,380,62000000.0,1900000.0,2.6382978723404253,23560000000.0,23500000
2,0,1,5000000,20,465,33100000.0,1666666.6666666667,1.8806818181818181,15391500000.0,17600000
0,0,0,500000,2,531,4400000.0,500000.0,2.4444444444444446,2336400000.0,1800000
1,1,1,8300000,16,814,57600000.0,4150000.0,1.794392523364486,46886400000.0,32100000
0,1,0,5300000,6,678,26600000.0,5300000.0,1.4860335195530727,18034800000.0,17900000
2,0,1,9300000,12,655,49500000.0,3100000.0,1.706896551724138,32422500000.0,29000000
3,0,0,2300000,2,682,18600000.0,575000.0,2.5135135135135136,12685200000.0,7400000
1,0,0,400000,6,695,1600000.0,200000.0,1.2307692307692308,1112000000.0,1300000
3,0,0,3200000,4,833,14900000.0,800000.0,1.3796296296296295,12411700000.0,10800000
5,0,1,9400000,16,302,66500000.0,1566666.6666666667,1.8838526912181304,20083000000.0,35300000
1,1,0,2300000,2,357,14300000.0,1150000.0,2.1666666666666665,5105100000.0,6600000
5,0,0,4300000,12,302,34400000.0,716666.6666666666,2.372413793103448,10388800000.0,14500000
0,1,1,6200000,18,873,46300000.0,6200000.0,2.0669642857142856,40419900000.0,22400000
0,0,1,7200000,12,658,53100000.0,7200000.0,2.6818181818181817,34939800000.0,19800000
5,1,1,2400000,18,877,13900000.0,400000.0,1.5977011494252873,12190300000.0,8700000
3,0,0,2900000,8,648,15800000.0,725000.0,2.507936507936508,10238400000.0,6300000
1,1,0,1400000,12,730,7300000.0,700000.0,1.4038461538461537,5329000000.0,5200000
4,0,1,2200000,14,737,18200000.0,440000.0,2.2195121951219514,13413400000.0,8200000
2,1,1,800000,10,584,3000000.0,266666.6666666667,0.9375,1752000000.0,3200000
0,1,0,600000,2,621,3000000.0,600000.0,1.7647058823529411,1863000000.0,1700000
4,1,1,700000,16,583,4000000.0,140000.0,1.4814814814814814,2332000000.0,2700000
2,0,0,8400000,16,621,59700000.0,2800000.0,2.305019305019305,37073700000.0,25900000
2,0,0,7100000,16,610,41400000.0,2366666.6666666665,1.9255813953488372,25254000000.0,21500000
4,1,0,5400000,18,452,39400000.0,1080000.0,2.5095541401273884,17808800000.0,15700000
5,1,0,3700000,18,339,28600000.0,616666.6666666666,3.9178082191780823,9695400000.0,7300000
3,1,1,5200000,16,650,24600000.0,1300000.0,1.618421052631579,15990000000.0,15200000
4,0,1,200000,10,672,1000000.0,40000.0,1.4285714285714286,672000000.0,700000
3,1,0,500000,20,501,2700000.0,125000.0,2.7,1352700000.0,1000000
2,0,1,1800000,4,809,11800000.0,600000.0,2.0701754385964914,9546200000.0,5700000
5,1,1,9200000,8,318,63100000.0,1533333.3333333333,2.1462585034013606,20065800000.0,29400000
4,0,0,900000,10,649,3400000.0,180000.0,1.0303030303030303,2206600000.0,3300000
3,0,0,7500000,12,367,50200000.0,1875000.0,1.773851590106007,18423400000.0,28300000
5,0,0,3000000,6,847,19800000.0,500000.0,1.6779661016949152,16770600000.0,11800000
5,1,0,7100000,12,360,40100000.0,1183333.3333333333,2.121693121693122,14436000000.0,18900000
1,1,1,3500000,2,865,23400000.0,1750000.0,3.25,20241000000.0,7200000
4,0,0,4900000,16,880,24700000.0,980000.0,1.3138297872340425,21736000000.0,18800000
1,1,0,4100000,20,608,23800000.0,2050000.0,2.8333333333333335,14470400000.0,8400000
0,1,1,800000,6,760,2600000.0,800000.0,1.2380952380952381,1976000000.0,2100000
3,1,1,1700000,12,385,9700000.0,425000.0,2.108695652173913,3734500000.0,4600000
0,1,1,6100000,12,478,28700000.0,6100000.0,1.2317596566523605,13718600000.0,23300000
1,1,1,2100000,16,327,12500000.0,1050000.0,1.6233766233766234,4087500000.0,7700000
0,1,0,3100000,6,663,14600000.0,3100000.0,1.5698924731182795,9679800000.0,9300000
2,0,1,1700000,20,693,10100000.0,566666.6666666666,2.8857142857142857,6999300000.0,3500000
3,1,0,1700000,6,710,13000000.0,425000.0,2.4074074074074074,9230000000.0,5400000
4,0,1,4000000,6,711,23100000.0,800000.0,1.5931034482758621,16424100000.0,14500000
5,1,0,5600000,8,386,34900000.0,933333.3333333334,1.8967391304347827,13471400000.0,18400000
4,1,1,3900000,10,855,27200000.0,780000.0,2.2857142857142856,23256000000.0,11900000
4,1,1,6100000,14,573,32700000.0,1220000.0,2.1372549019607843,18737100000.0,15300000
0,1,1,1100000,18,431,6500000.0,1100000.0,2.3214285714285716,2801500000.0,2800000
2,1,0,5500000,8,364,34600000.0,1833333.3333333333,2.3378378378378377,12594400000.0,14800000
4,1,1,1100000,14,711,7200000.0,220000.0,2.0,5119200000.0,3600000
4,0,1,400000,20,771,3600000.0,80000.0,4.0,2775600000.0,900000
3,1,0,9200000,18,669,59000000.0,2300000.0,1.620879120879121,39471000000.0,36400000
4,0,1,9300000,18,338,63500000.0,1860000.0,2.309090909090909,21463000000.0,27500000
1,1,0,1100000,8,562,7200000.0,550000.0,2.057142857142857,4046400000.0,3500000
3,0,0,5600000,2,769,38300000.0,1400000.0,2.0481283422459895,29452700000.0,18700000
0,1,1,6300000,8,629,31200000.0,6300000.0,1.4511627906976745,19624800000.0,21500000
3,1,0,8800000,6,699,36400000.0,2200000.0,2.0110497237569063,25443600000.0,18100000
0,0,0,8400000,20,590,56900000.0,8400000.0,2.735576923076923,33571000000.0,20800000
3,1,1,1600000,4,707,14500000.0,400000.0,2.543859649122807,10251500000.0,5700000
3,0,1,4500000,8,391,29700000.0,1125000.0,2.6052631578947367,11612700000.0,11400000
5,0,0,6500000,4,891,47600000.0,1083333.3333333333,2.572972972972973,42411600000.0,18500000
3,1,1,9500000,2,731,47100000.0,2375000.0,2.2864077669902914,34430100000.0,20600000
3,0,0,4700000,12,775,26500000.0,1175000.0,1.5868263473053892,20537500000.0,16700000
5,1,1,9600000,2,897,51900000.0,1600000.0,1.6018518518518519,46554300000.0,32400000
5,1,0,8000000,20,794,60400000.0,1333333.3333333333,2.262172284644195,47957600000.0,26700000
2,1,0,7700000,6,555,42400000.0,2566666.6666666665,2.538922155688623,23532000000.0,16700000
1,0,1,3600000,12,536,22200000.0,1800000.0,2.1553398058252426,11899200000.0,10300000
2,0,0,700000,10,839,3700000.0,233333.33333333334,2.176470588235294,3104300000.0,1700000
0,1,1,1400000,6,890,13100000.0,1400000.0,2.5686274509803924,11659000000.0,5100000
1,1,1,8600000,20,415,62000000.0,4300000.0,2.2222222222222223,25730000000.0,27900000
4,1,0,4700000,4,868,24400000.0,940000.0,1.5541401273885351,21179200000.0,15700000
3,1,1,2900000,12,353,24200000.0,725000.0,4.172413793103448,8542600000.0,5800000
4,0,0,9000000,16,590,61700000.0,1800000.0,2.127586206896552,36403000000.0,29000000
5,1,1,500000,18,618,3600000.0,83333.33333333333,4.0,2224800000.0,900000
2,0,1,700000,10,539,5200000.0,233333.33333333334,3.0588235294117645,2802800000.0,1700000
0,1,0,6800000,4,429,55500000.0,6800000.0,2.0555555555555554,23809500000.0,27000000
2,1,0,1800000,8,792,12000000.0,600000.0,2.5531914893617023,9504000000.0,4700000
0,0,0,6000000,2,608,29800000.0,6000000.0,2.403225806451613,18118400000.0,12400000
4,1,1,5400000,14,555,27600000.0,1080000.0,1.283720930232558,15318000000.0,21500000
5,1,1,8400000,12,620,60700000.0,1400000.0,3.4685714285714284,37634000000.0,17500000
0,1,0,7400000,6,635,57800000.0,7400000.0,2.7655502392344498,36703000000.0,20900000
2,1,0,3200000,10,457,20600000.0,1066666.6666666667,1.648,9414200000.0,12500000
1,1,1,5400000,8,350,30100000.0,2700000.0,1.4065420560747663,10535000000.0,21400000
5,1,1,1000000,14,885,5700000.0,166666.66666666666,2.28,5044500000.0,2500000
0,1,0,4400000,16,638,23800000.0,4400000.0,1.619047619047619,15184400000.0,14700000
1,1,1,3800000,12,710,23000000.0,1900000.0,2.1904761904761907,16330000000.0,10500000
3,0,1,6100000,18,470,34500000.0,1525000.0,1.6507177033492824,16215000000.0,20900000
5,0,1,5500000,16,874,25500000.0,916666.6666666666,1.4739884393063585,22287000000.0,17300000
5,0,1,500000,18,411,3000000.0,83333.33333333333,1.6666666666666667,1233000000.0,1800000
0,0,1,300000,2,482,1800000.0,300000.0,1.6363636363636365,867600000.0,1100000
1,1,1,6200000,2,396,49400000.0,3100000.0,2.923076923076923,19562400000.0,16900000
0,0,0,300000,20,436,1200000.0,300000.0,1.3333333333333333,523200000.0,900000
0,0,1,6900000,20,303,47100000.0,6900000.0,2.1312217194570136,14271300000.0,22100000
4,1,0,3700000,12,728,19600000.0,740000.0,1.719298245614035,14268800000.0,11400000
3,0,1,8800000,10,775,51800000.0,2200000.0,1.8111888111888113,40145000000.0,28600000
5,1,1,8200000,12,402,46700000.0,1366666.6666666667,1.9872340425531916,18773400000.0,23500000
1,0,1,9200000,18,698,40100000.0,4600000.0,1.273015873015873,27989800000.0,31500000
0,0,0,2400000,14,665,17200000.0,2400000.0,2.2051282051282053,11438000000.0,7800000
4,0,0,4100000,18,490,26800000.0,820000.0,1.9851851851851852,13132000000.0,13500000
1,1,0,8000000,12,504,53400000.0,4000000.0,1.6739811912225706,26913600000.0,31900000
3,0,1,3600000,8,790,26300000.0,900000.0,3.058139534883721,20777000000.0,8600000
1,0,1,700000,20,669,4200000.0,350000.0,1.5555555555555556,2809800000.0,2700000
4,0,0,8300000,6,381,55300000.0,1660000.0,1.8013029315960911,21069300000.0,30700000
0,1,1,5300000,2,900,30600000.0,5300000.0,2.04,27540000000.0,15000000
4,1,0,8300000,16,506,54700000.0,1660000.0,2.1967871485943773,27678200000.0,24900000
3,0,1,2500000,12,538,19100000.0,625000.0,2.1704545454545454,10275800000.0,8800000
3,1,1,5400000,8,677,42800000.0,1350000.0,2.9722222222222223,28975600000.0,14400000
4,1,0,1600000,8,685,10500000.0,320000.0,2.142857142857143,7192500000.0,4900000
2,0,0,2400000,12,860,19200000.0,800000.0,3.096774193548387,16512000000.0,6200000
5,0,0,6300000,6,608,53800000.0,1050000.0,3.635135135135135,32710400000.0,14800000
4,1,1,2500000,10,540,13900000.0,500000.0,2.6226415094339623,7506000000.0,5300000
0,1,1,7500000,16,492,62800000.0,7500000.0,3.738095238095238,30897600000.0,16800000
3,0,0,2900000,14,834,16300000.0,725000.0,1.9176470588235295,13594200000.0,8500000
3,1,1,1000000,16,834,6200000.0,250000.0,1.7714285714285714,5170800000.0,3500000
2,1,1,8600000,8,890,57600000.0,2866666.6666666665,2.0,51264000000.0,28800000
1,0,0,300000,12,443,2400000.0,150000.0,2.1818181818181817,1063200000.0,1100000
5,0,0,2300000,18,329,16500000.0,383333.3333333333,2.8947368421052633,5428500000.0,5700000
2,0,1,2400000,12,739,10800000.0,800000.0,2.0,7981200000.0,5400000
5,1,1,9800000,6,867,74600000.0,1633333.3333333333,2.462046204620462,64678200000.0,30300000
2,0,0,8100000,6,307,45800000.0,2700000.0,1.846774193548387,14060600000.0,24800000
3,1,0,6700000,18,492,39800000.0,1675000.0,2.567741935483871,19581600000.0,15500000
1,0,1,8400000,18,698,81100000.0,4200000.0,3.283400809716599,56607800000.0,24700000
2,1,0,200000,8,851,1600000.0,66666.66666666667,2.2857142857142856,1361600000.0,700000
2,1,0,4700000,14,375,23100000.0,1566666.6666666667,1.848,8662500000.0,12500000
0,1,1,4300000,14,601,27100000.0,4300000.0,1.8951048951048952,16287100000.0,14300000
4,0,0,2200000,20,756,14400000.0,440000.0,2.057142857142857,10886400000.0,7000000
4,1,1,8600000,4,868,64000000.0,1720000.0,3.3333333333333335,55552000000.0,19200000
4,1,1,2000000,10,838,11400000.0,400000.0,1.5833333333333333,9553200000.0,7200000
4,0,1,4200000,14,375,34300000.0,840000.0,2.157232704402516,12862500000.0,15900000
0,0,1,5100000,18,778,22300000.0,5100000.0,1.784,17349400000.0,12500000
2,1,1,4100000,6,442,30800000.0,1366666.6666666667,2.75,13613600000.0,11200000
1,1,1,9900000,12,808,59200000.0,4950000.0,1.4987341772151899,47833600000.0,39500000
1,0,1,3200000,20,372,16500000.0,1600000.0,1.8333333333333333,6138000000.0,9000000
2,1,0,5500000,4,597,29100000.0,1833333.3333333333,1.5315789473684212,17372700000.0,19000000
0,1,1,7800000,20,435,61100000.0,7800000.0,2.0996563573883162,26578500000.0,29100000
3,1,1,3400000,20,728,12700000.0,850000.0,1.309278350515464,9245600000.0,9700000
4,1,1,7900000,14,373,60500000.0,1580000.0,2.335907335907336,22566500000.0,25900000
3,1,1,8900000,10,367,48400000.0,2225000.0,2.616216216216216,17762800000.0,18500000
2,1,0,7300000,14,552,36200000.0,2433333.3333333335,1.8952879581151831,19982400000.0,19100000
4,0,1,3300000,8,465,15000000.0,660000.0,1.4150943396226414,6975000000.0,10600000
4,1,1,2900000,8,607,21300000.0,580000.0,2.0285714285714285,12929100000.0,10500000
2,1,1,500000,4,427,4300000.0,166666.66666666666,3.3076923076923075,1836100000.0,1300000
3,0,0,7200000,4,711,45600000.0,1800000.0,2.150943396226415,32421600000.0,21200000
3,0,0,8300000,14,823,38300000.0,2075000.0,1.5892116182572613,31520900000.0,24100000
1,0,1,8700000,6,523,54300000.0,4350000.0,2.648780487804878,28398900000.0,20500000
4,0,1,7100000,10,328,56600000.0,1420000.0,2.028673835125448,18564800000.0,27900000
3,1,1,9800000,12,721,53800000.0,2450000.0,1.9078014184397163,38789800000.0,28200000
0,1,1,6900000,20,599,58400000.0,6900000.0,3.4352941176470586,34981600000.0,17000000
0,0,0,2400000,14,580,19000000.0,2400000.0,3.8,11020000000.0,5000000
1,0,1,2100000,10,744,8600000.0,1050000.0,1.7551020408163265,6398400000.0,4900000
2,1,1,7200000,4,559,45000000.0,2400000.0,1.8828451882845187,25155000000.0,23900000
2,1,0,4600000,16,587,29200000.0,1533333.3333333333,2.162962962962963,17140400000.0,13500000
5,1,1,9900000,18,817,68200000.0,1650000.0,2.1446540880503147,55719400000.0,31800000
4,0,1,300000,20,655,1600000.0,60000.0,1.6,1048000000.0,1000000
5,1,1,6900000,6,382,54400000.0,1150000.0,2.276150627615063,20780800000.0,23900000
2,1,1,1700000,6,765,10800000.0,566666.6666666666,2.511627906976744,8262000000.0,4300000
2,1,1,4400000,20,516,32300000.0,1466666.6666666667,3.23,16666800000.0,10000000
4,0,1,4300000,8,383,18700000.0,860000.0,1.2466666666666666,7162100000.0,15000000
2,0,0,3700000,6,633,15700000.0,1233333.3333333333,1.1134751773049645,9938100000.0,14100000
1,1,0,5900000,2,547,37400000.0,2950000.0,2.460526315789474,20457800000.0,15200000
5,0,1,8600000,10,843,62500000.0,1433333.3333333333,2.376425855513308,52687500000.0,26300000
3,0,1,3400000,8,783,24700000.0,850000.0,1.871212121212121,19340100000.0,13200000
3,0,1,1000000,14,790,6700000.0,250000.0,2.09375,5293000000.0,3200000
1,0,1,4400000,16,409,31100000.0,2200000.0,2.1901408450704225,12719900000.0,14200000
0,0,0,3600000,14,376,31600000.0,3600000.0,4.051282051282051,11881600000.0,7800000
3,0,0,1400000,8,625,9300000.0,350000.0,3.4444444444444446,5812500000.0,2700000
0,0,0,5300000,18,707,35800000.0,5300000.0,3.2844036697247705,25310600000.0,10900000
3,1,1,9400000,6,645,65100000.0,2350000.0,3.175609756097561,41989500000.0,20500000
4,0,1,6600000,6,887,31600000.0,1320000.0,1.4298642533936652,28029200000.0,22100000
5,1,0,9800000,18,319,49300000.0,1633333.3333333333,1.3111702127659575,15726700000.0,37600000
1,0,0,1900000,20,647,14700000.0,950000.0,3.0,9510900000.0,4900000
2,0,1,5800000,6,888,36400000.0,1933333.3333333333,1.6177777777777778,32323200000.0,22500000
2,0,0,3100000,10,420,26300000.0,1033333.3333333334,2.5288461538461537,11046000000.0,10400000
0,1,0,6800000,2,791,35000000.0,6800000.0,1.9021739130434783,27685000000.0,18400000
5,0,0,4600000,12,891,21600000.0,766666.6666666666,1.3333333333333333,19245600000.0,16200000
2,0,1,200000,16,641,1500000.0,66666.66666666667,2.142857142857143,961500000.0,700000
3,0,1,9500000,6,319,62500000.0,2375000.0,2.741228070175439,19937500000.0,22800000
5,0,1,6200000,20,819,50500000.0,1033333.3333333334,2.274774774774775,41359500000.0,22200000
4,0,1,9700000,18,387,51300000.0,1940000.0,1.588235294117647,19853100000.0,32300000
5,1,1,4200000,2,686,30500000.0,700000.0,2.4796747967479673,20923000000.0,12300000
1,1,1,5700000,4,415,41300000.0,2850000.0,3.441666666666667,17139500000.0,12000000
2,1,1,200000,6,885,6200000.0,66666.66666666667,12.4,5487000000.0,500000
4,1,0,8000000,4,722,62200000.0,1600000.0,2.43921568627451,44908400000.0,25500000
4,1,0,5200000,20,761,26800000.0,1040000.0,1.3137254901960784,20394800000.0,20400000
1,1,1,7100000,8,389,37000000.0,3550000.0,2.4342105263157894,14393000000.0,15200000
1,1,1,9300000,12,600,41900000.0,4650000.0,1.5017921146953406,25140000000.0,27900000
5,1,0,2000000,2,407,10400000.0,333333.3333333333,1.7049180327868851,4232800000.0,6100000
3,1,1,3900000,18,829,23500000.0,975000.0,1.6785714285714286,19481500000.0,14000000
2,0,0,2800000,6,895,17300000.0,933333.3333333334,2.9322033898305087,15483500000.0,5900000
5,1,1,3000000,12,441,20300000.0,500000.0,1.8288288288288288,8952300000.0,11100000
4,0,0,4500000,16,895,37400000.0,900000.0,3.816326530612245,33473000000.0,9800000
4,1,0,1900000,4,826,10300000.0,380000.0,2.395348837209302,8507800000.0,4300000
1,1,0,2300000,8,453,16600000.0,1150000.0,2.3055555555555554,7519800000.0,7200000
0,1,0,4700000,2,701,26400000.0,4700000.0,1.5085714285714287,18506400000.0,17500000
2,0,1,1300000,8,627,4300000.0,433333.3333333333,1.5925925925925926,2696100000.0,2700000
3,1,0,3100000,2,543,19500000.0,775000.0,1.7727272727272727,10588500000.0,11000000
0,1,0,8400000,18,411,60200000.0,8400000.0,3.44,24742200000.0,17500000
5,1,1,1700000,4,583,12100000.0,283333.3333333333,2.086206896551724,7054300000.0,5800000
2,0,0,1900000,2,889,11400000.0,633333.3333333334,1.52,10134600000.0,7500000
3,0,0,2400000,8,684,13600000.0,600000.0,1.5813953488372092,9302400000.0,8600000
5,1,0,6800000,10,578,42900000.0,1133333.3333333333,2.0926829268292684,24796200000.0,20500000
1,1,0,2900000,20,445,21300000.0,1450000.0,1.9541284403669725,9478500000.0,10900000
4,1,1,8900000,10,369,70400000.0,1780000.0,2.67680608365019,25977600000.0,26300000
1,0,0,8800000,18,794,51800000.0,4400000.0,2.3333333333333335,41129200000.0,22200000
0,1,1,8200000,16,492,52900000.0,8200000.0,2.7552083333333335,26026800000.0,19200000
3,0,1,3600000,16,557,25800000.0,900000.0,1.9545454545454546,14370600000.0,13200000
4,1,1,9500000,6,519,47800000.0,1900000.0,1.5031446540880504,24808200000.0,31800000
0,0,1,1900000,18,699,14200000.0,1900000.0,2.491228070175439,9925800000.0,5700000
3,0,1,9100000,2,741,61100000.0,2275000.0,2.483739837398374,45275100000.0,24600000
5,1,0,1100000,18,508,5200000.0,183333.33333333334,1.368421052631579,2641600000.0,3800000
5,0,1,1100000,10,647,10400000.0,183333.33333333334,3.7142857142857144,6728800000.0,2800000
1,1,0,9300000,14,656,66300000.0,4650000.0,2.3181818181818183,43492800000.0,28600000
4,1,1,3900000,2,439,25200000.0,780000.0,2.3773584905660377,11062800000.0,10600000
5,0,1,1500000,12,350,10400000.0,250000.0,2.6,3640000000.0,4000000
5,1,0,800000,6,493,5200000.0,133333.33333333334,2.3636363636363638,2563600000.0,2200000
4,1,0,600000,6,851,4100000.0,120000.0,2.2777777777777777,3489100000.0,1800000
2,1,0,4400000,18,492,21900000.0,1466666.6666666667,1.752,10774800000.0,12500000
4,1,1,2700000,6,861,18100000.0,540000.0,3.3518518518518516,15584100000.0,5400000
3,0,1,6200000,2,664,50100000.0,1550000.0,3.4315068493150687,33266400000.0,14600000
5,1,1,700000,16,362,6400000.0,116666.66666666667,4.923076923076923,2316800000.0,1300000
0,1,0,3400000,6,703,17800000.0,3400000.0,1.8936170212765957,12513400000.0,9400000
1,0,1,4900000,12,758,21400000.0,2450000.0,1.2738095238095237,16221200000.0,16800000
3,0,1,4200000,2,396,21800000.0,1050000.0,2.247422680412371,8632800000.0,9700000
0,1,1,5300000,2,828,38000000.0,5300000.0,3.5849056603773586,31464000000.0,10600000
5,1,1,3700000,20,709,23000000.0,616666.6666666666,2.3,16307000000.0,10000000
4,0,1,5600000,10,528,35800000.0,1120000.0,2.045714285714286,18902400000.0,17500000
2,1,1,4300000,14,623,38000000.0,1433333.3333333333,2.375,23674000000.0,16000000
4,0,1,7100000,14,599,43300000.0,1420000.0,1.7673469387755103,25936700000.0,24500000
4,1,1,5400000,4,622,35900000.0,1080000.0,2.826771653543307,22329800000.0,12700000
0,0,0,6000000,6,385,53600000.0,6000000.0,4.091603053435114,20636000000.0,13100000
4,1,1,4100000,2,579,32300000.0,820000.0,2.584,18701700000.0,12500000
4,0,0,8300000,20,846,53000000.0,1660000.0,2.9608938547486034,44838000000.0,17900000
3,1,0,8100000,10,449,50400000.0,2025000.0,2.1087866108786613,22629600000.0,23900000
1,0,0,7200000,14,666,37600000.0,3600000.0,1.5100401606425702,25041600000.0,24900000
5,1,0,7200000,4,380,26400000.0,1200000.0,1.5085714285714287,10032000000.0,17500000
2,1,1,3500000,4,589,25700000.0,1166666.6666666667,3.1728395061728394,15137300000.0,8100000
1,1,0,6200000,12,845,31300000.0,3100000.0,1.6051282051282052,26448500000.0,19500000
3,0,0,5200000,10,401,23100000.0,1300000.0,1.3352601156069364,9263100000.0,17300000
0,0,0,4500000,2,766,38300000.0,4500000.0,2.6413793103448278,29337800000.0,14500000
5,0,0,5400000,12,522,29500000.0,900000.0,1.9536423841059603,15399000000.0,15100000
3,0,1,2000000,6,834,14400000.0,500000.0,2.0869565217391304,12009600000.0,6900000
3,1,0,8900000,8,588,54800000.0,2225000.0,2.15748031496063,32222400000.0,25400000
2,1,0,5000000,4,570,34700000.0,1666666.6666666667,3.2735849056603774,19779000000.0,10600000
2,1,0,4900000,6,860,39400000.0,1633333.3333333333,2.2386363636363638,33884000000.0,17600000
4,1,1,5300000,4,655,42800000.0,1060000.0,2.2291666666666665,28034000000.0,19200000
3,0,1,8500000,4,457,28100000.0,2125000.0,1.0144404332129964,12841700000.0,27700000
5,1,1,700000,14,863,4600000.0,116666.66666666667,2.1904761904761907,3969800000.0,2100000
3,0,1,5900000,4,742,46500000.0,1475000.0,2.4603174603174605,34503000000.0,18900000
3,1,0,3500000,4,798,28400000.0,875000.0,2.1353383458646618,22663200000.0,13300000
5,0,1,7700000,16,552,52200000.0,1283333.3333333333,2.761904761904762,28814400000.0,18900000
2,0,1,4500000,12,418,21400000.0,1500000.0,1.712,8945200000.0,12500000
0,1,0,9100000,6,419,36000000.0,9100000.0,1.6216216216216217,15084000000.0,22200000
1,0,1,9000000,2,668,58400000.0,4500000.0,1.9531772575250836,39011200000.0,29900000
2,0,0,8900000,8,608,61200000.0,2966666.6666666665,2.095890410958904,37209600000.0,29200000
5,0,0,6500000,10,342,39300000.0,1083333.3333333333,2.847826086956522,13440600000.0,13800000
4,0,1,8100000,8,817,36900000.0,1620000.0,2.05,30147300000.0,18000000
1,0,0,8400000,16,476,58700000.0,4200000.0,1.9632107023411371,27941200000.0,29900000
0,0,0,5300000,6,881,43100000.0,5300000.0,2.155,37971100000.0,20000000
2,1,0,4100000,12,838,28100000.0,1366666.6666666667,1.8012820512820513,23547800000.0,15600000
3,0,0,6900000,4,406,45900000.0,1725000.0,1.6751824817518248,18635400000.0,27400000
1,1,1,5200000,12,778,35200000.0,2600000.0,1.8051282051282052,27385600000.0,19500000
5,0,1,2000000,14,799,12700000.0,333333.3333333333,1.7162162162162162,10147300000.0,7400000
3,1,0,4600000,20,716,30500000.0,1150000.0,1.7134831460674158,21838000000.0,17800000
0,1,1,7100000,16,756,36000000.0,7100000.0,1.791044776119403,27216000000.0,20100000
0,0,0,9300000,10,743,42100000.0,9300000.0,2.0945273631840795,31280300000.0,20100000
3,0,0,5400000,20,731,41300000.0,1350000.0,2.1288659793814433,30190300000.0,19400000
3,0,0,4100000,2,833,31600000.0,1025000.0,3.7176470588235295,26322800000.0,8500000
4,0,0,4900000,8,470,39000000.0,980000.0,3.4210526315789473,18330000000.0,11400000
5,1,1,5400000,20,734,28100000.0,900000.0,1.3254716981132075,20625400000.0,21200000
0,1,0,3000000,12,620,20100000.0,3000000.0,2.09375,12462000000.0,9600000
0,0,1,6800000,8,812,47200000.0,6800000.0,3.2777777777777777,38326400000.0,14400000
4,1,1,5100000,12,459,27000000.0,1020000.0,1.9285714285714286,12393000000.0,14000000
0,1,1,9800000,10,704,54000000.0,9800000.0,1.656441717791411,38016000000.0,32600000
1,1,1,1600000,6,391,12100000.0,800000.0,2.951219512195122,4731100000.0,4100000
4,1,0,8000000,4,421,50900000.0,1600000.0,1.7491408934707904,21428900000.0,29100000
5,1,0,2900000,14,796,21400000.0,483333.3333333333,3.1940298507462686,17034400000.0,6700000
4,1,0,9200000,10,607,79100000.0,1840000.0,2.6105610561056105,48013700000.0,30300000
3,0,0,9500000,14,376,43200000.0,2375000.0,2.1176470588235294,16243200000.0,20400000
0,1,1,3700000,8,424,26400000.0,3700000.0,3.1058823529411765,11193600000.0,8500000
5,1,1,7100000,6,442,45300000.0,1183333.3333333333,2.1778846153846154,20022600000.0,20800000
5,0,0,5600000,14,448,35900000.0,933333.3333333334,2.039772727272727,16083200000.0,17600000
0,1,1,1200000,2,638,6200000.0,1200000.0,2.2962962962962963,3955600000.0,2700000
3,0,0,1600000,6,710,11500000.0,400000.0,2.0535714285714284,8165000000.0,5600000
4,0,1,1600000,20,641,10700000.0,320000.0,2.2291666666666665,6858700000.0,4800000
2,0,0,5300000,10,348,42100000.0,1766666.6666666667,2.0841584158415842,14650800000.0,20200000
5,0,0,9100000,20,519,65100000.0,1516666.6666666667,3.271356783919598,33786900000.0,19900000
4,0,1,9400000,10,517,60000000.0,1880000.0,1.7142857142857142,31020000000.0,35000000
3,0,0,5900000,6,375,39900000.0,1475000.0,1.78125,14962500000.0,22400000
2,1,1,1100000,10,426,6400000.0,366666.6666666667,1.8823529411764706,2726400000.0,3400000
4,1,1,3100000,14,785,19600000.0,620000.0,1.7043478260869565,15386000000.0,11500000
4,0,0,2200000,20,373,12700000.0,440000.0,1.4767441860465116,4737100000.0,8600000
1,1,0,6000000,6,476,44600000.0,3000000.0,2.218905472636816,21229600000.0,20100000
1,1,1,2000000,18,320,11400000.0,1000000.0,2.0357142857142856,3648000000.0,5600000
4,1,0,7200000,18,657,41200000.0,1440000.0,1.7991266375545851,27068400000.0,22900000
1,0,1,500000,12,868,2800000.0,250000.0,1.4736842105263157,2430400000.0,1900000
1,0,1,5800000,6,345,39700000.0,2900000.0,2.856115107913669,13696500000.0,13900000
0,0,0,200000,6,472,1200000.0,200000.0,4.0,566400000.0,300000
4,0,1,4600000,20,613,27800000.0,920000.0,2.9263157894736844,17041400000.0,9500000
5,0,1,4600000,14,769,37300000.0,766666.6666666666,2.9140625,28683700000.0,12800000
1,1,0,6500000,20,741,53500000.0,3250000.0,2.316017316017316,39643500000.0,23100000
4,0,1,4400000,14,889,23000000.0,880000.0,1.3855421686746987,20447000000.0,16600000
0,0,1,900000,10,683,6000000.0,900000.0,1.6666666666666667,4098000000.0,3600000
0,0,1,3200000,18,780,18600000.0,3200000.0,2.5135135135135136,14508000000.0,7400000
3,1,0,600000,8,538,3000000.0,150000.0,2.727272727272727,1614000000.0,1100000
1,0,0,5200000,10,721,27300000.0,2600000.0,2.1666666666666665,19683300000.0,12600000
3,0,1,6400000,14,467,46200000.0,1600000.0,3.039473684210526,21575400000.0,15200000
2,0,0,1000000,6,551,6500000.0,333333.3333333333,2.6,3581500000.0,2500000
2,0,0,6800000,14,803,40800000.0,2266666.6666666665,2.7567567567567566,32762400000.0,14800000
0,1,0,3000000,10,361,17000000.0,3000000.0,2.0238095238095237,6137000000.0,8400000
1,0,1,8700000,6,708,62000000.0,4350000.0,2.019543973941368,43896000000.0,30700000
4,1,1,8800000,18,766,76500000.0,1760000.0,3.660287081339713,58599000000.0,20900000
1,0,1,3900000,2,464,32500000.0,1950000.0,2.8260869565217392,15080000000.0,11500000
5,1,0,1700000,2,517,8100000.0,283333.3333333333,1.8837209302325582,4187700000.0,4300000
3,0,1,900000,6,747,4900000.0,225000.0,2.130434782608696,3660300000.0,2300000
1,0,0,7200000,6,596,37700000.0,3600000.0,1.5263157894736843,22469200000.0,24700000
0,1,0,9200000,2,783,59400000.0,9200000.0,2.338582677165354,46510200000.0,25400000
3,0,0,5700000,2,335,45700000.0,1425000.0,2.3556701030927836,15309500000.0,19400000
5,0,1,1100000,4,889,5600000.0,183333.33333333334,2.074074074074074,4978400000.0,2700000
2,0,1,1100000,4,874,6200000.0,366666.6666666667,2.8181818181818183,5418800000.0,2200000
0,1,1,6000000,4,394,38900000.0,6000000.0,1.6276150627615062,15326600000.0,23900000
2,1,1,8100000,20,420,44700000.0,2700000.0,1.568421052631579,18774000000.0,28500000
2,0,1,6500000,20,848,41900000.0,2166666.6666666665,1.6693227091633467,35531200000.0,25100000
0,1,1,7600000,16,788,42500000.0,7600000.0,2.374301675977654,33490000000.0,17900000
1,1,0,2200000,8,509,12100000.0,1100000.0,2.4693877551020407,6158900000.0,4900000
4,1,1,6300000,6,899,44400000.0,1260000.0,1.8577405857740585,39915600000.0,23900000
4,0,1,6700000,12,466,38600000.0,1340000.0,2.4430379746835444,17987600000.0,15800000
5,1,1,1300000,2,595,6200000.0,216666.66666666666,1.441860465116279,3689000000.0,4300000
1,0,0,2800000,12,322,14600000.0,1400000.0,2.1791044776119404,4701200000.0,6700000
3,1,0,7000000,2,691,32800000.0,1750000.0,1.7354497354497354,22664800000.0,18900000
3,0,1,8800000,10,379,62300000.0,2200000.0,2.3333333333333335,23611700000.0,26700000
0,1,0,8900000,18,531,44100000.0,8900000.0,1.7093023255813953,23417100000.0,25800000
5,0,0,7000000,4,631,39800000.0,1166666.6666666667,1.8256880733944953,25113800000.0,21800000
0,1,1,6900000,10,330,49900000.0,6900000.0,2.682795698924731,16467000000.0,18600000
5,1,0,9200000,16,383,67100000.0,1533333.3333333333,2.297945205479452,25699300000.0,29200000
0,1,1,6100000,16,678,40800000.0,6100000.0,2.0710659898477157,27662400000.0,19700000
1,1,1,4400000,8,894,29500000.0,2200000.0,2.006802721088435,26373000000.0,14700000
4,0,0,9900000,12,567,73300000.0,1980000.0,3.2290748898678414,41561100000.0,22700000
5,0,0,3900000,4,708,23300000.0,650000.0,1.6642857142857144,16496400000.0,14000000
3,1,0,6800000,2,433,42100000.0,1700000.0,1.9858490566037736,18229300000.0,21200000
4,0,0,3600000,14,302,22000000.0,720000.0,2.528735632183908,6644000000.0,8700000
4,1,0,700000,14,736,5000000.0,140000.0,1.9230769230769231,3680000000.0,2600000
2,0,1,4000000,6,323,30600000.0,1333333.3333333333,3.6,9883800000.0,8500000
4,1,0,1800000,12,670,11700000.0,360000.0,2.8536585365853657,7839000000.0,4100000
3,0,0,5600000,12,609,40500000.0,1400000.0,1.9285714285714286,24664500000.0,21000000
4,0,0,6800000,18,349,44000000.0,1360000.0,1.8181818181818181,15356000000.0,24200000
5,0,1,600000,2,319,3900000.0,100000.0,2.6,1244100000.0,1500000
1,0,0,4200000,14,391,24600000.0,2100000.0,1.5185185185185186,9618600000.0,16200000
4,0,0,5000000,10,755,19800000.0,1000000.0,1.0588235294117647,14949000000.0,18700000
1,0,0,4100000,6,354,32700000.0,2050000.0,2.680327868852459,11575800000.0,12200000
3,0,1,2200000,2,877,15800000.0,550000.0,1.7954545454545454,13856600000.0,8800000
1,0,0,3400000,16,312,23900000.0,1700000.0,2.7790697674418605,7456800000.0,8600000
0,1,0,7100000,14,746,44900000.0,7100000.0,2.8238993710691824,33495400000.0,15900000
3,1,0,5800000,16,313,48200000.0,1450000.0,2.4591836734693877,15086600000.0,19600000
2,1,0,3400000,14,857,16500000.0,1133333.3333333333,1.2790697674418605,14140500000.0,12900000
2,0,0,7700000,20,504,38000000.0,2566666.6666666665,2.0765027322404372,19152000000.0,18300000
0,1,0,500000,14,556,3200000.0,500000.0,2.6666666666666665,1779200000.0,1200000
2,1,1,5300000,14,393,34900000.0,1766666.6666666667,3.172727272727273,13715700000.0,11000000
0,1,0,4700000,14,881,37100000.0,4700000.0,2.576388888888889,32685100000.0,14400000
2,1,1,4300000,14,719,27400000.0,1433333.3333333333,2.2459016393442623,19700600000.0,12200000
2,1,1,900000,16,458,10100000.0,300000.0,4.04,4625800000.0,2500000
4,1,0,2000000,14,857,12100000.0,400000.0,1.6133333333333333,10369700000.0,7500000
2,1,1,2000000,16,429,16400000.0,666666.6666666666,2.1578947368421053,7035600000.0,7600000
3,0,0,4100000,12,538,19200000.0,1025000.0,1.2075471698113207,10329600000.0,15900000
1,0,0,6900000,10,828,53300000.0,3450000.0,3.701388888888889,44132400000.0,14400000
5,1,1,2300000,6,339,18300000.0,383333.3333333333,3.0,6203700000.0,6100000
5,1,1,5800000,18,376,33900000.0,966666.6666666666,2.0421686746987953,12746400000.0,16600000
5,0,0,8000000,14,549,39300000.0,1333333.3333333333,1.31,21575700000.0,30000000
3,0,1,3700000,18,587,27000000.0,925000.0,2.125984251968504,15849000000.0,12700000
0,0,0,2600000,18,861,13500000.0,2600000.0,1.6071428571428572,11623500000.0,8400000
0,0,0,3000000,12,409,22800000.0,3000000.0,3.257142857142857,9325200000.0,7000000
4,1,0,2700000,4,528,21600000.0,540000.0,2.1176470588235294,11404800000.0,10200000
4,0,0,5700000,8,691,26100000.0,1140000.0,1.3316326530612246,18035100000.0,19600000
2,1,0,1500000,4,584,11700000.0,500000.0,3.25,6832800000.0,3600000
5,0,0,6800000,4,459,47400000.0,1133333.3333333333,2.37,21756600000.0,20000000
1,1,1,8100000,10,755,47500000.0,4050000.0,1.498422712933754,35862500000.0,31700000
3,0,1,9200000,20,688,58100000.0,2300000.0,2.0974729241877257,39972800000.0,27700000
1,0,1,7600000,6,384,31700000.0,3800000.0,1.2192307692307693,12172800000.0,26000000
4,1,0,600000,20,869,4300000.0,120000.0,2.6875,3736700000.0,1600000
1,0,1,4700000,20,445,17200000.0,2350000.0,0.9197860962566845,7654000000.0,18700000
0,1,0,1400000,6,393,9200000.0,1400000.0,1.6727272727272726,3615600000.0,5500000
3,1,1,9400000,10,414,51600000.0,2350000.0,2.097560975609756,21362400000.0,24600000
2,1,0,9700000,16,395,64300000.0,3233333.3333333335,3.2311557788944723,25398500000.0,19900000
3,0,1,8900000,14,815,39000000.0,2225000.0,1.8571428571428572,31785000000.0,21000000
5,1,0,4600000,8,758,26900000.0,766666.6666666666,2.5619047619047617,20390200000.0,10500000
5,0,1,5600000,10,457,39900000.0,933333.3333333334,2.7517241379310344,18234300000.0,14500000
0,1,1,1000000,10,854,7500000.0,1000000.0,2.34375,6405000000.0,3200000
3,1,0,3500000,16,324,18300000.0,875000.0,1.7766990291262137,5929200000.0,10300000
0,0,0,7900000,14,849,66900000.0,7900000.0,2.123809523809524,56798100000.0,31500000
3,1,1,6100000,12,672,39900000.0,1525000.0,1.6487603305785123,26812800000.0,24200000
3,0,1,8900000,6,859,66500000.0,2225000.0,3.1818181818181817,57123500000.0,20900000
4,1,0,5300000,8,584,25800000.0,1060000.0,1.6753246753246753,15067200000.0,15400000
5,0,0,1300000,4,346,9800000.0,216666.66666666666,2.0416666666666665,3390800000.0,4800000
3,1,0,4000000,18,635,30100000.0,1000000.0,2.3515625,19113500000.0,12800000
2,0,0,8700000,4,365,60400000.0,2900000.0,2.66079295154185,22046000000.0,22700000
1,0,0,9500000,16,856,66800000.0,4750000.0,3.34,57180800000.0,20000000
5,1,1,9000000,2,440,54200000.0,1500000.0,2.71,23848000000.0,20000000
0,1,1,7300000,2,616,51500000.0,7300000.0,2.2103004291845494,31724000000.0,23300000
3,1,1,7400000,2,461,28800000.0,1850000.0,1.1206225680933852,13276800000.0,25700000
5,0,0,3100000,10,681,15700000.0,516666.6666666667,1.4537037037037037,10691700000.0,10800000
2,1,0,4300000,2,485,32300000.0,1433333.3333333333,3.4361702127659575,15665500000.0,9400000
1,1,1,2400000,6,684,16600000.0,1200000.0,2.0,11354400000.0,8300000
1,1,0,5400000,14,727,30100000.0,2700000.0,1.681564245810056,21882700000.0,17900000
2,0,0,1600000,6,784,9700000.0,533333.3333333334,1.9019607843137254,7604800000.0,5100000
3,0,1,9900000,4,865,79200000.0,2475000.0,3.8823529411764706,68508000000.0,20400000
3,0,0,5800000,18,791,34100000.0,1450000.0,1.6965174129353233,26973100000.0,20100000
4,0,0,2200000,16,866,15500000.0,440000.0,1.8235294117647058,13423000000.0,8500000
0,1,0,5000000,2,761,30100000.0,5000000.0,2.0902777777777777,22906100000.0,14400000
2,0,1,600000,18,572,2600000.0,200000.0,1.2380952380952381,1487200000.0,2100000
4,1,0,2200000,6,601,15600000.0,440000.0,1.813953488372093,9375600000.0,8600000
1,1,1,2600000,14,820,16400000.0,1300000.0,2.981818181818182,13448000000.0,5500000
4,0,0,1200000,8,598,7900000.0,240000.0,1.8372093023255813,4724200000.0,4300000
2,1,0,3100000,18,544,20100000.0,1033333.3333333334,2.310344827586207,10934400000.0,8700000
5,0,1,4600000,14,561,24500000.0,766666.6666666666,1.6896551724137931,13744500000.0,14500000
4,1,1,9300000,6,547,61500000.0,1860000.0,1.732394366197183,33640500000.0,35500000
4,1,0,6300000,2,504,45300000.0,1260000.0,3.3805970149253732,22831200000.0,13400000
2,0,0,5900000,14,530,34800000.0,1966666.6666666667,1.6730769230769231,18444000000.0,20800000
2,1,1,2900000,6,614,12500000.0,966666.6666666666,1.179245283018868,7675000000.0,10600000
4,0,0,6100000,18,351,46000000.0,1220000.0,2.0535714285714284,16146000000.0,22400000
4,1,1,5900000,10,431,40500000.0,1180000.0,2.0558375634517767,17455500000.0,19700000
1,0,1,4600000,10,403,29200000.0,2300000.0,1.5869565217391304,11767600000.0,18400000
2,0,0,7000000,8,668,56800000.0,2333333.3333333335,2.8118811881188117,37942400000.0,20200000
3,0,1,5100000,18,399,37000000.0,1275000.0,3.5576923076923075,14763000000.0,10400000
1,1,0,3100000,14,665,20400000.0,1550000.0,1.9245283018867925,13566000000.0,10600000
2,1,0,4100000,16,344,37200000.0,1366666.6666666667,2.90625,12796800000.0,12800000
0,1,0,1800000,16,555,13600000.0,1800000.0,2.5185185185185186,7548000000.0,5400000
4,0,1,8200000,20,301,78300000.0,1640000.0,2.9107806691449816,23568300000.0,26900000
2,0,1,800000,6,726,5200000.0,266666.6666666667,2.4761904761904763,3775200000.0,2100000
2,1,0,8400000,6,689,39000000.0,2800000.0,1.6883116883116882,26871000000.0,23100000
0,0,0,8500000,4,665,43700000.0,8500000.0,1.289085545722714,29060500000.0,33900000
3,0,1,3300000,16,608,26900000.0,825000.0,2.1181102362204722,16355200000.0,12700000
3,0,0,5800000,20,335,30700000.0,1450000.0,2.3984375,10284500000.0,12800000
3,0,0,4400000,18,677,19200000.0,1100000.0,1.8285714285714285,12998400000.0,10500000
1,0,0,2600000,2,491,11400000.0,1300000.0,1.3411764705882352,5597400000.0,8500000
2,0,1,9600000,20,763,72600000.0,3200000.0,2.583629893238434,55393800000.0,28100000
5,0,1,5200000,8,809,28800000.0,866666.6666666666,1.591160220994475,23299200000.0,18100000
5,0,1,9700000,16,544,55000000.0,1616666.6666666667,1.510989010989011,29920000000.0,36400000
1,1,1,200000,14,624,1200000.0,100000.0,1.5,748800000.0,800000
3,1,0,6500000,10,388,32400000.0,1625000.0,1.9285714285714286,12571200000.0,16800000
4,1,1,7200000,14,644,39300000.0,1440000.0,1.7012987012987013,25309200000.0,23100000
0,0,0,5200000,14,600,37100000.0,5200000.0,2.016304347826087,22260000000.0,18400000
2,0,0,6500000,2,709,38600000.0,2166666.6666666665,2.7375886524822697,27367400000.0,14100000
5,1,1,2300000,8,642,15600000.0,383333.3333333333,2.7857142857142856,10015200000.0,5600000
0,0,1,3300000,4,423,26900000.0,3300000.0,2.5865384615384617,11378700000.0,10400000
0,0,1,2000000,12,900,16300000.0,2000000.0,2.76271186440678,14670000000.0,5900000
2,1,1,8300000,4,415,42000000.0,2766666.6666666665,2.1538461538461537,17430000000.0,19500000
4,1,1,3800000,4,645,17900000.0,760000.0,1.2517482517482517,11545500000.0,14300000
0,0,0,5700000,16,742,24700000.0,5700000.0,1.5833333333333333,18327400000.0,15600000
4,0,0,7300000,8,724,50800000.0,1460000.0,2.5656565656565657,36779200000.0,19800000
1,1,0,1600000,12,707,9300000.0,800000.0,1.7222222222222223,6575100000.0,5400000
5,0,1,800000,4,780,3500000.0,133333.33333333334,1.4,2730000000.0,2500000
4,0,0,6300000,10,538,42100000.0,1260000.0,1.9223744292237444,22649800000.0,21900000
2,1,0,8800000,14,706,66700000.0,2933333.3333333335,3.768361581920904,47090200000.0,17700000
0,1,0,7300000,16,811,39100000.0,7300000.0,2.696551724137931,31710100000.0,14500000
2,1,1,3800000,14,849,20700000.0,1266666.6666666667,2.2747252747252746,17574300000.0,9100000
3,1,0,6200000,10,880,53200000.0,1550000.0,3.18562874251497,46816000000.0,16700000
5,0,1,3500000,4,664,23000000.0,583333.3333333334,2.4210526315789473,15272000000.0,9500000
5,1,1,1400000,2,465,9400000.0,233333.33333333334,1.88,4371000000.0,5000000
3,0,1,3500000,2,786,19400000.0,875000.0,1.6166666666666667,15248400000.0,12000000
1,1,1,600000,10,326,4500000.0,300000.0,2.25,1467000000.0,2000000
0,0,0,4100000,16,399,31500000.0,4100000.0,2.9166666666666665,12568500000.0,10800000
2,0,1,5400000,6,841,24600000.0,1800000.0,2.139130434782609,20688600000.0,11500000
2,0,1,2000000,14,638,12300000.0,666666.6666666666,1.835820895522388,7847400000.0,6700000
4,1,1,3500000,4,478,23000000.0,700000.0,2.5842696629213484,10994000000.0,8900000
0,1,1,8300000,4,600,63900000.0,8300000.0,2.13,38340000000.0,30000000
0,1,1,6700000,16,768,31900000.0,6700000.0,2.0448717948717947,24499200000.0,15600000
0,0,0,1900000,10,523,10800000.0,1900000.0,1.6615384615384616,5648400000.0,6500000
2,1,1,6500000,14,327,35800000.0,2166666.6666666665,1.7129186602870814,11706600000.0,20900000
1,1,1,600000,8,799,4700000.0,300000.0,2.611111111111111,3755300000.0,1800000
5,1,0,7000000,18,803,56900000.0,1166666.6666666667,2.473913043478261,45690700000.0,23000000
2,1,0,7700000,18,524,45600000.0,2566666.6666666665,2.961038961038961,23894400000.0,15400000
1,1,0,2600000,6,506,15900000.0,1300000.0,2.409090909090909,8045400000.0,6600000
1,1,0,9200000,2,351,69100000.0,4600000.0,3.675531914893617,24254100000.0,18800000
2,1,1,1800000,8,648,12100000.0,600000.0,2.880952380952381,7840800000.0,4200000
1,0,0,4900000,4,612,31300000.0,2450000.0,1.691891891891892,19155600000.0,18500000
1,1,0,5700000,14,396,36100000.0,2850000.0,2.911290322580645,14295600000.0,12400000
3,0,0,300000,2,458,1800000.0,75000.0,2.25,824400000.0,800000
3,1,1,1700000,6,488,6700000.0,425000.0,1.9705882352941178,3269600000.0,3400000
4,1,0,7000000,6,475,27300000.0,1400000.0,1.4444444444444444,12967500000.0,18900000
1,0,0,2200000,18,417,14300000.0,1100000.0,2.0428571428571427,5963100000.0,7000000
2,0,0,6800000,8,781,47600000.0,2266666.6666666665,2.5454545454545454,37175600000.0,18700000
1,0,1,2400000,12,337,17200000.0,1200000.0,2.774193548387097,5796400000.0,6200000
0,0,1,600000,12,511,3100000.0,600000.0,1.7222222222222223,1584100000.0,1800000
4,1,0,6200000,6,837,45600000.0,1240000.0,2.6358381502890174,38167200000.0,17300000
1,0,0,7600000,12,810,47300000.0,3800000.0,1.9227642276422765,38313000000.0,24600000
2,0,0,4800000,8,588,28400000.0,1600000.0,2.6792452830188678,16699200000.0,10600000
5,1,0,4200000,12,870,23600000.0,700000.0,2.5652173913043477,20532000000.0,9200000
0,0,1,7200000,10,733,56700000.0,7200000.0,2.739130434782609,41561100000.0,20700000
5,0,1,6400000,16,348,48200000.0,1066666.6666666667,2.374384236453202,16773600000.0,20300000
0,0,1,8900000,12,741,51000000.0,8900000.0,2.217391304347826,37791000000.0,23000000
3,0,0,5100000,12,306,24000000.0,1275000.0,1.6551724137931034,7344000000.0,14500000
2,1,1,6300000,18,428,49500000.0,2100000.0,2.5384615384615383,21186000000.0,19500000
3,1,0,6600000,4,455,39300000.0,1650000.0,1.7782805429864252,17881500000.0,22100000
1,0,1,4800000,2,356,34800000.0,2400000.0,2.36734693877551,12388800000.0,14700000
0,1,0,200000,4,594,1000000.0,200000.0,2.5,594000000.0,400000
0,0,1,7500000,18,844,34800000.0,7500000.0,1.3488372093023255,29371200000.0,25800000
4,1,0,9000000,4,771,56100000.0,1800000.0,1.61671469740634,43253100000.0,34700000
2,1,0,5400000,4,622,34500000.0,1800000.0,2.76,21459000000.0,12500000
1,0,1,1700000,20,480,8100000.0,850000.0,1.8,3888000000.0,4500000
4,1,0,4300000,20,337,39300000.0,860000.0,3.417391304347826,13244100000.0,11500000
1,1,0,5200000,6,698,43200000.0,2600000.0,3.857142857142857,30153600000.0,11200000
4,0,0,4400000,18,302,22800000.0,880000.0,1.3411764705882352,6885600000.0,17000000
1,0,1,3900000,14,349,27100000.0,1950000.0,3.4743589743589745,9457900000.0,7800000
0,1,0,1100000,10,482,7600000.0,1100000.0,2.303030303030303,3663200000.0,3300000
2,1,0,2500000,10,429,13700000.0,833333.3333333334,1.670731707317073,5877300000.0,8200000
4,1,0,500000,8,471,3000000.0,100000.0,2.3076923076923075,1413000000.0,1300000
0,1,1,9000000,10,895,52800000.0,9000000.0,1.6296296296296295,47256000000.0,32400000
1,0,1,5100000,18,757,31800000.0,2550000.0,1.5665024630541873,24072600000.0,20300000
2,1,0,5200000,2,777,33800000.0,1733333.3333333333,2.5037037037037035,26262600000.0,13500000
5,0,1,4400000,4,761,26300000.0,733333.3333333334,2.955056179775281,20014300000.0,8900000
1,1,0,1900000,12,821,14400000.0,950000.0,3.4285714285714284,11822400000.0,4200000
4,0,1,9200000,6,662,33600000.0,1840000.0,1.2679245283018867,22243200000.0,26500000
2,0,1,4800000,10,350,22800000.0,1600000.0,1.3818181818181818,7980000000.0,16500000
4,0,0,4900000,20,321,19200000.0,980000.0,1.794392523364486,6163200000.0,10700000
3,1,1,4800000,4,368,34200000.0,1200000.0,3.386138613861386,12585600000.0,10100000
4,1,0,9300000,14,455,81300000.0,1860000.0,3.2650602409638556,36991500000.0,24900000
5,0,1,7500000,8,744,31200000.0,1250000.0,1.2682926829268293,23212800000.0,24600000
1,1,0,5900000,4,806,50800000.0,2950000.0,3.0238095238095237,40944800000.0,16800000
0,1,0,9400000,6,456,83300000.0,9400000.0,2.985663082437276,37984800000.0,27900000
5,1,0,5300000,8,719,18500000.0,883333.3333333334,1.3805970149253732,13301500000.0,13400000
4,1,0,3700000,18,668,25900000.0,740000.0,2.8777777777777778,17301200000.0,9000000
0,1,1,2500000,18,494,20300000.0,2500000.0,3.5,10028200000.0,5800000
4,0,0,2800000,2,841,14500000.0,560000.0,1.3425925925925926,12194500000.0,10800000
0,1,1,5400000,8,721,38700000.0,5400000.0,1.808411214953271,27902700000.0,21400000
5,1,0,3100000,10,414,16300000.0,516666.6666666667,1.7340425531914894,6748200000.0,9400000
5,0,0,4800000,10,812,32300000.0,800000.0,2.0838709677419356,26227600000.0,15500000
1,0,0,8800000,20,832,36800000.0,4400000.0,2.1028571428571428,30617600000.0,17500000
2,1,0,4100000,12,571,27300000.0,1366666.6666666667,1.832214765100671,15588300000.0,14900000
5,0,0,9700000,14,459,75000000.0,1616666.6666666667,2.027027027027027,34425000000.0,37000000
2,1,1,6400000,6,592,35000000.0,2133333.3333333335,1.4522821576763485,20720000000.0,24100000
5,1,0,3400000,20,527,18000000.0,566666.6666666666,1.3740458015267176,9486000000.0,13100000
4,0,0,3500000,12,333,25500000.0,700000.0,2.5,8491500000.0,10200000
3,0,0,3200000,18,532,15300000.0,800000.0,1.53,8139600000.0,10000000
2,1,1,4900000,18,754,35200000.0,1633333.3333333333,2.687022900763359,26540800000.0,13100000
0,1,1,1300000,4,835,4700000.0,1300000.0,0.9791666666666666,3924500000.0,4800000
4,1,0,2500000,10,592,17700000.0,500000.0,3.2777777777777777,10478400000.0,5400000
0,1,0,7500000,20,553,46700000.0,7500000.0,1.7106227106227105,25825100000.0,27300000
2,1,0,700000,8,806,5600000.0,233333.33333333334,2.8,4513600000.0,2000000
4,1,1,8200000,2,378,55900000.0,1640000.0,1.96140350877193,21130200000.0,28500000
1,0,0,6900000,4,534,50700000.0,3450000.0,1.9351145038167938,27073800000.0,26200000
1,0,1,1500000,16,400,12900000.0,750000.0,2.1864406779661016,5160000000.0,5900000
3,1,0,6300000,18,543,32400000.0,1575000.0,1.7704918032786885,17593200000.0,18300000
0,0,1,8800000,10,715,71300000.0,8800000.0,2.78515625,50979500000.0,25600000
4,1,1,8900000,6,684,37400000.0,1780000.0,1.8067632850241546,25581600000.0,20700000
3,0,1,2100000,8,346,13500000.0,525000.0,2.2131147540983607,4671000000.0,6100000
1,1,1,9200000,6,669,57900000.0,4600000.0,1.9828767123287672,38735100000.0,29200000
2,0,0,3600000,12,566,25100000.0,1200000.0,3.1375,14206600000.0,8000000
0,0,1,8600000,2,361,63300000.0,8600000.0,2.6822033898305087,22851300000.0,23600000
5,1,0,3000000,6,333,14000000.0,500000.0,1.75,4662000000.0,8000000
3,0,1,5200000,8,335,37400000.0,1300000.0,2.294478527607362,12529000000.0,16300000
3,1,1,7200000,10,558,51000000.0,1800000.0,2.5,28458000000.0,20400000
1,0,1,4000000,12,436,31200000.0,2000000.0,2.0,13603200000.0,15600000
1,0,0,2400000,2,371,19100000.0,1200000.0,3.673076923076923,7086100000.0,5200000
2,0,1,5500000,10,515,33800000.0,1833333.3333333333,1.8369565217391304,17407000000.0,18400000
0,0,1,9000000,10,599,49600000.0,9000000.0,2.0411522633744856,29710400000.0,24300000
0,0,1,7900000,20,728,63400000.0,7900000.0,2.6416666666666666,46155200000.0,24000000
2,0,1,6200000,20,679,54700000.0,2066666.6666666667,2.5324074074074074,37141300000.0,21600000
3,1,1,7900000,4,399,65800000.0,1975000.0,2.2534246575342465,26254200000.0,29200000
3,0,0,1200000,6,819,7800000.0,300000.0,1.7333333333333334,6388200000.0,4500000
1,1,0,4700000,6,308,31700000.0,2350000.0,2.7094017094017095,9763600000.0,11700000
5,1,1,5900000,2,730,39100000.0,983333.3333333334,2.5064102564102564,28543000000.0,15600000
4,0,1,1400000,14,312,9600000.0,280000.0,1.8823529411764706,2995200000.0,5100000
3,0,1,4700000,16,740,28600000.0,1175000.0,2.234375,21164000000.0,12800000
5,1,1,7600000,10,522,47600000.0,1266666.6666666667,2.38,24847200000.0,20000000
4,1,0,7200000,4,702,54600000.0,1440000.0,3.230769230769231,38329200000.0,16900000
4,0,1,1400000,16,447,11100000.0,280000.0,2.5813953488372094,4961700000.0,4300000
5,1,0,1400000,4,829,8400000.0,233333.33333333334,2.896551724137931,6963600000.0,2900000
2,1,0,7900000,18,727,59300000.0,2633333.3333333335,3.2054054054054055,43111100000.0,18500000
5,0,1,7600000,14,509,42900000.0,1266666.6666666667,2.2941176470588234,21836100000.0,18700000
3,1,1,9600000,2,745,44200000.0,2400000.0,1.2923976608187135,32929000000.0,34200000
1,0,0,2300000,18,513,16100000.0,1150000.0,2.4393939393939394,8259300000.0,6600000
2,0,0,8100000,6,372,68200000.0,2700000.0,3.6864864864864866,25370400000.0,18500000
2,1,1,300000,4,411,1900000.0,100000.0,2.7142857142857144,780900000.0,700000
4,1,0,4700000,20,495,39600000.0,940000.0,3.6666666666666665,19602000000.0,10800000
5,0,0,1100000,4,827,8100000.0,183333.33333333334,3.24,6698700000.0,2500000
4,0,0,8600000,6,820,53700000.0,1720000.0,2.139442231075697,44034000000.0,25100000
5,1,1,8700000,10,660,62300000.0,1450000.0,2.2170818505338077,41118000000.0,28100000
0,0,0,2200000,4,563,9100000.0,2200000.0,1.058139534883721,5123300000.0,8600000
1,0,1,500000,10,883,2900000.0,250000.0,2.0714285714285716,2560700000.0,1400000
0,0,1,9100000,12,387,79600000.0,9100000.0,3.618181818181818,30805200000.0,22000000
1,1,0,2200000,12,613,10400000.0,1100000.0,1.1954022988505748,6375200000.0,8700000
0,0,1,2200000,14,335,16300000.0,2200000.0,2.0375,5460500000.0,8000000
1,1,1,9600000,2,795,51700000.0,4800000.0,1.4985507246376812,41101500000.0,34500000
1,1,1,6500000,8,369,35400000.0,3250000.0,2.5467625899280577,13062600000.0,13900000
4,1,1,2400000,18,888,15100000.0,480000.0,2.0405405405405403,13408800000.0,7400000
4,0,0,5500000,6,742,39700000.0,1100000.0,3.227642276422764,29457400000.0,12300000
0,1,0,5000000,4,874,30300000.0,5000000.0,2.1041666666666665,26482200000.0,14400000
1,1,0,2700000,16,691,15800000.0,1350000.0,1.9506172839506173,10917800000.0,8100000
3,0,1,8500000,12,762,40600000.0,2125000.0,1.33993399339934,30937200000.0,30300000
1,1,0,4400000,18,324,23600000.0,2200000.0,2.205607476635514,7646400000.0,10700000
4,0,0,500000,20,777,2700000.0,100000.0,1.5,2097900000.0,1800000
0,1,0,8300000,2,662,53100000.0,8300000.0,2.4813084112149535,35152200000.0,21400000
2,0,1,6000000,12,462,24800000.0,2000000.0,1.9076923076923078,11457600000.0,13000000
3,0,1,4000000,14,609,25300000.0,1000000.0,2.4326923076923075,15407700000.0,10400000
5,1,1,4400000,20,590,21400000.0,733333.3333333334,1.829059829059829,12626000000.0,11700000
3,1,1,4400000,18,779,31100000.0,1100000.0,1.9683544303797469,24226900000.0,15800000
2,1,1,1900000,14,641,9800000.0,633333.3333333334,1.96,6281800000.0,5000000
0,1,1,5000000,12,752,35600000.0,5000000.0,1.934782608695652,26771200000.0,18400000
0,1,0,8000000,10,305,63000000.0,8000000.0,2.6582278481012658,19215000000.0,23700000
4,0,0,8200000,10,546,53400000.0,1640000.0,2.579710144927536,29156400000.0,20700000
2,1,0,7000000,8,833,53000000.0,2333333.3333333335,2.190082644628099,44149000000.0,24200000
2,0,0,2400000,18,421,12800000.0,800000.0,1.4545454545454546,5388800000.0,8800000
5,1,0,6600000,4,639,33700000.0,1100000.0,1.7925531914893618,21534300000.0,18800000
3,1,0,3200000,20,735,17500000.0,800000.0,2.536231884057971,12862500000.0,6900000
0,0,1,2600000,2,377,13800000.0,2600000.0,2.5555555555555554,5202600000.0,5400000
3,0,0,6900000,20,310,33300000.0,1725000.0,2.1346153846153846,10323000000.0,15600000
4,1,0,4800000,2,695,33000000.0,960000.0,2.357142857142857,22935000000.0,14000000
1,0,1,300000,4,355,2000000.0,150000.0,1.6666666666666667,710000000.0,1200000
1,0,1,4300000,12,525,22800000.0,2150000.0,1.6170212765957446,11970000000.0,14100000
5,0,0,700000,20,330,5000000.0,116666.66666666667,2.0833333333333335,1650000000.0,2400000
5,1,0,9400000,14,625,85500000.0,1566666.6666666667,3.313953488372093,53437500000.0,25800000
3,0,1,800000,10,644,4400000.0,200000.0,1.5172413793103448,2833600000.0,2900000
5,0,0,4400000,4,865,32800000.0,733333.3333333334,2.2013422818791946,28372000000.0,14900000
1,1,1,4700000,6,661,34500000.0,2350000.0,2.331081081081081,22804500000.0,14800000
2,0,0,2300000,8,884,10700000.0,766666.6666666666,2.14,9458800000.0,5000000
5,1,1,8500000,10,803,51100000.0,1416666.6666666667,1.9138576779026217,41033300000.0,26700000
2,1,0,7600000,12,800,57900000.0,2533333.3333333335,2.045936395759717,46320000000.0,28300000
2,1,0,3200000,18,796,21300000.0,1066666.6666666667,1.6904761904761905,16954800000.0,12600000
4,0,0,2400000,4,716,12600000.0,480000.0,2.52,9021600000.0,5000000
0,1,1,500000,18,479,4400000.0,500000.0,4.0,2107600000.0,1100000
3,0,1,8500000,2,810,58700000.0,2125000.0,2.0742049469964665,47547000000.0,28300000
0,1,1,8900000,18,568,57500000.0,8900000.0,2.751196172248804,32660000000.0,20900000
0,1,0,2800000,8,842,9300000.0,2800000.0,1.6607142857142858,7830600000.0,5600000
3,0,1,2900000,4,806,20200000.0,725000.0,2.8857142857142857,16281200000.0,7000000
1,1,1,4900000,8,722,35900000.0,2450000.0,2.0282485875706215,25919800000.0,17700000
5,0,0,9600000,14,442,75600000.0,1600000.0,3.652173913043478,33415200000.0,20700000
3,1,1,3300000,6,360,20500000.0,825000.0,2.0918367346938775,7380000000.0,9800000
3,0,0,2800000,4,461,13700000.0,700000.0,2.3220338983050848,6315700000.0,5900000
2,1,0,7800000,10,735,44200000.0,2600000.0,1.990990990990991,32487000000.0,22200000
4,1,1,2500000,12,761,17600000.0,500000.0,2.0952380952380953,13393600000.0,8400000
0,1,0,4400000,20,653,33600000.0,4400000.0,3.169811320754717,21940800000.0,10600000
0,0,0,7900000,4,726,48900000.0,7900000.0,1.5876623376623376,35501400000.0,30800000
1,1,0,8900000,18,617,63500000.0,4450000.0,2.809734513274336,39179500000.0,22600000
0,1,0,5600000,2,460,26400000.0,5600000.0,1.9701492537313432,12144000000.0,13400000
1,0,0,1400000,8,306,7500000.0,700000.0,2.272727272727273,2295000000.0,3300000
5,1,1,500000,4,471,2200000.0,83333.33333333333,1.5714285714285714,1036200000.0,1400000
1,1,1,5100000,4,628,30500000.0,2550000.0,1.9934640522875817,19154000000.0,15300000
3,1,0,9800000,10,404,79600000.0,2450000.0,3.109375,32158400000.0,25600000
2,1,1,8600000,16,804,49600000.0,2866666.6666666665,2.2962962962962963,39878400000.0,21600000
3,0,0,1600000,20,804,7400000.0,400000.0,1.8974358974358974,5949600000.0,3900000
1,0,1,2500000,2,502,16800000.0,1250000.0,2.5074626865671643,8433600000.0,6700000
0,1,0,9500000,6,861,72500000.0,9500000.0,3.2079646017699117,62422500000.0,22600000
2,0,1,3000000,14,555,20600000.0,1000000.0,2.641025641025641,11433000000.0,7800000
0,0,0,5100000,18,351,27400000.0,5100000.0,2.014705882352941,9617400000.0,13600000
2,0,1,7600000,6,358,56100000.0,2533333.3333333335,2.3771186440677967,20083800000.0,23600000
5,1,0,8800000,14,836,65500000.0,1466666.6666666667,3.484042553191489,54758000000.0,18800000
4,0,1,1100000,4,554,9500000.0,220000.0,3.2758620689655173,5263000000.0,2900000
3,1,0,8700000,2,443,46300000.0,2175000.0,1.518032786885246,20510900000.0,30500000
5,0,0,6100000,4,725,42900000.0,1016666.6666666666,1.8177966101694916,31102500000.0,23600000
2,0,1,1900000,14,818,14900000.0,633333.3333333334,2.1285714285714286,12188200000.0,7000000
1,0,0,9900000,6,670,74300000.0,4950000.0,1.9198966408268734,49781000000.0,38700000
0,1,0,5800000,6,414,31900000.0,5800000.0,1.5118483412322274,13206600000.0,21100000
2,0,1,9500000,8,887,71000000.0,3166666.6666666665,1.9189189189189189,62977000000.0,37000000
3,1,1,7900000,12,409,49700000.0,1975000.0,1.868421052631579,20327300000.0,26600000
1,0,1,1300000,14,679,10100000.0,650000.0,2.2444444444444445,6857900000.0,4500000
4,1,1,700000,18,478,3600000.0,140000.0,1.3846153846153846,1720800000.0,2600000
3,1,0,600000,2,752,4600000.0,150000.0,3.8333333333333335,3459200000.0,1200000
0,1,0,9400000,4,616,53300000.0,9400000.0,1.6151515151515152,32832800000.0,33000000
2,0,1,3800000,14,842,30300000.0,1266666.6666666667,2.424,25512600000.0,12500000
3,1,1,7800000,20,840,41900000.0,1950000.0,1.5931558935361216,35196000000.0,26300000
3,1,1,7800000,6,430,41400000.0,1950000.0,1.4945848375451263,17802000000.0,27700000
4,0,0,2700000,4,351,14400000.0,540000.0,2.057142857142857,5054400000.0,7000000
5,0,0,600000,4,347,2100000.0,100000.0,0.9130434782608695,728700000.0,2300000
3,0,1,8000000,10,576,54500000.0,2000000.0,1.8923611111111112,31392000000.0,28800000
0,0,1,4000000,8,799,29400000.0,4000000.0,2.672727272727273,23490600000.0,11000000
1,0,1,3300000,2,550,25500000.0,1650000.0,2.361111111111111,14025000000.0,10800000
2,1,0,5800000,4,878,36900000.0,1933333.3333333333,2.774436090225564,32398200000.0,13300000
3,1,1,2400000,12,895,17700000.0,600000.0,3.6875,15841500000.0,4800000
4,0,0,7600000,6,603,44900000.0,1520000.0,1.5117845117845117,27074700000.0,29700000
2,0,1,2500000,12,325,17400000.0,833333.3333333334,2.5217391304347827,5655000000.0,6900000
2,1,0,3300000,4,393,18800000.0,1100000.0,1.5932203389830508,7388400000.0,11800000
3,1,0,9800000,2,612,53000000.0,2450000.0,1.7491749174917492,32436000000.0,30300000
0,1,1,1000000,8,553,6900000.0,1000000.0,1.8157894736842106,3815700000.0,3800000
0,0,1,2500000,14,389,20800000.0,2500000.0,2.3636363636363638,8091200000.0,8800000
0,1,0,1900000,4,782,10800000.0,1900000.0,1.588235294117647,8445600000.0,6800000
3,1,0,3100000,12,493,27800000.0,775000.0,3.2705882352941176,13705400000.0,8500000
5,1,1,6000000,2,629,25900000.0,1000000.0,2.176470588235294,16291100000.0,11900000
5,0,0,6500000,10,419,41400000.0,1083333.3333333333,1.9166666666666667,17346600000.0,21600000
2,0,1,5900000,2,444,44400000.0,1966666.6666666667,2.810126582278481,19713600000.0,15800000
5,0,1,6500000,16,301,43600000.0,1083333.3333333333,2.759493670886076,13123600000.0,15800000
0,1,1,3800000,20,479,24900000.0,3800000.0,2.2232142857142856,11927100000.0,11200000
3,0,1,3000000,10,424,18400000.0,750000.0,1.6140350877192982,7801600000.0,11400000
0,1,0,4300000,18,469,24200000.0,4300000.0,1.4319526627218935,11349800000.0,16900000
4,0,1,3500000,2,897,27800000.0,700000.0,3.3493975903614457,24936600000.0,8300000
3,0,0,300000,2,477,2100000.0,75000.0,4.2,1001700000.0,500000
3,0,1,600000,16,509,4200000.0,150000.0,3.0,2137800000.0,1400000
0,1,1,800000,4,752,7000000.0,800000.0,4.117647058823529,5264000000.0,1700000
0,0,1,5600000,14,875,44200000.0,5600000.0,2.3141361256544504,38675000000.0,19100000
2,0,1,1800000,4,343,12200000.0,600000.0,3.388888888888889,4184600000.0,3600000
0,1,0,6800000,20,819,63100000.0,6800000.0,3.0336538461538463,51678900000.0,20800000
2,1,1,4200000,2,433,21100000.0,1400000.0,1.255952380952381,9136300000.0,16800000
1,0,1,200000,6,768,1000000.0,100000.0,2.5,768000000.0,400000
2,1,1,8500000,6,714,50100000.0,2833333.3333333335,1.5754716981132075,35771400000.0,31800000
2,0,1,2800000,16,531,17100000.0,933333.3333333334,1.693069306930693,9080100000.0,10100000
0,1,1,3600000,6,529,23300000.0,3600000.0,2.7093023255813953,12325700000.0,8600000
1,0,0,6200000,20,448,40800000.0,3100000.0,2.0923076923076924,18278400000.0,19500000
1,1,0,2700000,2,584,20300000.0,1350000.0,2.03,11855200000.0,10000000
1,1,0,6800000,4,501,35000000.0,3400000.0,1.5283842794759825,17535000000.0,22900000
2,0,0,6300000,18,848,40100000.0,2100000.0,1.636734693877551,34004800000.0,24500000
4,0,0,8800000,6,586,59400000.0,1760000.0,3.1099476439790577,34808400000.0,19100000
1,1,0,5900000,2,386,37100000.0,2950000.0,2.853846153846154,14320600000.0,13000000
5,0,1,9800000,18,301,52100000.0,1633333.3333333333,1.3746701846965699,15682100000.0,37900000
2,1,0,3300000,6,653,20700000.0,1100000.0,2.4939759036144578,13517100000.0,8300000
4,1,1,300000,14,448,1700000.0,60000.0,3.4,761600000.0,500000
1,0,1,4800000,16,696,29100000.0,2400000.0,2.5086206896551726,20253600000.0,11600000
1,1,0,7500000,16,707,33800000.0,3750000.0,1.1943462897526502,23896600000.0,28300000
2,0,0,8600000,4,429,53200000.0,2866666.6666666665,2.4516129032258065,22822800000.0,21700000
4,0,0,8900000,6,631,36400000.0,1780000.0,1.7251184834123223,22968400000.0,21100000
5,0,1,9600000,4,446,76200000.0,1600000.0,2.574324324324324,33985200000.0,29600000
0,1,1,7700000,18,705,41300000.0,7700000.0,2.281767955801105,29116500000.0,18100000
3,0,1,7000000,2,709,47500000.0,1750000.0,3.125,33677500000.0,15200000
4,0,1,7800000,14,739,35700000.0,1560000.0,1.8307692307692307,26382300000.0,19500000
3,1,0,5100000,6,336,30600000.0,1275000.0,2.7818181818181817,10281600000.0,11000000
4,1,0,9400000,4,898,54400000.0,1880000.0,1.6687116564417177,48851200000.0,32600000
4,0,1,600000,6,558,4800000.0,120000.0,2.2857142857142856,2678400000.0,2100000
3,1,0,5100000,4,589,40200000.0,1275000.0,3.0225563909774436,23677800000.0,13300000
2,1,1,3800000,2,301,13700000.0,1266666.6666666667,0.9513888888888888,4123700000.0,14400000
2,0,1,5300000,14,516,35800000.0,1766666.6666666667,1.6886792452830188,18472800000.0,21200000
5,0,0,1100000,12,315,6500000.0,183333.33333333334,1.8055555555555556,2047500000.0,3600000
3,0,0,6400000,10,546,46900000.0,1600000.0,3.2569444444444446,25607400000.0,14400000
0,0,1,5100000,14,559,30400000.0,5100000.0,2.0965517241379312,16993600000.0,14500000
3,1,1,5300000,2,350,40000000.0,1325000.0,2.366863905325444,14000000000.0,16900000
1,1,0,6700000,8,583,37400000.0,3350000.0,2.0,21804200000.0,18700000
2,0,0,4000000,8,874,23100000.0,1333333.3333333333,2.4574468085106385,20189400000.0,9400000
2,0,1,3900000,8,808,26800000.0,1300000.0,2.310344827586207,21654400000.0,11600000
1,1,1,1600000,16,487,11300000.0,800000.0,2.306122448979592,5503100000.0,4900000
3,1,0,2700000,14,870,18500000.0,675000.0,2.371794871794872,16095000000.0,7800000
3,1,0,1400000,8,840,8700000.0,350000.0,2.289473684210526,7308000000.0,3800000
4,0,1,8000000,18,682,35700000.0,1600000.0,1.859375,24347400000.0,19200000
3,1,1,8200000,10,668,67900000.0,2050000.0,2.3494809688581313,45357200000.0,28900000
5,1,1,4800000,8,781,27000000.0,800000.0,2.621359223300971,21087000000.0,10300000
4,1,0,8100000,6,375,49600000.0,1620000.0,2.610526315789474,18600000000.0,19000000
4,0,0,5900000,14,857,31600000.0,1180000.0,2.120805369127517,27081200000.0,14900000
5,1,1,8100000,6,823,50600000.0,1350000.0,1.5763239875389408,41643800000.0,32100000
0,1,0,1400000,8,686,8400000.0,1400000.0,1.68,5762400000.0,5000000
1,1,0,1600000,2,721,9700000.0,800000.0,1.5396825396825398,6993700000.0,6300000
4,1,0,4600000,18,545,21000000.0,920000.0,2.234042553191489,11445000000.0,9400000
1,0,0,2900000,6,523,18000000.0,1450000.0,2.0224719101123596,9414000000.0,8900000
2,1,1,8600000,20,607,58400000.0,2866666.6666666665,2.3453815261044175,35448800000.0,24900000
4,0,0,3800000,20,428,24700000.0,760000.0,1.657718120805369,10571600000.0,14900000
0,0,0,8200000,4,666,57000000.0,8200000.0,2.8078817733990147,37962000000.0,20300000
3,1,0,3200000,20,704,21100000.0,800000.0,2.089108910891089,14854400000.0,10100000
0,0,1,8100000,10,794,50400000.0,8100000.0,2.1176470588235294,40017600000.0,23800000
1,1,1,9800000,12,430,60200000.0,4900000.0,2.5836909871244633,25886000000.0,23300000
0,0,0,200000,20,615,1500000.0,200000.0,3.0,922500000.0,500000
0,0,0,6600000,20,360,45100000.0,6600000.0,3.198581560283688,16236000000.0,14100000
0,0,0,9100000,14,458,59400000.0,9100000.0,3.2459016393442623,27205200000.0,18300000
2,0,0,5500000,12,887,33800000.0,1833333.3333333333,1.6568627450980393,29980600000.0,20400000
4,0,0,7200000,8,735,57200000.0,1440000.0,2.0875912408759123,42042000000.0,27400000
1,0,0,2400000,16,379,14900000.0,1200000.0,2.6607142857142856,5647100000.0,5600000
4,1,0,9600000,20,544,50300000.0,1920000.0,1.9725490196078432,27363200000.0,25500000
1,1,1,5800000,12,721,35500000.0,2900000.0,2.125748502994012,25595500000.0,16700000
4,0,0,2300000,8,676,13400000.0,460000.0,2.2333333333333334,9058400000.0,6000000
1,0,0,300000,4,342,2200000.0,150000.0,1.8333333333333333,752400000.0,1200000
0,0,0,9900000,16,566,69200000.0,9900000.0,2.562962962962963,39167200000.0,27000000
2,0,0,3500000,2,355,25000000.0,1166666.6666666667,1.7857142857142858,8875000000.0,14000000
2,1,0,4800000,20,605,31700000.0,1600000.0,1.7135135135135136,19178500000.0,18500000
2,0,0,1600000,16,525,10400000.0,533333.3333333334,2.0,5460000000.0,5200000
5,1,1,800000,12,403,4500000.0,133333.33333333334,1.8,1813500000.0,2500000
1,1,1,9000000,18,727,62700000.0,4500000.0,1.871641791044776,45582900000.0,33500000
1,1,0,8300000,12,529,60500000.0,4150000.0,2.093425605536332,32004500000.0,28900000
4,1,0,2800000,18,415,16800000.0,560000.0,2.7540983606557377,6972000000.0,6100000
1,1,1,6400000,10,879,34700000.0,3200000.0,2.005780346820809,30501300000.0,17300000
2,0,1,6000000,16,649,39100000.0,2000000.0,3.1031746031746033,25375900000.0,12600000
0,1,0,2900000,16,395,20700000.0,2900000.0,2.1122448979591835,8176500000.0,9800000
0,1,0,6500000,20,488,41900000.0,6500000.0,1.7385892116182573,20447200000.0,24100000
1,1,1,200000,8,569,1400000.0,100000.0,3.5,796600000.0,400000
1,0,0,8400000,14,817,54400000.0,4200000.0,2.2113821138211383,44444800000.0,24600000
1,1,1,6100000,20,706,48100000.0,3050000.0,2.702247191011236,33958600000.0,17800000
2,1,1,8000000,8,553,41600000.0,2666666.6666666665,1.3333333333333333,23004800000.0,31200000
5,0,1,900000,14,464,5100000.0,150000.0,2.8333333333333335,2366400000.0,1800000
2,1,0,7300000,6,729,50800000.0,2433333.3333333335,2.54,37033200000.0,20000000
4,0,1,3700000,12,363,26500000.0,740000.0,3.581081081081081,9619500000.0,7400000
2,1,0,5200000,12,565,31100000.0,1733333.3333333333,1.808139534883721,17571500000.0,17200000
1,1,0,7200000,14,421,41500000.0,3600000.0,1.9761904761904763,17471500000.0,21000000
0,0,1,9400000,10,512,67600000.0,9400000.0,1.976608187134503,34611200000.0,34200000
3,0,1,3400000,2,730,23200000.0,850000.0,1.8709677419354838,16936000000.0,12400000
0,1,0,600000,8,627,4800000.0,600000.0,2.0869565217391304,3009600000.0,2300000
0,0,1,3300000,16,434,24100000.0,3300000.0,2.41,10459400000.0,10000000
2,1,1,5900000,2,410,37300000.0,1966666.6666666667,2.6083916083916083,15293000000.0,14300000
3,0,0,1300000,16,624,9900000.0,325000.0,2.75,6177600000.0,3600000
4,1,1,5700000,4,656,50800000.0,1140000.0,3.0059171597633134,33324800000.0,16900000
2,0,0,7700000,16,758,45800000.0,2566666.6666666665,1.6776556776556777,34716400000.0,27300000
4,0,1,7000000,18,336,52000000.0,1400000.0,2.2127659574468086,17472000000.0,23500000
5,1,0,8100000,18,378,34400000.0,1350000.0,1.5707762557077625,13003200000.0,21900000
1,1,1,1900000,4,620,15900000.0,950000.0,3.7857142857142856,9858000000.0,4200000
2,1,0,4500000,18,593,21200000.0,1500000.0,2.32967032967033,12571600000.0,9100000
0,0,1,9600000,12,710,80000000.0,9600000.0,2.3529411764705883,56800000000.0,34000000
1,0,1,5400000,8,753,25300000.0,2700000.0,1.2222222222222223,19050900000.0,20700000
1,0,1,7800000,16,454,48000000.0,3900000.0,1.7647058823529411,21792000000.0,27200000
1,1,1,8200000,8,619,67500000.0,4100000.0,3.5340314136125652,41782500000.0,19100000
2,1,0,8900000,6,367,69600000.0,2966666.6666666665,2.442105263157895,25543200000.0,28500000
1,1,0,1400000,20,384,7400000.0,700000.0,2.3870967741935485,2841600000.0,3100000
2,1,0,1700000,16,610,8400000.0,566666.6666666666,1.423728813559322,5124000000.0,5900000
0,1,0,5300000,12,802,31500000.0,5300000.0,1.6153846153846154,25263000000.0,19500000
3,1,0,6500000,10,858,48400000.0,1625000.0,1.9206349206349207,41527200000.0,25200000
2,1,0,5900000,8,599,38700000.0,1966666.6666666667,2.7642857142857142,23181300000.0,14000000
4,1,1,9800000,2,395,54400000.0,1960000.0,2.0148148148148146,21488000000.0,27000000
3,1,1,7700000,6,380,55500000.0,1925000.0,3.425925925925926,21090000000.0,16200000
1,1,0,7900000,10,803,58600000.0,3950000.0,2.162361623616236,47055800000.0,27100000
4,1,0,3500000,20,809,25500000.0,700000.0,2.865168539325843,20629500000.0,8900000
4,0,0,2400000,2,722,18000000.0,480000.0,2.727272727272727,12996000000.0,6600000
5,1,0,9900000,10,392,64400000.0,1650000.0,1.803921568627451,25244800000.0,35700000
0,1,0,3900000,8,545,22600000.0,3900000.0,1.5586206896551724,12317000000.0,14500000
2,0,1,7300000,10,799,44700000.0,2433333.3333333335,1.568421052631579,35715300000.0,28500000
0,1,1,6400000,12,727,54800000.0,6400000.0,2.502283105022831,39839600000.0,21900000
4,1,0,7100000,18,530,38500000.0,1420000.0,1.9444444444444444,20405000000.0,19800000
2,0,0,8800000,14,637,60800000.0,2933333.3333333335,3.2,38729600000.0,19000000
5,1,0,7400000,4,561,55400000.0,1233333.3333333333,2.638095238095238,31079400000.0,21000000
2,0,0,4400000,20,421,31100000.0,1466666.6666666667,2.591666666666667,13093100000.0,12000000
3,1,1,8600000,14,459,49000000.0,2150000.0,1.6171617161716172,22491000000.0,30300000
3,0,0,6900000,14,828,41100000.0,1725000.0,1.5807692307692307,34030800000.0,26000000
4,1,0,9600000,20,679,75000000.0,1920000.0,2.727272727272727,50925000000.0,27500000
2,1,1,8100000,8,455,63100000.0,2700000.0,2.455252918287938,28710500000.0,25700000
0,0,0,2600000,18,879,11600000.0,2600000.0,1.2340425531914894,10196400000.0,9400000
3,1,1,9300000,14,636,66900000.0,2325000.0,2.5632183908045976,42548400000.0,26100000
2,0,1,2100000,16,426,9000000.0,700000.0,1.6071428571428572,3834000000.0,5600000
4,0,1,9000000,14,508,71300000.0,1800000.0,3.316279069767442,36220400000.0,21500000
3,0,1,7000000,4,768,49200000.0,1750000.0,2.5625,37785600000.0,19200000
3,0,0,2200000,20,667,21400000.0,550000.0,3.34375,14273800000.0,6400000
5,1,1,7500000,2,440,44400000.0,1250000.0,1.574468085106383,19536000000.0,28200000
1,1,1,8300000,2,366,60400000.0,4150000.0,3.5952380952380953,22106400000.0,16800000
2,0,0,300000,2,383,2400000.0,100000.0,4.0,919200000.0,600000
0,0,1,300000,4,603,1800000.0,300000.0,2.25,1085400000.0,800000
3,1,0,3900000,4,728,29100000.0,975000.0,1.9530201342281879,21184800000.0,14900000
0,0,0,6600000,6,549,44600000.0,6600000.0,2.1970443349753697,24485400000.0,20300000
0,1,0,4100000,8,855,26500000.0,4100000.0,2.4766355140186915,22657500000.0,10700000
5,1,1,1800000,12,461,11500000.0,300000.0,2.169811320754717,5301500000.0,5300000
3,0,1,7000000,16,379,40200000.0,1750000.0,2.4968944099378882,15235800000.0,16100000
2,0,1,5100000,6,559,35400000.0,1700000.0,2.5839416058394162,19788600000.0,13700000
1,0,1,300000,8,816,2200000.0,150000.0,3.6666666666666665,1795200000.0,600000
4,0,1,4300000,2,560,26100000.0,860000.0,2.289473684210526,14616000000.0,11400000
0,1,1,3200000,14,645,22100000.0,3200000.0,1.8416666666666666,14254500000.0,12000000
4,0,1,4200000,6,551,34500000.0,840000.0,3.0,19009500000.0,11500000
0,0,1,9600000,8,515,60100000.0,9600000.0,2.6244541484716155,30951500000.0,22900000
4,1,0,1300000,10,657,9100000.0,260000.0,2.5277777777777777,5978700000.0,3600000
3,0,0,2400000,2,682,14200000.0,600000.0,1.5268817204301075,9684400000.0,9300000
0,1,0,600000,10,588,3100000.0,600000.0,1.9375,1822800000.0,1600000
5,1,1,9600000,10,359,63300000.0,1600000.0,1.6657894736842105,22724700000.0,38000000
0,1,0,400000,4,766,2700000.0,400000.0,2.25,2068200000.0,1200000
4,1,0,5900000,14,469,46300000.0,1180000.0,2.3266331658291457,21714700000.0,19900000
0,1,1,700000,10,618,3700000.0,700000.0,2.642857142857143,2286600000.0,1400000
0,0,1,8600000,20,711,60200000.0,8600000.0,3.401129943502825,42802200000.0,17700000
0,1,1,9000000,4,549,43300000.0,9000000.0,1.2735294117647058,23771700000.0,34000000
3,1,1,5100000,6,754,23700000.0,1275000.0,1.161764705882353,17869800000.0,20400000
4,0,1,500000,6,461,3700000.0,100000.0,2.466666666666667,1705700000.0,1500000
2,1,0,1600000,10,837,12000000.0,533333.3333333334,3.1578947368421053,10044000000.0,3800000
0,1,1,9800000,14,459,42700000.0,9800000.0,1.786610878661088,19599300000.0,23900000
4,1,0,7800000,20,614,55800000.0,1560000.0,1.878787878787879,34261200000.0,29700000
4,0,0,6500000,16,373,33000000.0,1300000.0,1.375,12309000000.0,24000000
5,1,1,7500000,12,512,49100000.0,1250000.0,1.8528301886792453,25139200000.0,26500000
4,1,1,8900000,18,781,50300000.0,1780000.0,2.1495726495726495,39284300000.0,23400000
4,1,1,1800000,14,305,9500000.0,360000.0,1.6379310344827587,2897500000.0,5800000
1,0,1,7600000,6,447,33000000.0,3800000.0,1.1870503597122302,14751000000.0,27800000
4,1,1,1200000,6,757,8400000.0,240000.0,1.826086956521739,6358800000.0,4600000
5,1,1,2700000,2,723,15200000.0,450000.0,1.4615384615384615,10989600000.0,10400000
1,0,1,4600000,12,463,19900000.0,2300000.0,1.8256880733944953,9213700000.0,10900000
2,0,0,6900000,10,699,44900000.0,2300000.0,2.4010695187165774,31385100000.0,18700000
4,1,1,8400000,2,308,55600000.0,1680000.0,2.2063492063492065,17124800000.0,25200000
0,1,0,300000,18,702,2000000.0,300000.0,4.0,1404000000.0,500000
2,0,1,9500000,4,456,74000000.0,3166666.6666666665,1.9733333333333334,33744000000.0,37500000
3,1,1,1900000,8,651,10500000.0,475000.0,1.7796610169491525,6835500000.0,5900000
3,0,0,4200000,20,840,23900000.0,1050000.0,1.6482758620689655,20076000000.0,14500000
4,1,1,2200000,18,848,16900000.0,440000.0,2.1392405063291138,14331200000.0,7900000
5,1,1,7100000,4,727,50000000.0,1183333.3333333333,2.5380710659898478,36350000000.0,19700000
4,1,0,3500000,10,335,24100000.0,700000.0,2.0775862068965516,8073500000.0,11600000
5,0,0,400000,18,304,3200000.0,66666.66666666667,4.0,972800000.0,800000
2,1,1,8800000,2,712,58200000.0,2933333.3333333335,1.691860465116279,41438400000.0,34400000
0,0,0,1800000,10,737,14500000.0,1800000.0,2.196969696969697,10686500000.0,6600000
1,1,1,7600000,14,690,57000000.0,3800000.0,1.9453924914675769,39330000000.0,29300000
1,1,1,1000000,4,888,7000000.0,500000.0,2.1875,6216000000.0,3200000
2,0,1,8200000,10,839,47100000.0,2733333.3333333335,1.7316176470588236,39516900000.0,27200000
5,0,1,3600000,8,333,24500000.0,600000.0,1.9758064516129032,8158500000.0,12400000
5,1,0,9400000,18,862,53000000.0,1566666.6666666667,2.2362869198312234,45686000000.0,23700000
5,0,0,2600000,4,309,17100000.0,433333.3333333333,1.879120879120879,5283900000.0,9100000
5,0,0,9500000,10,823,63400000.0,1583333.3333333333,2.0651465798045603,52178200000.0,30700000
0,1,1,3500000,14,649,19600000.0,3500000.0,1.6752136752136753,12720400000.0,11700000
5,0,1,9800000,10,726,71500000.0,1633333.3333333333,2.0028011204481793,51909000000.0,35700000
4,1,0,800000,18,712,4100000.0,160000.0,1.3225806451612903,2919200000.0,3100000
0,0,0,9700000,20,701,62900000.0,9700000.0,1.6863270777479893,44092900000.0,37300000
3,1,0,6200000,12,655,42300000.0,1550000.0,1.9859154929577465,27706500000.0,21300000
1,0,1,4400000,18,385,24600000.0,2200000.0,1.4819277108433735,9471000000.0,16600000
2,1,0,1800000,4,777,13800000.0,600000.0,3.6315789473684212,10722600000.0,3800000
3,1,0,1700000,14,696,6300000.0,425000.0,1.1886792452830188,4384800000.0,5300000
3,1,0,3900000,16,496,21300000.0,975000.0,1.5106382978723405,10564800000.0,14100000
2,1,1,2200000,6,659,16200000.0,733333.3333333334,2.050632911392405,10675800000.0,7900000
3,0,1,6300000,2,542,39400000.0,1575000.0,2.225988700564972,21354800000.0,17700000
2,0,0,2200000,18,729,16100000.0,733333.3333333334,1.8505747126436782,11736900000.0,8700000
1,1,0,8100000,6,744,60300000.0,4050000.0,2.1232394366197185,44863200000.0,28400000
4,0,0,6800000,2,749,58300000.0,1360000.0,3.429411764705882,43666700000.0,17000000
0,1,0,4700000,20,755,36400000.0,4700000.0,2.4594594594594597,27482000000.0,14800000
3,1,1,2200000,2,506,11900000.0,550000.0,2.2452830188679247,6021400000.0,5300000
3,1,1,3500000,6,391,27200000.0,875000.0,2.0923076923076924,10635200000.0,13000000
1,0,1,3500000,10,898,19300000.0,1750000.0,1.6637931034482758,17331400000.0,11600000
5,0,0,500000,12,527,2000000.0,83333.33333333333,1.3333333333333333,1054000000.0,1500000
5,0,0,9900000,20,470,81700000.0,1650000.0,2.282122905027933,38399000000.0,35800000
1,1,0,8400000,12,694,50900000.0,4200000.0,2.036,35324600000.0,25000000
1,1,0,5000000,14,325,35900000.0,2500000.0,1.9095744680851063,11667500000.0,18800000
4,0,1,5500000,10,880,23800000.0,1100000.0,1.7761194029850746,20944000000.0,13400000
5,1,1,3000000,14,459,26700000.0,500000.0,2.2436974789915967,12255300000.0,11900000
3,0,1,9400000,10,323,61500000.0,2350000.0,2.8738317757009346,19864500000.0,21400000
4,1,0,7600000,8,739,61100000.0,1520000.0,2.106896551724138,45152900000.0,29000000
0,0,1,5500000,10,724,31500000.0,5500000.0,1.9325153374233128,22806000000.0,16300000
1,1,0,3100000,18,487,23300000.0,1550000.0,3.1486486486486487,11347100000.0,7400000
3,1,0,7700000,4,439,54700000.0,1925000.0,1.9747292418772564,24013300000.0,27700000
2,1,0,9800000,2,655,53700000.0,3266666.6666666665,2.1141732283464565,35173500000.0,25400000
3,0,0,3200000,14,443,16100000.0,800000.0,1.75,7132300000.0,9200000
2,1,0,700000,20,489,3600000.0,233333.33333333334,1.3846153846153846,1760400000.0,2600000
4,0,1,3100000,14,427,20500000.0,620000.0,2.383720930232558,8753500000.0,8600000
0,1,1,4500000,20,417,27200000.0,4500000.0,2.5904761904761906,11342400000.0,10500000
5,0,1,8900000,18,842,49300000.0,1483333.3333333333,1.9879032258064515,41510600000.0,24800000
3,0,0,5900000,2,307,52900000.0,1475000.0,2.2801724137931036,16240300000.0,23200000
2,0,0,1500000,18,428,12400000.0,500000.0,2.7555555555555555,5307200000.0,4500000
4,0,1,6300000,16,415,45900000.0,1260000.0,3.0197368421052633,19048500000.0,15200000
3,0,1,6500000,20,405,41200000.0,1625000.0,2.2637362637362637,16686000000.0,18200000
4,1,0,8000000,18,683,57900000.0,1600000.0,1.838095238095238,39545700000.0,31500000
1,1,1,3300000,14,742,13800000.0,1650000.0,1.3018867924528301,10239600000.0,10600000
4,0,0,3900000,10,530,25300000.0,780000.0,2.53,13409000000.0,10000000
3,1,0,1600000,10,844,13500000.0,400000.0,3.857142857142857,11394000000.0,3500000
2,0,1,3900000,18,715,22600000.0,1300000.0,1.6258992805755397,16159000000.0,13900000
3,1,1,8000000,12,476,53700000.0,2000000.0,2.041825095057034,25561200000.0,26300000
2,1,0,2200000,6,721,11000000.0,733333.3333333334,2.2916666666666665,7931000000.0,4800000
4,0,0,7600000,12,339,56400000.0,1520000.0,1.8613861386138615,19119600000.0,30300000
5,0,1,2700000,6,461,16400000.0,450000.0,2.411764705882353,7560400000.0,6800000
2,1,1,6300000,12,556,44800000.0,2100000.0,1.9310344827586208,24908800000.0,23200000
3,0,0,7700000,8,483,55500000.0,1925000.0,2.9679144385026737,26806500000.0,18700000
2,1,0,4500000,18,406,27500000.0,1500000.0,1.5988372093023255,11165000000.0,17200000
2,1,1,9400000,14,513,87100000.0,3133333.3333333335,3.5120967741935485,44682300000.0,24800000
0,0,0,4600000,16,574,28300000.0,4600000.0,2.246031746031746,16244200000.0,12600000
0,1,1,5200000,6,692,29100000.0,5200000.0,1.8535031847133758,20137200000.0,15700000
5,1,1,8000000,18,867,63800000.0,1333333.3333333333,2.140939597315436,55314600000.0,29800000
1,0,1,9900000,2,875,49200000.0,4950000.0,1.277922077922078,43050000000.0,38500000
4,1,1,8500000,10,597,52400000.0,1700000.0,2.817204301075269,31282800000.0,18600000
2,1,1,4900000,20,513,45400000.0,1633333.3333333333,3.783333333333333,23290200000.0,12000000
3,1,1,7000000,2,354,49000000.0,1750000.0,2.024793388429752,17346000000.0,24200000
2,0,0,9600000,18,647,68800000.0,3200000.0,2.6563706563706564,44513600000.0,25900000
1,1,0,9700000,6,875,74400000.0,4850000.0,3.1392405063291138,65100000000.0,23700000
1,1,0,6200000,20,819,40200000.0,3100000.0,2.8111888111888113,32923800000.0,14300000
4,0,1,4100000,10,521,38000000.0,820000.0,3.9583333333333335,19798000000.0,9600000
0,1,1,6100000,20,761,28000000.0,6100000.0,1.407035175879397,21308000000.0,19900000
0,1,0,700000,18,572,4700000.0,700000.0,2.473684210526316,2688400000.0,1900000
3,1,0,6400000,12,571,51200000.0,1600000.0,2.12448132780083,29235200000.0,24100000
4,1,1,3800000,20,891,29200000.0,760000.0,3.7435897435897436,26017200000.0,7800000
1,0,0,4900000,12,895,40300000.0,2450000.0,2.722972972972973,36068500000.0,14800000
2,1,0,2100000,20,580,16200000.0,700000.0,2.4545454545454546,9396000000.0,6600000
2,1,0,6200000,8,605,51800000.0,2066666.6666666667,2.213675213675214,31339000000.0,23400000
4,0,0,1600000,8,705,10200000.0,320000.0,2.0,7191000000.0,5100000
1,0,1,1300000,20,423,7200000.0,650000.0,1.44,3045600000.0,5000000
5,0,1,7300000,2,846,40500000.0,1216666.6666666667,1.8,34263000000.0,22500000
2,0,0,2100000,4,542,11000000.0,700000.0,2.2,5962000000.0,5000000
5,0,0,600000,18,631,3900000.0,100000.0,1.625,2460900000.0,2400000
4,1,0,7000000,18,318,25900000.0,1400000.0,1.0571428571428572,8236200000.0,24500000
1,0,1,3000000,10,541,25100000.0,1500000.0,3.6911764705882355,13579100000.0,6800000
1,1,0,900000,20,782,5800000.0,450000.0,2.0,4535600000.0,2900000
2,1,0,9600000,2,888,62800000.0,3200000.0,1.7942857142857143,55766400000.0,35000000
0,1,0,1500000,14,747,5800000.0,1500000.0,1.6111111111111112,4332600000.0,3600000
0,1,1,5000000,6,641,39100000.0,5000000.0,2.068783068783069,25063100000.0,18900000
3,1,1,500000,4,640,2600000.0,125000.0,1.5294117647058822,1664000000.0,1700000
4,0,0,7600000,12,324,52000000.0,1520000.0,1.8505338078291815,16848000000.0,28100000
4,1,0,5500000,20,359,34500000.0,1100000.0,1.6273584905660377,12385500000.0,21200000
0,0,1,6600000,12,338,31400000.0,6600000.0,1.3476394849785407,10613200000.0,23300000
0,1,0,1400000,14,384,9300000.0,1400000.0,2.90625,3571200000.0,3200000
5,0,1,8800000,16,545,73700000.0,1466666.6666666667,2.7706766917293235,40166500000.0,26600000
5,0,0,6200000,18,610,45900000.0,1033333.3333333334,1.896694214876033,27999000000.0,24200000
2,1,1,8300000,18,840,44400000.0,2766666.6666666665,1.5913978494623655,37296000000.0,27900000
3,0,0,2400000,6,630,19400000.0,600000.0,2.3950617283950617,12222000000.0,8100000
1,1,0,9100000,4,508,63400000.0,4550000.0,2.032051282051282,32207200000.0,31200000
0,0,1,9500000,4,535,54500000.0,9500000.0,1.5616045845272206,29157500000.0,34900000
1,1,0,1200000,20,717,8000000.0,600000.0,2.3529411764705883,5736000000.0,3400000
2,1,1,7700000,8,735,37300000.0,2566666.6666666665,1.932642487046632,27415500000.0,19300000
5,1,1,7800000,20,528,44200000.0,1300000.0,2.0090909090909093,23337600000.0,22000000
0,1,1,9400000,4,350,46600000.0,9400000.0,2.33,16310000000.0,20000000
0,0,0,1700000,12,422,11900000.0,1700000.0,2.087719298245614,5021800000.0,5700000
5,1,0,4000000,6,496,26600000.0,666666.6666666666,1.9416058394160585,13193600000.0,13700000
4,0,0,4200000,18,794,23600000.0,840000.0,1.5225806451612902,18738400000.0,15500000
2,1,0,2400000,6,719,16000000.0,800000.0,2.0779220779220777,11504000000.0,7700000
3,0,1,2700000,14,630,19600000.0,675000.0,3.2131147540983607,12348000000.0,6100000
3,0,1,600000,4,843,3800000.0,150000.0,2.111111111111111,3203400000.0,1800000
2,1,0,4600000,2,764,31000000.0,1533333.3333333333,1.9871794871794872,23684000000.0,15600000
3,1,0,7200000,4,662,46200000.0,1800000.0,2.610169491525424,30584400000.0,17700000
0,0,0,4700000,16,311,33200000.0,4700000.0,2.141935483870968,10325200000.0,15500000
4,0,0,4300000,2,606,26100000.0,860000.0,2.5841584158415842,15816600000.0,10100000
5,1,0,4700000,16,874,36600000.0,783333.3333333334,3.588235294117647,31988400000.0,10200000
4,0,1,8700000,4,370,79900000.0,1740000.0,2.6633333333333336,29563000000.0,30000000
1,1,0,7000000,10,414,53000000.0,3500000.0,2.5853658536585367,21942000000.0,20500000
2,0,0,600000,10,800,4600000.0,200000.0,4.181818181818182,3680000000.0,1100000
1,0,0,6800000,12,779,51800000.0,3400000.0,3.06508875739645,40352200000.0,16900000
1,0,0,6400000,20,553,39800000.0,3200000.0,2.8226950354609928,22009400000.0,14100000
4,0,0,7600000,18,445,42800000.0,1520000.0,1.431438127090301,19046000000.0,29900000
3,0,0,9000000,8,496,68000000.0,2250000.0,3.177570093457944,33728000000.0,21400000
0,1,1,2400000,10,650,16400000.0,2400000.0,2.7796610169491527,10660000000.0,5900000
3,0,0,6800000,6,783,58900000.0,1700000.0,3.2905027932960893,46118700000.0,17900000
5,1,1,3500000,10,535,24400000.0,583333.3333333334,1.8074074074074074,13054000000.0,13500000
4,1,1,8900000,20,415,63000000.0,1780000.0,1.8529411764705883,26145000000.0,34000000
0,0,0,6000000,8,709,30500000.0,6000000.0,1.9934640522875817,21624500000.0,15300000
3,0,0,700000,14,819,5600000.0,175000.0,2.24,4586400000.0,2500000
0,0,1,6800000,18,841,43800000.0,6800000.0,2.531791907514451,36835800000.0,17300000
4,0,1,5300000,12,700,41100000.0,1060000.0,3.8411214953271027,28770000000.0,10700000
1,1,1,1400000,4,881,10400000.0,700000.0,2.4761904761904763,9162400000.0,4200000
2,1,1,1400000,4,804,10000000.0,466666.6666666667,2.1739130434782608,8040000000.0,4600000
4,0,0,9200000,6,653,65300000.0,1840000.0,3.0092165898617513,42640900000.0,21700000
1,1,1,7900000,2,663,70400000.0,3950000.0,2.410958904109589,46675200000.0,29200000
0,0,0,4500000,10,495,29700000.0,4500000.0,1.697142857142857,14701500000.0,17500000
1,0,0,3800000,8,335,21200000.0,1900000.0,2.163265306122449,7102000000.0,9800000
5,1,1,1500000,6,618,8500000.0,250000.0,1.7346938775510203,5253000000.0,4900000
3,0,0,1200000,12,480,7900000.0,300000.0,3.2916666666666665,3792000000.0,2400000
4,0,0,1700000,18,843,15000000.0,340000.0,3.061224489795918,12645000000.0,4900000
4,1,0,5200000,16,483,34500000.0,1040000.0,2.4468085106382977,16663500000.0,14100000
1,0,0,1600000,12,548,9300000.0,800000.0,1.8235294117647058,5096400000.0,5100000
4,1,1,6600000,16,379,48300000.0,1320000.0,3.01875,18305700000.0,16000000
5,0,1,9400000,20,771,71400000.0,1566666.6666666667,2.6842105263157894,55049400000.0,26600000
4,1,1,300000,2,353,2300000.0,60000.0,4.6,811900000.0,500000
5,0,0,4600000,16,668,25300000.0,766666.6666666666,2.2,16900400000.0,11500000
3,0,1,6100000,2,387,30600000.0,1525000.0,1.4366197183098592,11842200000.0,21300000
0,0,1,1500000,12,789,12300000.0,1500000.0,3.0,9704700000.0,4100000
0,1,1,400000,2,855,7900000.0,400000.0,8.777777777777779,6754500000.0,900000
0,0,0,8700000,14,751,50600000.0,8700000.0,1.505952380952381,38000600000.0,33600000
3,0,0,7000000,12,739,42100000.0,1750000.0,1.9490740740740742,31111900000.0,21600000
4,1,0,4700000,14,492,26000000.0,940000.0,1.984732824427481,12792000000.0,13100000
4,0,1,7600000,16,896,30000000.0,1520000.0,1.2605042016806722,26880000000.0,23800000
1,0,1,9200000,4,545,59600000.0,4600000.0,2.4326530612244897,32482000000.0,24500000
5,0,0,9400000,20,891,58700000.0,1566666.6666666667,1.5951086956521738,52301700000.0,36800000
0,1,0,4800000,6,848,23900000.0,4800000.0,1.5827814569536425,20267200000.0,15100000
3,0,1,600000,12,884,3400000.0,150000.0,1.4166666666666667,3005600000.0,2400000
3,1,1,4900000,14,439,38400000.0,1225000.0,2.6853146853146854,16857600000.0,14300000
3,1,1,3300000,12,586,24300000.0,825000.0,2.8588235294117648,14239800000.0,8500000
3,1,1,9100000,20,308,50000000.0,2275000.0,2.6595744680851063,15400000000.0,18800000
5,1,0,6100000,16,300,28600000.0,1016666.6666666666,1.2170212765957447,8580000000.0,23500000
3,1,1,8400000,2,741,48700000.0,2100000.0,2.4846938775510203,36086700000.0,19600000
4,1,0,7900000,8,698,61700000.0,1580000.0,1.964968152866242,43066600000.0,31400000
2,0,1,6100000,10,733,44600000.0,2033333.3333333333,2.0,32691800000.0,22300000
3,0,1,2000000,16,571,12700000.0,500000.0,3.0238095238095237,7251700000.0,4200000
3,1,1,9900000,20,490,54100000.0,2475000.0,1.8093645484949832,26509000000.0,29900000
2,0,0,9500000,16,451,67100000.0,3166666.6666666665,2.641732283464567,30262100000.0,25400000
4,1,1,1900000,6,559,13200000.0,380000.0,1.9411764705882353,7378800000.0,6800000
4,1,1,6900000,10,577,35900000.0,1380000.0,1.6775700934579438,20714300000.0,21400000
2,0,1,1500000,4,613,13000000.0,500000.0,2.6,7969000000.0,5000000
4,0,0,1900000,20,785,9200000.0,380000.0,2.4210526315789473,7222000000.0,3800000
0,1,1,2300000,8,690,16400000.0,2300000.0,2.7333333333333334,11316000000.0,6000000
2,0,0,7800000,14,351,52600000.0,2600000.0,3.0760233918128654,18462600000.0,17100000
4,0,0,400000,10,447,1500000.0,80000.0,1.5,670500000.0,1000000
0,1,1,9400000,20,708,74100000.0,9400000.0,3.859375,52462800000.0,19200000
2,1,0,9100000,12,549,83400000.0,3033333.3333333335,3.8433179723502304,45786600000.0,21700000
1,1,1,9000000,8,797,43900000.0,4500000.0,2.3351063829787235,34988300000.0,18800000
4,0,0,7100000,14,537,48400000.0,1420000.0,3.3846153846153846,25990800000.0,14300000
3,1,0,800000,12,828,3900000.0,200000.0,1.56,3229200000.0,2500000
0,1,1,4500000,14,471,25500000.0,4500000.0,2.65625,12010500000.0,9600000
5,1,0,8500000,4,336,49300000.0,1416666.6666666667,1.9409448818897639,16564800000.0,25400000
3,0,1,2500000,16,424,15000000.0,625000.0,1.530612244897959,6360000000.0,9800000
2,1,0,1500000,18,440,7900000.0,500000.0,2.393939393939394,3476000000.0,3300000
0,0,0,6200000,8,583,24500000.0,6200000.0,1.416184971098266,14283500000.0,17300000
1,0,1,1300000,6,480,7500000.0,650000.0,2.586206896551724,3600000000.0,2900000
5,0,0,6600000,10,670,40900000.0,1100000.0,1.5852713178294573,27403000000.0,25800000
0,1,1,5300000,6,329,30400000.0,5300000.0,2.218978102189781,10001600000.0,13700000
5,0,0,1400000,6,754,12900000.0,233333.33333333334,4.3,9726600000.0,3000000
2,0,1,2900000,18,588,16300000.0,966666.6666666666,2.08974358974359,9584400000.0,7800000
3,0,0,6500000,4,551,32200000.0,1625000.0,1.9515151515151514,17742200000.0,16500000
3,1,0,8300000,4,316,59400000.0,2075000.0,3.142857142857143,18770400000.0,18900000
2,0,1,8900000,12,382,37200000.0,2966666.6666666665,1.15527950310559,14210400000.0,32200000
3,1,0,5300000,6,717,33500000.0,1325000.0,2.2333333333333334,24019500000.0,15000000
0,1,0,2800000,6,676,14600000.0,2800000.0,2.0,9869600000.0,7300000
1,0,0,8000000,6,667,51000000.0,4000000.0,1.8345323741007193,34017000000.0,27800000
3,0,0,3900000,20,821,22800000.0,975000.0,2.1714285714285713,18718800000.0,10500000
0,1,0,6200000,20,345,36700000.0,6200000.0,1.8258706467661692,12661500000.0,20100000
3,0,1,5900000,10,442,33000000.0,1475000.0,1.71875,14586000000.0,19200000
1,1,1,6000000,12,672,39300000.0,3000000.0,1.6866952789699572,26409600000.0,23300000
3,0,1,9100000,2,508,67600000.0,2275000.0,2.3071672354948807,34340800000.0,29300000
5,1,1,3400000,10,615,23500000.0,566666.6666666666,1.910569105691057,14452500000.0,12300000
1,1,1,1800000,8,689,11100000.0,900000.0,2.522727272727273,7647900000.0,4400000
1,1,0,300000,18,747,1000000.0,150000.0,0.8333333333333334,747000000.0,1200000
1,1,1,9000000,10,412,52300000.0,4500000.0,2.293859649122807,21547600000.0,22800000
1,1,0,6400000,2,703,36900000.0,3200000.0,2.1834319526627217,25940700000.0,16900000
5,0,0,5800000,16,884,34000000.0,966666.6666666666,1.5315315315315314,30056000000.0,22200000
5,1,1,2600000,18,651,11500000.0,433333.3333333333,1.3372093023255813,7486500000.0,8600000
4,0,0,6600000,14,793,39500000.0,1320000.0,2.2832369942196533,31323500000.0,17300000
2,0,0,6100000,4,407,35900000.0,2033333.3333333333,1.646788990825688,14611300000.0,21800000
2,0,0,4100000,8,390,17400000.0,1366666.6666666667,1.5675675675675675,6786000000.0,11100000
3,0,1,300000,12,469,2000000.0,75000.0,2.0,938000000.0,1000000
4,1,0,4700000,6,373,35100000.0,940000.0,3.375,13092300000.0,10400000
4,1,1,1500000,2,304,8700000.0,300000.0,1.5,2644800000.0,5800000
5,0,0,2700000,8,833,16000000.0,450000.0,1.927710843373494,13328000000.0,8300000
2,1,0,6900000,2,302,65500000.0,2300000.0,3.1339712918660285,19781000000.0,20900000
0,1,0,7600000,6,397,52600000.0,7600000.0,1.8327526132404182,20882200000.0,28700000
1,1,0,4100000,6,891,21400000.0,2050000.0,2.14,19067400000.0,10000000
3,0,0,4100000,2,457,20200000.0,1025000.0,1.6557377049180328,9231400000.0,12200000
4,0,0,1600000,16,657,7200000.0,320000.0,2.25,4730400000.0,3200000
2,0,1,400000,2,480,2700000.0,133333.33333333334,1.9285714285714286,1296000000.0,1400000
5,1,1,4400000,20,840,23900000.0,733333.3333333334,1.3815028901734103,20076000000.0,17300000
2,0,1,3800000,12,866,16900000.0,1266666.6666666667,2.1125,14635400000.0,8000000
0,0,0,4300000,8,619,31700000.0,4300000.0,1.8647058823529412,19622300000.0,17000000
1,1,1,9000000,2,748,54900000.0,4500000.0,1.6388059701492537,41065200000.0,33500000
3,0,1,9500000,12,881,71600000.0,2375000.0,2.8078431372549018,63079600000.0,25500000
2,1,1,6900000,8,829,49400000.0,2300000.0,3.553956834532374,40952600000.0,13900000
3,0,0,4300000,6,312,22000000.0,1075000.0,1.981981981981982,6864000000.0,11100000
3,0,0,6600000,10,467,46700000.0,1650000.0,2.182242990654206,21808900000.0,21400000
1,1,1,5200000,18,650,28900000.0,2600000.0,2.020979020979021,18785000000.0,14300000
3,1,1,400000,6,711,1900000.0,100000.0,1.7272727272727273,1350900000.0,1100000
4,0,0,1300000,18,886,7700000.0,260000.0,1.8780487804878048,6822200000.0,4100000
5,0,0,9700000,4,494,51700000.0,1616666.6666666667,1.8204225352112675,25539800000.0,28400000
2,1,1,5400000,14,741,33300000.0,1800000.0,3.055045871559633,24675300000.0,10900000
4,0,0,1200000,12,876,5300000.0,240000.0,1.606060606060606,4642800000.0,3300000
0,1,1,7000000,14,610,33500000.0,7000000.0,1.268939393939394,20435000000.0,26400000
5,1,0,7600000,6,778,51700000.0,1266666.6666666667,1.9884615384615385,40222600000.0,26000000
5,1,1,700000,14,571,2900000.0,116666.66666666667,1.6111111111111112,1655900000.0,1800000
3,1,1,7500000,18,554,53600000.0,1875000.0,2.135458167330677,29694400000.0,25100000
0,0,1,2300000,8,712,18800000.0,2300000.0,3.032258064516129,13385600000.0,6200000
5,0,1,5600000,4,695,36100000.0,933333.3333333334,3.139130434782609,25089500000.0,11500000
0,0,1,5400000,20,366,30000000.0,5400000.0,2.7522935779816513,10980000000.0,10900000
1,0,1,1800000,10,426,14000000.0,900000.0,2.5454545454545454,5964000000.0,5500000
0,0,0,2900000,10,320,14800000.0,2900000.0,2.1449275362318843,4736000000.0,6900000
3,0,1,1400000,8,543,7400000.0,350000.0,1.608695652173913,4018200000.0,4600000
2,1,0,2800000,16,525,18200000.0,933333.3333333334,1.6545454545454545,9555000000.0,11000000
0,0,1,3300000,12,812,21500000.0,3300000.0,1.6412213740458015,17458000000.0,13100000
0,0,0,7000000,14,697,46500000.0,7000000.0,1.8379446640316206,32410500000.0,25300000
1,0,0,3900000,12,527,30600000.0,1950000.0,2.0264900662251657,16126200000.0,15100000
1,0,0,5700000,4,512,35700000.0,2850000.0,2.0755813953488373,18278400000.0,17200000
0,1,0,4100000,4,671,25000000.0,4100000.0,2.717391304347826,16775000000.0,9200000
1,1,1,2200000,20,539,15800000.0,1100000.0,1.8160919540229885,8516200000.0,8700000
5,0,0,2200000,10,532,12100000.0,366666.6666666667,1.6805555555555556,6437200000.0,7200000
3,0,1,2500000,16,485,14400000.0,625000.0,1.87012987012987,6984000000.0,7700000
0,0,1,900000,6,521,4600000.0,900000.0,2.1904761904761907,2396600000.0,2100000
1,0,0,2900000,10,874,15000000.0,1450000.0,2.027027027027027,13110000000.0,7400000
2,0,0,9800000,10,788,52800000.0,3266666.6666666665,2.3056768558951966,41606400000.0,22900000
2,0,0,5200000,12,659,38900000.0,1733333.3333333333,2.6283783783783785,25635100000.0,14800000
1,1,1,8600000,16,498,44100000.0,4300000.0,2.25,21961800000.0,19600000
2,1,1,4800000,20,310,33500000.0,1600000.0,2.537878787878788,10385000000.0,13200000
0,1,0,2000000,6,785,13100000.0,2000000.0,2.7872340425531914,10283500000.0,4700000
0,1,0,3600000,10,309,19200000.0,3600000.0,2.206896551724138,5932800000.0,8700000
3,0,1,5300000,2,433,38400000.0,1325000.0,1.9591836734693877,16627200000.0,19600000
1,0,1,400000,18,801,2200000.0,200000.0,1.6923076923076923,1762200000.0,1300000
3,1,1,6500000,6,488,57000000.0,1625000.0,2.544642857142857,27816000000.0,22400000
0,0,1,2300000,16,756,13700000.0,2300000.0,2.283333333333333,10357200000.0,6000000
3,1,0,1000000,4,757,7300000.0,250000.0,2.607142857142857,5526100000.0,2800000
5,0,0,3200000,6,828,26200000.0,533333.3333333334,2.594059405940594,21693600000.0,10100000
3,1,1,3400000,12,733,17800000.0,850000.0,2.4722222222222223,13047400000.0,7200000
0,0,0,9600000,8,421,63100000.0,9600000.0,1.6518324607329844,26565100000.0,38200000
3,0,0,5300000,4,872,37600000.0,1325000.0,1.8522167487684729,32787200000.0,20300000
3,1,0,4700000,10,393,41700000.0,1175000.0,2.396551724137931,16388100000.0,17400000
3,1,0,9700000,12,700,57200000.0,2425000.0,1.5132275132275133,40040000000.0,37800000
5,1,0,8800000,18,613,65900000.0,1466666.6666666667,3.050925925925926,40396700000.0,21600000
5,1,0,5900000,6,455,42900000.0,983333.3333333334,3.201492537313433,19519500000.0,13400000
4,1,1,2400000,16,871,19300000.0,480000.0,2.7183098591549295,16810300000.0,7100000
4,1,1,7900000,16,497,38200000.0,1580000.0,1.7767441860465116,18985400000.0,21500000
0,1,0,1400000,2,649,10200000.0,1400000.0,3.7777777777777777,6619800000.0,2700000
0,1,1,3500000,14,709,21300000.0,3500000.0,2.13,15101700000.0,10000000
4,1,0,3400000,12,705,24300000.0,680000.0,1.8,17131500000.0,13500000
2,1,0,6100000,2,476,33800000.0,2033333.3333333333,1.4322033898305084,16088800000.0,23600000
2,0,1,3000000,4,819,18300000.0,1000000.0,2.5774647887323945,14987700000.0,7100000
5,0,1,3400000,16,535,24800000.0,566666.6666666666,2.6382978723404253,13268000000.0,9400000
0,1,1,400000,14,889,2200000.0,400000.0,1.8333333333333333,1955800000.0,1200000
0,1,0,5900000,12,468,42800000.0,5900000.0,3.6271186440677967,20030400000.0,11800000
5,1,1,400000,2,759,2200000.0,66666.66666666667,2.75,1669800000.0,800000
3,1,1,9000000,2,426,70400000.0,2250000.0,2.0952380952380953,29990400000.0,33600000
0,1,1,8800000,8,712,42100000.0,8800000.0,1.7838983050847457,29975200000.0,23600000
4,1,1,2000000,2,615,10300000.0,400000.0,2.1914893617021276,6334500000.0,4700000
2,1,0,4700000,12,784,37800000.0,1566666.6666666667,2.7,29635200000.0,14000000
4,0,0,2700000,16,677,13700000.0,540000.0,2.2459016393442623,9274900000.0,6100000
1,0,0,2600000,12,306,15300000.0,1300000.0,1.9367088607594938,4681800000.0,7900000
1,0,1,9000000,16,655,67100000.0,4500000.0,2.641732283464567,43950500000.0,25400000
4,0,0,5100000,8,755,22700000.0,1020000.0,1.1701030927835052,17138500000.0,19400000
2,1,0,6600000,18,598,29200000.0,2200000.0,1.1317829457364341,17461600000.0,25800000
2,1,0,4400000,18,712,20800000.0,1466666.6666666667,2.122448979591837,14809600000.0,9800000
4,0,1,1500000,6,524,12100000.0,300000.0,2.630434782608696,6340400000.0,4600000
1,0,0,6200000,16,838,41000000.0,3100000.0,1.774891774891775,34358000000.0,23100000
4,1,1,900000,6,560,6400000.0,180000.0,2.206896551724138,3584000000.0,2900000
3,0,0,7700000,12,759,39000000.0,1925000.0,1.4772727272727273,29601000000.0,26400000
2,1,1,600000,6,454,3300000.0,200000.0,1.375,1498200000.0,2400000
4,0,0,4300000,4,539,28100000.0,860000.0,1.7030303030303031,15145900000.0,16500000
2,0,1,8200000,16,827,56900000.0,2733333.3333333335,2.0467625899280577,47056300000.0,27800000
0,0,0,3500000,12,686,21800000.0,3500000.0,1.8319327731092436,14954800000.0,11900000
1,1,1,9900000,14,371,67000000.0,4950000.0,1.964809384164223,24857000000.0,34100000
5,1,0,700000,4,784,4200000.0,116666.66666666667,2.210526315789474,3292800000.0,1900000
1,1,1,2100000,16,826,14200000.0,1050000.0,1.9452054794520548,11729200000.0,7300000
2,0,0,3200000,12,502,20300000.0,1066666.6666666667,1.9333333333333333,10190600000.0,10500000
0,1,0,2900000,8,367,15700000.0,2900000.0,2.0128205128205128,5761900000.0,7800000
0,0,0,7000000,6,541,41800000.0,7000000.0,2.2841530054644807,22613800000.0,18300000
1,1,0,3700000,16,608,18800000.0,1850000.0,1.3823529411764706,11430400000.0,13600000
3,0,1,4500000,12,570,28400000.0,1125000.0,2.16793893129771,16188000000.0,13100000
3,1,0,200000,18,752,900000.0,50000.0,1.125,676800000.0,800000
5,0,1,5600000,8,873,42200000.0,933333.3333333334,2.0585365853658537,36840600000.0,20500000
5,1,0,5400000,2,538,33200000.0,900000.0,1.7849462365591398,17861600000.0,18600000
4,0,0,300000,10,819,2100000.0,60000.0,2.1,1719900000.0,1000000
1,1,1,7500000,18,770,43300000.0,3750000.0,1.4530201342281879,33341000000.0,29800000
5,0,1,2500000,6,345,13200000.0,416666.6666666667,1.375,4554000000.0,9600000
4,1,1,3100000,12,730,24300000.0,620000.0,3.0,17739000000.0,8100000
1,1,1,7600000,20,835,38300000.0,3800000.0,1.9844559585492227,31980500000.0,19300000
3,0,1,500000,2,811,2600000.0,125000.0,1.5294117647058822,2108600000.0,1700000
2,0,0,2700000,14,662,15900000.0,900000.0,2.694915254237288,10525800000.0,5900000
2,0,1,3500000,4,420,18400000.0,1166666.6666666667,1.3834586466165413,7728000000.0,13300000
5,0,0,3700000,4,413,28600000.0,616666.6666666666,2.4444444444444446,11811800000.0,11700000
2,0,1,5600000,10,367,43800000.0,1866666.6666666667,2.19,16074600000.0,20000000
5,0,1,4800000,14,390,24300000.0,800000.0,1.4817073170731707,9477000000.0,16400000
4,0,1,5200000,2,602,39300000.0,1040000.0,3.221311475409836,23658600000.0,12200000
3,1,0,2900000,16,843,19900000.0,725000.0,1.7304347826086957,16775700000.0,11500000
1,1,0,2700000,20,713,11800000.0,1350000.0,1.7352941176470589,8413400000.0,6800000
3,1,0,5000000,8,591,24300000.0,1250000.0,1.5,14361300000.0,16200000
2,0,1,2700000,14,701,15600000.0,900000.0,1.6595744680851063,10935600000.0,9400000
4,0,1,2800000,12,655,20300000.0,560000.0,2.03,13296500000.0,10000000
3,0,1,7300000,18,720,58200000.0,1825000.0,2.91,41904000000.0,20000000
0,1,1,5900000,10,794,30600000.0,5900000.0,2.0264900662251657,24296400000.0,15100000
0,1,0,8100000,2,392,63300000.0,8100000.0,2.971830985915493,24813600000.0,21300000
3,1,1,1900000,6,583,11700000.0,475000.0,1.647887323943662,6821100000.0,7100000
5,1,0,1800000,18,457,8500000.0,300000.0,1.25,3884500000.0,6800000
0,0,1,7600000,14,570,58700000.0,7600000.0,3.297752808988764,33459000000.0,17800000
1,1,0,9100000,14,890,70200000.0,4550000.0,2.3322259136212624,62478000000.0,30100000
2,0,1,5300000,14,472,35300000.0,1766666.6666666667,2.869918699186992,16661600000.0,12300000
2,0,0,3700000,12,788,17200000.0,1233333.3333333333,1.5779816513761469,13553600000.0,10900000
0,0,0,9500000,6,605,60800000.0,9500000.0,1.7223796033994334,36784000000.0,35300000
3,1,0,8300000,10,473,57800000.0,2075000.0,1.8950819672131147,27339400000.0,30500000
5,1,0,6400000,16,728,32500000.0,1066666.6666666667,1.5116279069767442,23660000000.0,21500000
5,1,1,5300000,16,505,36400000.0,883333.3333333334,2.044943820224719,18382000000.0,17800000
0,1,1,5600000,6,407,29600000.0,5600000.0,1.5336787564766838,12047200000.0,19300000
1,1,1,900000,18,464,3900000.0,450000.0,2.2941176470588234,1809600000.0,1700000
0,1,1,2400000,20,514,14700000.0,2400000.0,2.0416666666666665,7555800000.0,7200000
1,1,0,9500000,10,627,70800000.0,4750000.0,3.0782608695652174,44391600000.0,23000000
2,0,1,7400000,20,627,55300000.0,2466666.6666666665,3.7114093959731544,34673100000.0,14900000
4,0,1,1500000,10,858,7900000.0,300000.0,2.46875,6778200000.0,3200000
3,1,1,8800000,8,607,53700000.0,2200000.0,1.7781456953642385,32595900000.0,30200000
5,0,1,4900000,4,663,39700000.0,816666.6666666666,2.7762237762237763,26321100000.0,14300000
1,0,1,8100000,6,522,48000000.0,4050000.0,1.7843866171003717,25056000000.0,26900000
2,0,1,2300000,20,610,15500000.0,766666.6666666666,1.7032967032967032,9455000000.0,9100000
5,0,1,3000000,16,462,21700000.0,500000.0,3.287878787878788,10025400000.0,6600000
2,0,1,3900000,8,591,26500000.0,1300000.0,2.849462365591398,15661500000.0,9300000
4,1,1,1700000,20,636,11100000.0,340000.0,1.7076923076923076,7059600000.0,6500000
0,0,1,2100000,10,359,8900000.0,2100000.0,1.816326530612245,3195100000.0,4900000
4,1,1,9700000,4,542,64500000.0,1940000.0,2.58,34959000000.0,25000000
5,0,1,3500000,4,642,20700000.0,583333.3333333334,1.7542372881355932,13289400000.0,11800000
5,0,1,1500000,4,414,6300000.0,250000.0,1.1454545454545455,2608200000.0,5500000
3,0,1,8800000,20,865,69300000.0,2200000.0,2.645038167938931,59944500000.0,26200000
3,1,0,900000,10,369,3700000.0,225000.0,1.1935483870967742,1365300000.0,3100000
0,1,1,3500000,14,838,27100000.0,3500000.0,2.509259259259259,22709800000.0,10800000
5,0,0,5500000,4,582,40600000.0,916666.6666666666,1.9150943396226414,23629200000.0,21200000
5,0,1,9800000,10,416,58400000.0,1633333.3333333333,2.5172413793103448,24294400000.0,23200000
5,1,0,2100000,20,705,12600000.0,350000.0,2.290909090909091,8883000000.0,5500000
0,1,0,1800000,18,306,8500000.0,1800000.0,1.4912280701754386,2601000000.0,5700000
5,1,1,5800000,8,851,37200000.0,966666.6666666666,2.8615384615384616,31657200000.0,13000000
5,1,0,6700000,18,613,48200000.0,1116666.6666666667,2.802325581395349,29546600000.0,17200000
3,1,0,4300000,10,366,31400000.0,1075000.0,1.9263803680981595,11492400000.0,16300000
1,1,0,1200000,12,431,5100000.0,600000.0,1.8214285714285714,2198100000.0,2800000
5,0,1,9700000,2,754,54200000.0,1616666.6666666667,2.0926640926640925,40866800000.0,25900000
5,1,1,5400000,10,447,35600000.0,900000.0,3.1785714285714284,15913200000.0,11200000
1,0,1,5300000,14,510,50400000.0,2650000.0,3.574468085106383,25704000000.0,14100000
1,1,0,7300000,20,324,44000000.0,3650000.0,1.8181818181818181,14256000000.0,24200000
5,1,0,9500000,2,523,42700000.0,1583333.3333333333,2.2239583333333335,22332100000.0,19200000
0,0,1,7200000,2,362,31800000.0,7200000.0,2.0384615384615383,11511600000.0,15600000
3,1,1,9000000,6,657,51700000.0,2250000.0,1.5714285714285714,33966900000.0,32900000
5,0,0,6500000,12,790,35300000.0,1083333.3333333333,1.5150214592274678,27887000000.0,23300000
1,1,1,9500000,18,500,30600000.0,4750000.0,1.0032786885245901,15300000000.0,30500000
2,0,1,9900000,4,465,72700000.0,3300000.0,2.1897590361445785,33805500000.0,33200000
4,0,0,2900000,6,409,19600000.0,580000.0,2.2528735632183907,8016400000.0,8700000
4,1,1,700000,20,626,2800000.0,140000.0,1.5555555555555556,1752800000.0,1800000
5,0,0,4200000,16,545,34000000.0,700000.0,2.537313432835821,18530000000.0,13400000
3,0,0,4200000,10,654,31100000.0,1050000.0,2.7280701754385963,20339400000.0,11400000
0,0,0,7600000,6,515,47100000.0,7600000.0,1.7773584905660378,24256500000.0,26500000
2,1,1,7100000,12,838,27800000.0,2366666.6666666665,1.4787234042553192,23296400000.0,18800000
1,0,1,4700000,14,406,26900000.0,2350000.0,1.68125,10921400000.0,16000000
0,1,1,9800000,10,573,65400000.0,9800000.0,2.8189655172413794,37474200000.0,23200000
0,1,1,9800000,2,611,56000000.0,9800000.0,1.4470284237726099,34216000000.0,38700000
0,0,0,5100000,16,649,28000000.0,5100000.0,2.08955223880597,18172000000.0,13400000
0,0,1,3300000,12,775,21900000.0,3300000.0,2.844155844155844,16972500000.0,7700000
3,1,0,4500000,12,469,29300000.0,1125000.0,2.344,13741700000.0,12500000
0,1,1,3900000,18,587,27400000.0,3900000.0,2.140625,16083800000.0,12800000
3,1,1,3200000,10,316,27000000.0,800000.0,2.727272727272727,8532000000.0,9900000
2,1,0,3200000,10,556,29800000.0,1066666.6666666667,2.8653846153846154,16568800000.0,10400000
2,0,0,9600000,12,578,52100000.0,3200000.0,1.669871794871795,30113800000.0,31200000
2,0,1,8700000,2,554,35300000.0,2900000.0,1.8677248677248677,19556200000.0,18900000
2,0,1,1900000,6,892,12100000.0,633333.3333333334,1.7794117647058822,10793200000.0,6800000
2,0,1,2900000,10,315,16600000.0,966666.6666666666,1.6274509803921569,5229000000.0,10200000
0,0,0,6200000,10,695,32000000.0,6200000.0,2.4806201550387597,22240000000.0,12900000
0,0,0,5900000,4,806,25200000.0,5900000.0,1.2413793103448276,20311200000.0,20300000
4,0,1,3200000,8,638,18700000.0,640000.0,1.4609375,11930600000.0,12800000
1,0,1,1300000,4,610,9600000.0,650000.0,1.92,5856000000.0,5000000
2,0,1,1300000,4,810,11000000.0,433333.3333333333,3.4375,8910000000.0,3200000
1,1,0,8700000,4,866,69700000.0,4350000.0,2.0993975903614457,60360200000.0,33200000
3,0,0,6300000,10,760,41200000.0,1575000.0,1.73109243697479,31312000000.0,23800000
3,1,0,4300000,6,556,34900000.0,1075000.0,3.1160714285714284,19404400000.0,11200000
3,0,1,6400000,12,684,60200000.0,1600000.0,2.5617021276595744,41176800000.0,23500000
5,0,1,7700000,18,578,50500000.0,1283333.3333333333,1.9573643410852712,29189000000.0,25800000
2,0,0,6900000,12,814,47500000.0,2300000.0,1.9874476987447698,38665000000.0,23900000
0,0,0,4200000,20,510,29400000.0,4200000.0,1.9864864864864864,14994000000.0,14800000
4,0,0,3900000,2,674,31500000.0,780000.0,3.5,21231000000.0,9000000
0,1,1,2000000,14,570,12000000.0,2000000.0,2.4489795918367347,6840000000.0,4900000
1,0,0,500000,2,680,3600000.0,250000.0,2.1176470588235294,2448000000.0,1700000
0,1,0,3500000,12,803,17500000.0,3500000.0,1.9886363636363635,14052500000.0,8800000
2,0,1,3100000,16,357,22600000.0,1033333.3333333334,2.1121495327102804,8068200000.0,10700000
3,0,1,4900000,4,575,44300000.0,1225000.0,2.331578947368421,25472500000.0,19000000
1,0,0,1000000,4,546,5600000.0,500000.0,1.5555555555555556,3057600000.0,3600000
2,1,0,6700000,8,370,43700000.0,2233333.3333333335,2.042056074766355,16169000000.0,21400000
1,1,0,4100000,6,713,15200000.0,2050000.0,1.6170212765957446,10837600000.0,9400000
4,0,1,1600000,2,896,8400000.0,320000.0,2.210526315789474,7526400000.0,3800000
3,1,1,2400000,14,626,14400000.0,600000.0,1.565217391304348,9014400000.0,9200000
0,1,0,2200000,4,854,10300000.0,2200000.0,1.609375,8796200000.0,6400000
4,1,0,3200000,18,802,14200000.0,640000.0,1.6904761904761905,11388400000.0,8400000
4,0,1,1600000,20,382,9100000.0,320000.0,2.0681818181818183,3476200000.0,4400000
2,0,0,3900000,6,415,20600000.0,1300000.0,1.3825503355704698,8549000000.0,14900000
5,1,1,2000000,4,366,15700000.0,333333.3333333333,2.492063492063492,5746200000.0,6300000
1,1,1,7600000,10,595,44200000.0,3800000.0,1.7401574803149606,26299000000.0,25400000
1,0,0,9800000,2,356,75600000.0,4900000.0,3.5492957746478875,26913600000.0,21300000
5,0,0,7900000,6,568,44300000.0,1316666.6666666667,1.4816053511705685,25162400000.0,29900000
1,1,0,1600000,10,615,11800000.0,800000.0,2.95,7257000000.0,4000000
1,1,1,6400000,12,313,48400000.0,3200000.0,3.4820143884892087,15149200000.0,13900000
1,1,1,6400000,6,575,42600000.0,3200000.0,2.3798882681564244,24495000000.0,17900000
4,1,0,1600000,10,577,7100000.0,320000.0,1.290909090909091,4096700000.0,5500000
0,1,0,9200000,10,455,65000000.0,9200000.0,2.1172638436482085,29575000000.0,30700000
1,0,0,7800000,6,500,46300000.0,3900000.0,1.859437751004016,23150000000.0,24900000
1,0,1,4000000,8,509,21400000.0,2000000.0,2.276595744680851,10892600000.0,9400000
2,0,1,6100000,8,379,34500000.0,2033333.3333333333,1.7783505154639174,13075500000.0,19400000
5,1,0,7100000,14,664,43100000.0,1183333.3333333333,2.972413793103448,28618400000.0,14500000
0,0,1,2500000,6,623,15800000.0,2500000.0,1.595959595959596,9843400000.0,9900000
5,1,0,3200000,16,558,16000000.0,533333.3333333334,1.839080459770115,8928000000.0,8700000
4,1,0,1700000,18,580,12200000.0,340000.0,2.8372093023255816,7076000000.0,4300000
4,1,0,6300000,6,612,46000000.0,1260000.0,2.6136363636363638,28152000000.0,17600000
4,1,1,700000,14,705,2800000.0,140000.0,1.1666666666666667,1974000000.0,2400000
4,1,1,1100000,18,301,9200000.0,220000.0,3.4074074074074074,2769200000.0,2700000
1,0,1,8900000,16,711,32800000.0,4450000.0,1.025,23320800000.0,32000000
3,1,0,300000,20,735,2400000.0,75000.0,3.4285714285714284,1764000000.0,700000
1,0,0,2200000,14,682,11100000.0,1100000.0,2.1346153846153846,7570200000.0,5200000
3,0,0,3400000,10,348,24500000.0,850000.0,1.8148148148148149,8526000000.0,13500000
0,1,1,7900000,20,750,57300000.0,7900000.0,2.4382978723404256,42975000000.0,23500000
3,0,1,5800000,16,835,29600000.0,1450000.0,1.6263736263736264,24716000000.0,18200000
0,1,1,9400000,6,389,52700000.0,9400000.0,2.635,20500300000.0,20000000
2,1,0,4800000,4,866,36000000.0,1600000.0,1.9047619047619047,31176000000.0,18900000
3,0,0,7600000,4,689,38800000.0,1900000.0,1.4586466165413534,26733200000.0,26600000
0,0,0,5900000,16,645,48100000.0,5900000.0,2.7329545454545454,31024500000.0,17600000
1,1,1,4300000,2,797,29900000.0,2150000.0,2.9603960396039604,23830300000.0,10100000
5,1,0,6100000,6,849,37700000.0,1016666.6666666666,2.1179775280898876,32007300000.0,17800000
5,1,0,5400000,20,423,39500000.0,900000.0,2.00507614213198,16708500000.0,19700000
1,0,1,5200000,2,370,43200000.0,2600000.0,3.857142857142857,15984000000.0,11200000
5,0,0,8500000,12,378,73700000.0,1416666.6666666667,2.3546325878594248,27858600000.0,31300000
4,0,0,900000,20,417,5500000.0,180000.0,2.8947368421052633,2293500000.0,1900000
1,0,0,1400000,20,530,7200000.0,700000.0,1.7560975609756098,3816000000.0,4100000
1,0,1,2400000,20,543,9900000.0,1200000.0,1.064516129032258,5375700000.0,9300000
4,1,0,6300000,18,750,30400000.0,1260000.0,2.026666666666667,22800000000.0,15000000
1,1,0,3100000,20,346,17800000.0,1550000.0,2.3421052631578947,6158800000.0,7600000
4,1,1,6900000,14,330,43600000.0,1380000.0,2.294736842105263,14388000000.0,19000000
2,0,1,3000000,10,712,21500000.0,1000000.0,2.9054054054054053,15308000000.0,7400000
0,0,0,3100000,14,376,24900000.0,3100000.0,2.4653465346534653,9362400000.0,10100000
4,0,0,600000,14,338,3800000.0,120000.0,3.1666666666666665,1284400000.0,1200000
4,0,1,4700000,14,600,43200000.0,940000.0,3.153284671532847,25920000000.0,13700000
1,1,0,2500000,20,495,17500000.0,1250000.0,2.536231884057971,8662500000.0,6900000
0,1,0,9700000,4,300,81000000.0,9700000.0,2.664473684210526,24300000000.0,30400000
4,0,1,7600000,18,691,48300000.0,1520000.0,2.415,33375300000.0,20000000
1,1,0,8400000,8,519,52900000.0,4200000.0,2.1417004048582995,27455100000.0,24700000
3,1,1,3800000,20,540,23300000.0,950000.0,1.5430463576158941,12582000000.0,15100000
3,0,1,3100000,16,562,17500000.0,775000.0,1.5350877192982457,9835000000.0,11400000
2,0,0,5700000,10,323,34100000.0,1900000.0,1.6009389671361502,11014300000.0,21300000
1,1,1,5500000,10,312,40400000.0,2750000.0,2.050761421319797,12604800000.0,19700000
1,0,1,200000,2,511,1600000.0,100000.0,2.6666666666666665,817600000.0,600000
3,0,1,3700000,10,621,22000000.0,925000.0,1.5942028985507246,13662000000.0,13800000
2,0,1,1600000,20,512,12900000.0,533333.3333333334,3.0,6604800000.0,4300000
4,1,0,3900000,2,786,22300000.0,780000.0,2.0272727272727273,17527800000.0,11000000
3,0,1,700000,18,303,3700000.0,175000.0,2.3125,1121100000.0,1600000
3,1,1,5800000,18,633,34900000.0,1450000.0,2.089820359281437,22091700000.0,16700000
4,1,1,3800000,6,711,34400000.0,760000.0,2.4571428571428573,24458400000.0,14000000
2,1,0,6400000,16,472,37900000.0,2133333.3333333335,2.242603550295858,17888800000.0,16900000
1,1,1,5500000,4,350,39600000.0,2750000.0,3.272727272727273,13860000000.0,12100000
1,0,1,6800000,10,879,31900000.0,3400000.0,2.3284671532846715,28040100000.0,13700000
4,0,0,6700000,10,436,35500000.0,1340000.0,2.6492537313432836,15478000000.0,13400000
1,1,1,5300000,14,848,25300000.0,2650000.0,2.2,21454400000.0,11500000
2,1,0,6600000,16,555,43000000.0,2200000.0,1.853448275862069,23865000000.0,23200000
2,1,0,6600000,20,885,42000000.0,2200000.0,3.2061068702290076,37170000000.0,13100000
0,0,0,7600000,6,888,55600000.0,7600000.0,2.2063492063492065,49372800000.0,25200000
4,0,1,2500000,20,478,19400000.0,500000.0,3.180327868852459,9273200000.0,6100000
4,0,0,1100000,4,603,7700000.0,220000.0,3.08,4643100000.0,2500000
1,0,0,2300000,8,784,10700000.0,1150000.0,1.3048780487804879,8388800000.0,8200000
1,1,1,3300000,4,682,22900000.0,1650000.0,1.9572649572649572,15617800000.0,11700000
4,1,1,2600000,6,471,16100000.0,520000.0,2.7288135593220337,7583100000.0,5900000
4,0,1,9300000,20,808,64800000.0,1860000.0,1.7656675749318802,52358400000.0,36700000
4,0,0,5300000,8,470,32000000.0,1060000.0,1.7297297297297298,15040000000.0,18500000
2,0,0,5400000,20,574,24700000.0,1800000.0,1.789855072463768,14177800000.0,13800000
4,0,1,3500000,8,314,23100000.0,700000.0,1.925,7253400000.0,12000000
2,1,0,4200000,14,407,24900000.0,1400000.0,2.4411764705882355,10134300000.0,10200000
0,0,1,9200000,4,702,66800000.0,9200000.0,1.9140401146131805,46893600000.0,34900000
2,1,0,4300000,2,499,26600000.0,1433333.3333333333,2.7142857142857144,13273400000.0,9800000
1,1,1,7500000,10,669,36000000.0,3750000.0,1.8090452261306533,24084000000.0,19900000
5,0,1,5400000,20,326,37800000.0,900000.0,2.0106382978723403,12322800000.0,18800000
3,0,0,5500000,18,778,36800000.0,1375000.0,2.271604938271605,28630400000.0,16200000
2,0,1,2100000,2,787,15700000.0,700000.0,3.488888888888889,12355900000.0,4500000
0,1,0,3700000,16,831,23800000.0,3700000.0,1.934959349593496,19777800000.0,12300000
0,1,0,8800000,18,576,48200000.0,8800000.0,1.465045592705167,27763200000.0,32900000
5,0,0,5800000,12,600,43500000.0,966666.6666666666,1.9078947368421053,26100000000.0,22800000
4,1,0,7900000,2,569,38500000.0,1580000.0,1.2581699346405228,21906500000.0,30600000
1,0,1,3100000,20,867,18600000.0,1550000.0,2.9523809523809526,16126200000.0,6300000
0,0,0,4100000,12,441,29800000.0,4100000.0,2.0551724137931036,13141800000.0,14500000
2,0,1,9800000,2,304,56800000.0,3266666.6666666665,1.7370030581039755,17267200000.0,32700000
5,0,0,3300000,18,520,21800000.0,550000.0,2.5952380952380953,11336000000.0,8400000
0,1,0,2000000,14,613,8600000.0,2000000.0,1.3870967741935485,5271800000.0,6200000
2,0,1,600000,8,885,2200000.0,200000.0,2.0,1947000000.0,1100000
4,0,1,3600000,2,841,24900000.0,720000.0,2.6210526315789475,20940900000.0,9500000
2,0,0,7500000,20,815,56300000.0,2500000.0,1.9347079037800687,45884500000.0,29100000
5,1,1,200000,18,822,1400000.0,33333.333333333336,3.5,1150800000.0,400000
4,0,0,9900000,18,772,82000000.0,1980000.0,2.8178694158075603,63304000000.0,29100000
5,1,1,6100000,6,776,46100000.0,1016666.6666666666,2.048888888888889,35773600000.0,22500000
4,0,1,3500000,10,337,29600000.0,700000.0,2.8737864077669903,9975200000.0,10300000
0,0,1,7800000,12,333,70500000.0,7800000.0,3.710526315789474,23476500000.0,19000000
3,0,1,8700000,4,312,46700000.0,2175000.0,1.5938566552901023,14570400000.0,29300000
2,1,1,5500000,14,842,34100000.0,1833333.3333333333,2.75,28712200000.0,12400000
3,1,1,1800000,8,790,5800000.0,450000.0,1.1372549019607843,4582000000.0,5100000
2,1,0,8000000,16,806,50300000.0,2666666.6666666665,1.5768025078369905,40541800000.0,31900000
5,0,1,7500000,8,300,41700000.0,1250000.0,2.4529411764705884,12510000000.0,17000000
5,1,1,3700000,12,605,23000000.0,616666.6666666666,1.9166666666666667,13915000000.0,12000000
2,1,1,1600000,12,582,9000000.0,533333.3333333334,1.9148936170212767,5238000000.0,4700000
5,1,0,1300000,6,607,8600000.0,216666.66666666666,3.185185185185185,5220200000.0,2700000
5,1,1,2400000,10,709,17400000.0,400000.0,2.1219512195121952,12336600000.0,8200000
4,1,1,4100000,14,854,25800000.0,820000.0,2.2241379310344827,22033200000.0,11600000
2,0,1,7300000,20,776,54800000.0,2433333.3333333335,3.6052631578947367,42524800000.0,15200000
1,1,1,8000000,12,649,43400000.0,4000000.0,1.7642276422764227,28166600000.0,24600000
3,0,0,7900000,4,394,58100000.0,1975000.0,2.075,22891400000.0,28000000
4,0,0,7200000,16,371,44500000.0,1440000.0,2.3544973544973544,16509500000.0,18900000
3,0,0,6200000,14,707,53400000.0,1550000.0,4.045454545454546,37753800000.0,13200000
2,0,1,5700000,20,491,28500000.0,1900000.0,1.574585635359116,13993500000.0,18100000
0,1,1,5800000,16,570,32500000.0,5800000.0,2.3049645390070923,18525000000.0,14100000
1,0,0,900000,18,395,7600000.0,450000.0,2.1714285714285713,3002000000.0,3500000
0,0,1,2200000,10,497,11900000.0,2200000.0,1.5866666666666667,5914300000.0,7500000
3,0,1,1800000,14,440,6800000.0,450000.0,1.2830188679245282,2992000000.0,5300000
0,0,1,800000,16,825,4900000.0,800000.0,2.0416666666666665,4042500000.0,2400000
2,1,1,7600000,14,320,53900000.0,2533333.3333333335,2.977900552486188,17248000000.0,18100000
2,1,1,4100000,4,846,30500000.0,1366666.6666666667,2.259259259259259,25803000000.0,13500000
3,1,1,4600000,12,856,31300000.0,1150000.0,2.871559633027523,26792800000.0,10900000
3,1,0,2300000,10,418,13200000.0,575000.0,1.9411764705882353,5517600000.0,6800000
0,0,1,8000000,6,306,64800000.0,8000000.0,3.071090047393365,19828800000.0,21100000
2,0,1,3800000,16,567,18500000.0,1266666.6666666667,1.2758620689655173,10489500000.0,14500000
2,0,1,9500000,6,493,76200000.0,3166666.6666666665,2.0706521739130435,37566600000.0,36800000
2,1,0,9300000,2,509,47800000.0,3100000.0,2.2547169811320753,24330200000.0,21200000
4,1,0,4700000,4,364,32500000.0,940000.0,1.911764705882353,11830000000.0,17000000
5,0,0,6000000,20,639,29300000.0,1000000.0,1.2208333333333334,18722700000.0,24000000
2,1,1,5500000,2,309,42000000.0,1833333.3333333333,1.935483870967742,12978000000.0,21700000
0,0,1,4600000,6,433,34500000.0,4600000.0,2.331081081081081,14938500000.0,14800000
5,0,0,9900000,20,580,69900000.0,1650000.0,2.080357142857143,40542000000.0,33600000
1,1,1,6200000,4,888,46000000.0,3100000.0,2.8395061728395063,40848000000.0,16200000
4,0,1,400000,6,644,3300000.0,80000.0,3.0,2125200000.0,1100000
1,0,1,7800000,10,763,44500000.0,3900000.0,2.0045045045045047,33953500000.0,22200000
0,1,1,2900000,20,694,19300000.0,2900000.0,1.787037037037037,13394200000.0,10800000
3,0,0,500000,6,757,3200000.0,125000.0,2.6666666666666665,2422400000.0,1200000
0,0,0,2500000,12,471,17800000.0,2500000.0,2.579710144927536,8383800000.0,6900000
5,0,0,9000000,2,437,64900000.0,1500000.0,1.84375,28361300000.0,35200000
4,0,1,5200000,10,406,34100000.0,1040000.0,2.991228070175439,13844600000.0,11400000
5,0,0,6000000,20,376,48000000.0,1000000.0,2.436548223350254,18048000000.0,19700000
1,1,0,5100000,14,350,24600000.0,2550000.0,1.7826086956521738,8610000000.0,13800000
5,0,1,8000000,20,784,51700000.0,1333333.3333333333,2.2977777777777777,40532800000.0,22500000
4,1,1,9200000,14,765,58500000.0,1840000.0,2.3031496062992125,44752500000.0,25400000
4,0,0,9800000,18,593,58200000.0,1960000.0,1.8074534161490683,34512600000.0,32200000
3,1,1,7600000,10,344,71400000.0,1900000.0,2.38,24561600000.0,30000000
1,1,0,5100000,12,314,39600000.0,2550000.0,3.3559322033898304,12434400000.0,11800000
4,1,1,1500000,16,382,6900000.0,300000.0,2.090909090909091,2635800000.0,3300000
2,0,1,6200000,4,510,43300000.0,2066666.6666666667,2.624242424242424,22083000000.0,16500000
2,1,1,6300000,8,464,29800000.0,2100000.0,1.2113821138211383,13827200000.0,24600000
1,1,1,5500000,2,403,40100000.0,2750000.0,2.6912751677852347,16160300000.0,14900000
3,0,0,8100000,12,606,45500000.0,2025000.0,1.4967105263157894,27573000000.0,30400000
1,1,0,6300000,20,646,36400000.0,3150000.0,1.6545454545454545,23514400000.0,22000000
1,1,0,1100000,20,495,6300000.0,550000.0,1.75,3118500000.0,3600000
3,0,1,7200000,2,626,42800000.0,1800000.0,1.9814814814814814,26792800000.0,21600000
1,0,1,3000000,16,518,21000000.0,1500000.0,3.5,10878000000.0,6000000
5,1,0,2700000,8,746,13700000.0,450000.0,1.8026315789473684,10220200000.0,7600000
0,0,0,5000000,12,737,22200000.0,5000000.0,1.361963190184049,16361400000.0,16300000
0,0,0,8400000,14,371,43400000.0,8400000.0,1.946188340807175,16101400000.0,22300000
1,1,0,7700000,8,509,43300000.0,3850000.0,1.586080586080586,22039700000.0,27300000
1,1,0,4700000,2,411,24000000.0,2350000.0,1.7142857142857142,9864000000.0,14000000
2,0,0,4300000,20,701,33700000.0,1433333.3333333333,2.8559322033898304,23623700000.0,11800000
5,0,0,2500000,10,769,16200000.0,416666.6666666667,1.8409090909090908,12457800000.0,8800000
5,0,1,4400000,6,740,25800000.0,733333.3333333334,2.064,19092000000.0,12500000
5,0,0,5700000,4,892,43500000.0,950000.0,3.75,38802000000.0,11600000
2,0,0,5300000,14,417,36100000.0,1766666.6666666667,2.7557251908396947,15053700000.0,13100000
5,1,0,4600000,6,785,33700000.0,766666.6666666666,2.3402777777777777,26454500000.0,14400000
3,0,0,400000,16,504,1800000.0,100000.0,1.6363636363636365,907200000.0,1100000
0,0,0,2100000,14,402,10200000.0,2100000.0,1.728813559322034,4100400000.0,5900000
2,1,1,1200000,16,540,9200000.0,400000.0,2.6285714285714286,4968000000.0,3500000
2,1,1,8000000,10,607,55800000.0,2666666.6666666665,1.9647887323943662,33870600000.0,28400000
1,1,1,5000000,10,410,34000000.0,2500000.0,1.7525773195876289,13940000000.0,19400000
0,0,0,8500000,12,624,38600000.0,8500000.0,2.244186046511628,24086400000.0,17200000
4,1,0,4600000,16,805,27100000.0,920000.0,1.6325301204819278,21815500000.0,16600000
2,1,0,4600000,18,709,35300000.0,1533333.3333333333,2.1925465838509317,25027700000.0,16100000
2,0,1,8500000,14,511,55100000.0,2833333.3333333335,1.7831715210355987,28156100000.0,30900000
1,1,1,7800000,18,766,40900000.0,3900000.0,1.6294820717131475,31329400000.0,25100000
3,0,1,1400000,16,451,10000000.0,350000.0,2.6315789473684212,4510000000.0,3800000
1,0,1,3700000,4,447,20000000.0,1850000.0,1.9607843137254901,8940000000.0,10200000
3,0,1,1000000,18,763,5000000.0,250000.0,2.0,3815000000.0,2500000
5,0,0,900000,20,834,5300000.0,150000.0,1.7096774193548387,4420200000.0,3100000
2,1,0,5600000,8,429,36600000.0,1866666.6666666667,1.876923076923077,15701400000.0,19500000
4,0,0,3200000,16,693,24900000.0,640000.0,2.349056603773585,17255700000.0,10600000
1,1,0,2900000,20,478,18600000.0,1450000.0,1.6756756756756757,8890800000.0,11100000
2,1,1,300000,10,752,2300000.0,100000.0,2.875,1729600000.0,800000
0,1,1,2400000,14,319,19000000.0,2400000.0,3.2203389830508473,6061000000.0,5900000
3,1,0,5000000,8,303,35600000.0,1250000.0,2.022727272727273,10786800000.0,17600000
3,0,1,5000000,20,420,31700000.0,1250000.0,1.8982035928143712,13314000000.0,16700000
2,0,1,200000,8,552,1500000.0,66666.66666666667,2.5,828000000.0,600000
3,0,1,6000000,12,606,41300000.0,1500000.0,2.58125,25027800000.0,16000000
2,0,0,5600000,2,558,35600000.0,1866666.6666666667,2.5985401459854014,19864800000.0,13700000
1,0,0,4500000,6,504,30500000.0,2250000.0,2.4596774193548385,15372000000.0,12400000
5,0,1,200000,8,412,6400000.0,33333.333333333336,21.333333333333332,2636800000.0,300000
4,0,1,6200000,4,900,42000000.0,1240000.0,2.2950819672131146,37800000000.0,18300000
4,0,1,9800000,8,634,65800000.0,1960000.0,2.764705882352941,41717200000.0,23800000
5,1,1,3900000,8,340,25900000.0,650000.0,2.8777777777777778,8806000000.0,9000000
3,0,1,8300000,4,615,33200000.0,2075000.0,1.5885167464114833,20418000000.0,20900000
2,1,1,4900000,18,353,25200000.0,1633333.3333333333,2.0655737704918034,8895600000.0,12200000
4,1,1,6900000,8,606,34000000.0,1380000.0,2.085889570552147,20604000000.0,16300000
2,0,0,4500000,18,498,26400000.0,1500000.0,1.8206896551724139,13147200000.0,14500000
4,0,0,7500000,2,585,54600000.0,1500000.0,2.493150684931507,31941000000.0,21900000
1,0,1,2300000,8,578,15400000.0,1150000.0,2.40625,8901200000.0,6400000
1,1,0,7400000,2,693,46900000.0,3700000.0,3.0258064516129033,32501700000.0,15500000
4,1,0,4800000,6,795,19600000.0,960000.0,1.3706293706293706,15582000000.0,14300000
1,1,0,2600000,6,594,16400000.0,1300000.0,1.6565656565656566,9741600000.0,9900000
3,0,1,2700000,8,840,14400000.0,675000.0,1.3584905660377358,12096000000.0,10600000
3,0,0,3700000,16,301,23100000.0,925000.0,2.1192660550458715,6953100000.0,10900000
4,1,1,2600000,18,481,18100000.0,520000.0,1.925531914893617,8706100000.0,9400000
5,0,1,8800000,16,531,53500000.0,1466666.6666666667,2.316017316017316,28408500000.0,23100000
2,0,0,7500000,8,332,40500000.0,2500000.0,2.6298701298701297,13446000000.0,15400000
0,1,0,4700000,4,516,25900000.0,4700000.0,1.4,13364400000.0,18500000
2,0,0,7100000,6,727,55300000.0,2366666.6666666665,2.0789473684210527,40203100000.0,26600000
3,0,1,5500000,10,344,34700000.0,1375000.0,1.7979274611398963,11936800000.0,19300000
2,1,0,9500000,12,650,67800000.0,3166666.6666666665,2.1523809523809523,44070000000.0,31500000
3,1,1,4200000,8,362,36300000.0,1050000.0,2.357142857142857,13140600000.0,15400000
5,1,1,6900000,18,307,37800000.0,1150000.0,2.032258064516129,11604600000.0,18600000
5,1,0,9900000,2,530,70400000.0,1650000.0,2.861788617886179,37312000000.0,24600000
5,1,0,6700000,6,482,37800000.0,1116666.6666666667,2.135593220338983,18219600000.0,17700000
0,0,1,9300000,14,701,52300000.0,9300000.0,2.355855855855856,36662300000.0,22200000
2,1,0,5600000,16,586,34400000.0,1866666.6666666667,2.0,20158400000.0,17200000
0,1,1,8100000,16,384,70400000.0,8100000.0,4.0,27033600000.0,17600000
4,0,0,6000000,18,882,28900000.0,1200000.0,1.6055555555555556,25489800000.0,18000000
5,0,1,4200000,2,758,25200000.0,700000.0,2.25,19101600000.0,11200000
5,1,0,1600000,18,529,8800000.0,266666.6666666667,2.2,4655200000.0,4000000
3,1,1,800000,2,589,4800000.0,200000.0,3.2,2827200000.0,1500000
1,1,0,500000,6,670,3600000.0,250000.0,2.769230769230769,2412000000.0,1300000
5,0,1,4300000,12,532,34900000.0,716666.6666666666,2.475177304964539,18566800000.0,14100000
0,0,0,4000000,18,868,28500000.0,4000000.0,2.28,24738000000.0,12500000
2,0,0,2900000,2,776,23200000.0,966666.6666666666,3.1780821917808217,18003200000.0,7300000
5,1,1,2300000,16,644,16300000.0,383333.3333333333,1.7912087912087913,10497200000.0,9100000
0,1,1,1800000,12,658,12100000.0,1800000.0,2.0166666666666666,7961800000.0,6000000
1,1,1,8700000,10,766,45500000.0,4350000.0,1.3421828908554572,34853000000.0,33900000
3,0,0,7800000,12,717,38000000.0,1950000.0,1.8009478672985781,27246000000.0,21100000
2,1,0,3200000,10,339,15200000.0,1066666.6666666667,2.4126984126984126,5152800000.0,6300000
0,0,0,1600000,18,463,8000000.0,1600000.0,1.7777777777777777,3704000000.0,4500000
4,0,0,2400000,4,540,12800000.0,480000.0,1.7534246575342465,6912000000.0,7300000
1,1,0,1800000,16,804,9300000.0,900000.0,1.576271186440678,7477200000.0,5900000
1,1,0,7500000,10,541,48300000.0,3750000.0,3.01875,26130300000.0,16000000
4,0,1,6700000,10,371,23400000.0,1340000.0,1.2717391304347827,8681400000.0,18400000
5,1,0,5800000,6,369,28300000.0,966666.6666666666,2.065693430656934,10442700000.0,13700000
0,0,0,500000,2,651,2600000.0,500000.0,1.4444444444444444,1692600000.0,1800000
0,1,1,9400000,10,477,52000000.0,9400000.0,1.6938110749185669,24804000000.0,30700000
4,0,0,1600000,18,554,10600000.0,320000.0,1.7096774193548387,5872400000.0,6200000
0,1,1,9300000,14,362,74300000.0,9300000.0,2.972,26896600000.0,25000000
5,1,0,3700000,2,469,15200000.0,616666.6666666666,1.0857142857142856,7128800000.0,14000000
3,0,0,900000,12,547,6200000.0,225000.0,3.263157894736842,3391400000.0,1900000
4,0,0,500000,6,809,1900000.0,100000.0,1.4615384615384615,1537100000.0,1300000
1,1,1,7800000,2,335,47900000.0,3900000.0,2.95679012345679,16046500000.0,16200000
5,0,1,5300000,18,708,33600000.0,883333.3333333334,2.4525547445255476,23788800000.0,13700000
0,1,0,300000,16,779,1600000.0,300000.0,2.2857142857142856,1246400000.0,700000
0,1,1,5000000,6,748,31100000.0,5000000.0,1.5628140703517588,23262800000.0,19900000
0,1,0,7900000,18,541,33300000.0,7900000.0,1.1643356643356644,18015300000.0,28600000
4,1,0,5300000,2,527,32600000.0,1060000.0,2.0632911392405062,17180200000.0,15800000
0,0,1,5500000,4,859,38400000.0,5500000.0,2.5098039215686274,32985600000.0,15300000
0,1,0,1500000,18,604,10600000.0,1500000.0,1.8928571428571428,6402400000.0,5600000
5,1,0,6600000,18,348,39100000.0,1100000.0,1.945273631840796,13606800000.0,20100000
4,1,1,6200000,20,734,31800000.0,1240000.0,1.962962962962963,23341200000.0,16200000
3,1,0,6300000,16,388,33100000.0,1575000.0,1.9470588235294117,12842800000.0,17000000
0,1,1,3800000,20,831,17900000.0,3800000.0,2.2098765432098766,14874900000.0,8100000
5,0,0,500000,6,433,9000000.0,83333.33333333333,6.0,3897000000.0,1500000
2,1,1,5000000,16,699,40000000.0,1666666.6666666667,2.5157232704402515,27960000000.0,15900000
0,0,0,4500000,8,303,37200000.0,4500000.0,2.175438596491228,11271600000.0,17100000
4,0,0,1000000,2,611,6600000.0,200000.0,1.736842105263158,4032600000.0,3800000
2,1,0,1700000,20,558,13000000.0,566666.6666666666,3.5135135135135136,7254000000.0,3700000
4,1,1,1200000,2,752,7300000.0,240000.0,1.5208333333333333,5489600000.0,4800000
5,0,1,8500000,14,786,68600000.0,1416666.6666666667,2.6589147286821704,53919600000.0,25800000
0,1,0,8600000,18,481,56900000.0,8600000.0,1.9620689655172414,27368900000.0,29000000
2,1,0,400000,16,507,2200000.0,133333.33333333334,1.6923076923076923,1115400000.0,1300000
4,1,0,8700000,14,715,67400000.0,1740000.0,3.404040404040404,48191000000.0,19800000
0,0,0,1800000,20,392,11100000.0,1800000.0,1.9473684210526316,4351200000.0,5700000
0,1,1,4700000,16,887,26100000.0,4700000.0,1.4745762711864407,23150700000.0,17700000
0,0,0,7300000,2,479,53600000.0,7300000.0,2.4814814814814814,25674400000.0,21600000
2,1,0,8400000,20,328,48400000.0,2800000.0,1.5077881619937694,15875200000.0,32100000
2,1,1,4800000,8,740,24900000.0,1600000.0,1.930232558139535,18426000000.0,12900000
2,1,0,9200000,2,456,55000000.0,3066666.6666666665,1.608187134502924,25080000000.0,34200000
1,0,0,6200000,10,467,54900000.0,3100000.0,2.6018957345971563,25638300000.0,21100000
0,1,1,200000,10,587,6400000.0,200000.0,9.142857142857142,3756800000.0,700000
0,0,1,2500000,16,569,15400000.0,2500000.0,2.298507462686567,8762600000.0,6700000
3,0,1,8000000,14,399,56700000.0,2000000.0,2.3237704918032787,22623300000.0,24400000
1,0,0,4600000,4,593,33200000.0,2300000.0,2.1842105263157894,19687600000.0,15200000
3,0,1,4900000,8,409,28500000.0,1225000.0,2.2440944881889764,11656500000.0,12700000
4,0,0,9500000,18,353,57700000.0,1900000.0,2.708920187793427,20368100000.0,21300000
5,1,1,4500000,20,306,24300000.0,750000.0,2.0948275862068964,7435800000.0,11600000
2,1,1,5900000,12,499,45400000.0,1966666.6666666667,3.1971830985915495,22654600000.0,14200000
4,1,0,4200000,6,324,26900000.0,840000.0,1.8424657534246576,8715600000.0,14600000
2,0,1,3300000,6,647,28300000.0,1100000.0,2.504424778761062,18310100000.0,11300000
2,1,1,4900000,2,767,25300000.0,1633333.3333333333,2.007936507936508,19405100000.0,12600000
4,0,0,5300000,12,821,45800000.0,1060000.0,4.280373831775701,37601800000.0,10700000
4,0,0,7200000,6,338,54200000.0,1440000.0,3.062146892655367,18319600000.0,17700000
0,1,0,8400000,4,785,57100000.0,8400000.0,2.3497942386831276,44823500000.0,24300000
3,1,0,3800000,4,694,13900000.0,950000.0,1.1779661016949152,9646600000.0,11800000
0,0,0,9900000,20,613,65800000.0,9900000.0,2.9506726457399104,40335400000.0,22300000
4,1,1,2900000,10,318,25800000.0,580000.0,3.108433734939759,8204400000.0,8300000
3,0,1,6000000,18,783,40400000.0,1500000.0,2.160427807486631,31633200000.0,18700000
2,0,0,1700000,20,761,7900000.0,566666.6666666666,1.490566037735849,6011900000.0,5300000
4,1,1,5300000,10,329,48000000.0,1060000.0,4.0,15792000000.0,12000000
5,0,1,7500000,14,661,52200000.0,1250000.0,3.48,34504200000.0,15000000
4,0,0,400000,18,339,1900000.0,80000.0,2.111111111111111,644100000.0,900000
1,1,1,8300000,10,673,61900000.0,4150000.0,3.4971751412429377,41658700000.0,17700000
3,1,0,4500000,18,748,37400000.0,1125000.0,2.21301775147929,27975200000.0,16900000
3,1,0,4600000,4,702,28900000.0,1150000.0,2.89,20287800000.0,10000000
4,0,0,4700000,12,710,38700000.0,940000.0,3.7572815533980584,27477000000.0,10300000
0,1,1,900000,6,331,8400000.0,900000.0,2.4,2780400000.0,3500000
1,0,0,2400000,12,372,18100000.0,1200000.0,2.3815789473684212,6733200000.0,7600000
0,0,1,3900000,10,783,26800000.0,3900000.0,2.7916666666666665,20984400000.0,9600000
0,1,0,8300000,18,558,48400000.0,8300000.0,1.5414012738853504,27007200000.0,31400000
4,1,1,4700000,6,552,28200000.0,940000.0,2.169230769230769,15566400000.0,13000000
4,0,0,3900000,20,544,23000000.0,780000.0,2.169811320754717,12512000000.0,10600000
2,0,0,400000,6,425,2100000.0,133333.33333333334,2.1,892500000.0,1000000
2,0,1,1700000,18,321,11400000.0,566666.6666666666,2.235294117647059,3659400000.0,5100000
2,1,1,6100000,8,758,33400000.0,2033333.3333333333,2.1548387096774193,25317200000.0,15500000
5,1,1,7300000,10,373,45200000.0,1216666.6666666667,2.306122448979592,16859600000.0,19600000
3,0,1,300000,6,876,1800000.0,75000.0,3.6,1576800000.0,500000
2,0,0,4300000,10,594,31400000.0,1433333.3333333333,2.1655172413793102,18651600000.0,14500000
3,0,0,7000000,18,837,31800000.0,1750000.0,1.7282608695652173,26616600000.0,18400000
0,0,1,4900000,4,600,31800000.0,4900000.0,1.9272727272727272,19080000000.0,16500000
4,1,0,6200000,20,547,50200000.0,1240000.0,4.048387096774194,27459400000.0,12400000
1,0,0,4100000,12,431,37900000.0,2050000.0,2.3987341772151898,16334900000.0,15800000
0,0,1,7300000,12,851,36800000.0,7300000.0,1.6283185840707965,31316800000.0,22600000
4,0,1,9200000,12,760,68100000.0,1840000.0,2.4234875444839856,51756000000.0,28100000
0,0,0,800000,2,716,5400000.0,800000.0,2.25,3866400000.0,2400000
4,0,0,2900000,10,744,19500000.0,580000.0,1.7410714285714286,14508000000.0,11200000
3,0,0,8100000,4,740,52900000.0,2025000.0,2.449074074074074,39146000000.0,21600000
0,1,0,9300000,14,759,76000000.0,9300000.0,3.7438423645320196,57684000000.0,20300000
4,1,1,9200000,14,517,48500000.0,1840000.0,1.6496598639455782,25074500000.0,29400000
3,0,1,3100000,18,895,20400000.0,775000.0,3.238095238095238,18258000000.0,6300000
3,0,1,7000000,20,315,49800000.0,1750000.0,3.2337662337662336,15687000000.0,15400000
4,0,0,3900000,14,527,27500000.0,780000.0,3.125,14492500000.0,8800000
3,1,0,5500000,14,853,28900000.0,1375000.0,1.4595959595959596,24651700000.0,19800000
0,1,0,6600000,20,747,35900000.0,6600000.0,2.6204379562043796,26817300000.0,13700000
2,0,0,9900000,16,892,65800000.0,3300000.0,2.0822784810126582,58693600000.0,31600000
4,1,1,6600000,8,856,48700000.0,1320000.0,2.375609756097561,41687200000.0,20500000
3,1,0,8600000,4,324,50400000.0,2150000.0,2.135593220338983,16329600000.0,23600000
5,1,0,7900000,12,812,68200000.0,1316666.6666666667,2.3846153846153846,55378400000.0,28600000
5,1,1,6800000,2,804,44100000.0,1133333.3333333333,1.9513274336283186,35456400000.0,22600000
4,1,0,700000,8,874,4200000.0,140000.0,2.3333333333333335,3670800000.0,1800000
2,0,1,3800000,12,516,25900000.0,1266666.6666666667,2.59,13364400000.0,10000000
5,1,1,6900000,4,402,55000000.0,1150000.0,3.0054644808743167,22110000000.0,18300000
1,1,1,3700000,12,330,17600000.0,1850000.0,1.4193548387096775,5808000000.0,12400000
1,1,0,7900000,12,867,70600000.0,3950000.0,2.941666666666667,61210200000.0,24000000
4,1,1,8800000,16,844,61100000.0,1760000.0,1.786549707602339,51568400000.0,34200000
5,0,1,3300000,8,310,19400000.0,550000.0,2.4871794871794872,6014000000.0,7800000
4,0,0,5800000,20,535,38700000.0,1160000.0,2.7253521126760565,20704500000.0,14200000
1,1,1,7400000,16,323,51900000.0,3700000.0,1.759322033898305,16763700000.0,29500000
1,1,0,8200000,4,686,29600000.0,4100000.0,1.15625,20305600000.0,25600000
0,0,1,3300000,8,465,18500000.0,3300000.0,1.9270833333333333,8602500000.0,9600000
4,1,1,5300000,12,547,28500000.0,1060000.0,2.663551401869159,15589500000.0,10700000
1,0,0,5700000,12,649,40500000.0,2850000.0,2.1204188481675392,26284500000.0,19100000
2,0,0,9000000,14,670,70700000.0,3000000.0,2.2806451612903227,47369000000.0,31000000
3,1,0,5900000,10,408,34200000.0,1475000.0,2.375,13953600000.0,14400000
2,0,0,5400000,6,303,46500000.0,1800000.0,3.907563025210084,14089500000.0,11900000
0,1,0,9800000,14,497,38600000.0,9800000.0,1.1091954022988506,19184200000.0,34800000
4,1,1,9800000,14,740,55600000.0,1960000.0,1.6304985337243403,41144000000.0,34100000
4,0,1,3800000,4,309,28300000.0,760000.0,3.451219512195122,8744700000.0,8200000
0,0,0,9500000,14,769,61800000.0,9500000.0,2.5327868852459017,47524200000.0,24400000
3,1,1,2500000,6,420,18800000.0,625000.0,2.647887323943662,7896000000.0,7100000
1,1,0,1900000,20,540,8100000.0,950000.0,1.35,4374000000.0,6000000
5,1,1,4400000,20,806,26600000.0,733333.3333333334,2.509433962264151,21439600000.0,10600000
4,1,1,1400000,6,723,10100000.0,280000.0,3.4827586206896552,7302300000.0,2900000
5,0,1,3200000,16,565,21800000.0,533333.3333333334,1.847457627118644,12317000000.0,11800000
1,1,1,3100000,16,374,16500000.0,1550000.0,1.7934782608695652,6171000000.0,9200000
4,1,0,4500000,10,509,29100000.0,900000.0,2.9393939393939394,14811900000.0,9900000
3,0,1,9300000,16,728,50500000.0,2325000.0,2.148936170212766,36764000000.0,23500000
2,1,0,6900000,20,396,48200000.0,2300000.0,2.6483516483516483,19087200000.0,18200000
0,0,1,3900000,2,667,26400000.0,3900000.0,3.0697674418604652,17608800000.0,8600000
5,0,0,3200000,12,583,29100000.0,533333.3333333334,3.9324324324324325,16965300000.0,7400000
1,0,1,5600000,10,459,33100000.0,2800000.0,1.5687203791469195,15192900000.0,21100000
4,0,1,3700000,18,635,28400000.0,740000.0,2.3865546218487395,18034000000.0,11900000
3,0,0,8400000,12,604,58600000.0,2100000.0,2.1544117647058822,35394400000.0,27200000
0,0,1,4200000,14,796,22700000.0,4200000.0,2.550561797752809,18069200000.0,8900000
4,1,0,3800000,10,416,30000000.0,760000.0,3.5294117647058822,12480000000.0,8500000
3,1,0,3200000,8,311,22800000.0,800000.0,2.7804878048780486,7090800000.0,8200000
1,1,0,9700000,10,833,75700000.0,4850000.0,2.2330383480825957,63058100000.0,33900000
1,0,1,4300000,6,543,31600000.0,2150000.0,3.3617021276595747,17158800000.0,9400000
5,1,1,8100000,18,751,48600000.0,1350000.0,2.394088669950739,36498600000.0,20300000
5,0,1,9400000,14,885,57700000.0,1566666.6666666667,2.4870689655172415,51064500000.0,23200000
4,0,1,8100000,6,346,50900000.0,1620000.0,2.6237113402061856,17611400000.0,19400000
4,1,0,6500000,4,588,49000000.0,1300000.0,3.3793103448275863,28812000000.0,14500000
2,1,0,9400000,4,488,63100000.0,3133333.3333333335,2.7316017316017316,30792800000.0,23100000
1,0,1,2600000,20,765,8800000.0,1300000.0,1.3333333333333333,6732000000.0,6600000
3,0,1,8000000,6,337,38000000.0,2000000.0,1.484375,12806000000.0,25600000
1,1,0,4700000,8,515,26000000.0,2350000.0,2.795698924731183,13390000000.0,9300000
2,1,1,7600000,12,555,40700000.0,2533333.3333333335,1.8251121076233183,22588500000.0,22300000
1,1,1,6800000,2,702,40400000.0,3400000.0,1.4852941176470589,28360800000.0,27200000
2,0,1,6600000,2,457,31900000.0,2200000.0,1.8764705882352941,14578300000.0,17000000
2,1,0,8200000,10,425,50100000.0,2733333.3333333335,1.8419117647058822,21292500000.0,27200000
1,1,1,4400000,6,583,34100000.0,2200000.0,2.772357723577236,19880300000.0,12300000
1,0,0,8300000,6,877,64600000.0,4150000.0,2.212328767123288,56654200000.0,29200000
0,1,0,9200000,14,522,51400000.0,9200000.0,1.4082191780821918,26830800000.0,36500000
5,0,1,2700000,20,687,14100000.0,450000.0,1.6206896551724137,9686700000.0,8700000
0,1,0,6100000,20,856,32600000.0,6100000.0,1.38135593220339,27905600000.0,23600000
4,0,1,9100000,8,543,60800000.0,1820000.0,1.8424242424242425,33014400000.0,33000000
5,0,1,7600000,14,576,34300000.0,1266666.6666666667,2.227272727272727,19756800000.0,15400000
2,0,0,7200000,10,856,52600000.0,2400000.0,3.0941176470588236,45025600000.0,17000000
0,1,1,2600000,8,722,18000000.0,2600000.0,2.1951219512195124,12996000000.0,8200000
4,1,1,6500000,12,653,50200000.0,1300000.0,2.485148514851485,32780600000.0,20200000
5,1,0,8900000,16,480,58600000.0,1483333.3333333333,1.6507042253521127,28128000000.0,35500000
2,1,1,5400000,14,477,27500000.0,1800000.0,1.9230769230769231,13117500000.0,14300000
0,1,0,300000,2,885,1500000.0,300000.0,3.0,1327500000.0,500000
0,0,0,8400000,18,530,57100000.0,8400000.0,2.913265306122449,30263000000.0,19600000
3,1,0,8300000,8,870,41800000.0,2075000.0,2.4302325581395348,36366000000.0,17200000
4,0,0,1700000,8,395,9400000.0,340000.0,1.6785714285714286,3713000000.0,5600000
2,0,0,1500000,16,771,10100000.0,500000.0,2.4047619047619047,7787100000.0,4200000
1,0,1,200000,2,579,1200000.0,100000.0,2.4,694800000.0,500000
1,1,1,1000000,14,798,7400000.0,500000.0,2.0,5905200000.0,3700000
3,0,1,8800000,8,473,54600000.0,2200000.0,2.1752988047808763,25825800000.0,25100000
0,1,1,1000000,8,304,5500000.0,1000000.0,1.71875,1672000000.0,3200000
0,0,1,8600000,14,678,70100000.0,8600000.0,3.0478260869565217,47527800000.0,23000000
5,1,1,2400000,2,745,15000000.0,400000.0,1.6853932584269662,11175000000.0,8900000
1,1,0,2400000,8,835,10200000.0,1200000.0,1.146067415730337,8517000000.0,8900000
5,0,1,6000000,20,848,40300000.0,1000000.0,3.330578512396694,34174400000.0,12100000
5,0,0,7600000,18,872,32700000.0,1266666.6666666667,2.0061349693251533,28514400000.0,16300000
3,0,0,8000000,10,608,56600000.0,2000000.0,2.81592039800995,34412800000.0,20100000
0,1,1,5400000,16,758,29600000.0,5400000.0,1.5179487179487179,22436800000.0,19500000
0,0,1,1400000,4,841,9600000.0,1400000.0,2.5945945945945947,8073600000.0,3700000
0,0,1,800000,2,618,4000000.0,800000.0,1.5384615384615385,2472000000.0,2600000
4,1,1,300000,4,457,2300000.0,60000.0,2.090909090909091,1051100000.0,1100000
0,1,0,4100000,4,844,22800000.0,4100000.0,1.5833333333333333,19243200000.0,14400000
2,0,0,1500000,4,776,9500000.0,500000.0,2.5,7372000000.0,3800000
1,0,0,4600000,8,520,31700000.0,2300000.0,2.2805755395683454,16484000000.0,13900000
1,1,1,3300000,12,648,18400000.0,1650000.0,2.453333333333333,11923200000.0,7500000
4,0,1,7900000,10,654,62100000.0,1580000.0,1.9777070063694266,40613400000.0,31400000
0,0,0,8100000,20,342,40900000.0,8100000.0,1.5433962264150944,13987800000.0,26500000
5,0,0,900000,16,808,6900000.0,150000.0,2.4642857142857144,5575200000.0,2800000
1,1,1,4900000,10,429,30700000.0,2450000.0,2.0197368421052633,13170300000.0,15200000
3,1,1,6100000,14,538,39700000.0,1525000.0,2.1933701657458564,21358600000.0,18100000
3,0,0,4500000,6,533,23500000.0,1125000.0,1.4329268292682926,12525500000.0,16400000
2,1,1,2900000,8,394,22000000.0,966666.6666666666,3.0136986301369864,8668000000.0,7300000
1,0,0,7900000,2,771,54800000.0,3950000.0,1.870307167235495,42250800000.0,29300000
5,1,1,4100000,4,792,24000000.0,683333.3333333334,2.376237623762376,19008000000.0,10100000
5,0,1,7700000,8,407,46500000.0,1283333.3333333333,3.0,18925500000.0,15500000
0,0,0,5600000,18,544,35500000.0,5600000.0,1.839378238341969,19312000000.0,19300000
5,1,0,9000000,18,509,55900000.0,1500000.0,3.1055555555555556,28453100000.0,18000000
4,0,1,6400000,16,320,43500000.0,1280000.0,2.364130434782609,13920000000.0,18400000
4,1,0,6900000,2,496,38500000.0,1380000.0,2.619047619047619,19096000000.0,14700000
3,0,0,9100000,18,652,54300000.0,2275000.0,1.9817518248175183,35403600000.0,27400000
2,1,1,1100000,2,806,6900000.0,366666.6666666667,1.864864864864865,5561400000.0,3700000
4,0,0,1700000,12,821,11500000.0,340000.0,2.5555555555555554,9441500000.0,4500000
5,1,1,9200000,20,618,69600000.0,1533333.3333333333,2.4166666666666665,43012800000.0,28800000
2,0,1,8300000,12,729,71200000.0,2766666.6666666665,3.4563106796116503,51904800000.0,20600000
5,0,1,5000000,6,839,44500000.0,833333.3333333334,4.19811320754717,37335500000.0,10600000
3,1,0,2200000,2,318,9300000.0,550000.0,1.453125,2957400000.0,6400000
2,1,0,4500000,16,404,27500000.0,1500000.0,2.8645833333333335,11110000000.0,9600000
5,0,1,4100000,6,581,22800000.0,683333.3333333334,2.533333333333333,13246800000.0,9000000
1,0,0,2800000,18,596,17100000.0,1400000.0,2.514705882352941,10191600000.0,6800000
1,0,0,6600000,4,415,46300000.0,3300000.0,2.236714975845411,19214500000.0,20700000
3,0,1,3200000,6,728,19400000.0,800000.0,2.6944444444444446,14123200000.0,7200000
0,0,0,6300000,2,666,31900000.0,6300000.0,2.398496240601504,21245400000.0,13300000
2,1,0,4700000,14,675,32600000.0,1566666.6666666667,1.8418079096045197,22005000000.0,17700000
0,1,0,4100000,16,304,27500000.0,4100000.0,1.7857142857142858,8360000000.0,15400000
5,1,1,7100000,4,474,48400000.0,1183333.3333333333,3.1225806451612903,22941600000.0,15500000
4,1,1,4900000,18,370,33400000.0,980000.0,3.2745098039215685,12358000000.0,10200000
4,1,0,5600000,20,596,36600000.0,1120000.0,1.8029556650246306,21813600000.0,20300000
4,1,0,3400000,2,567,20500000.0,680000.0,2.4698795180722892,11623500000.0,8300000
3,0,0,4500000,16,671,32300000.0,1125000.0,2.0062111801242235,21673300000.0,16100000
2,1,0,300000,18,819,1900000.0,100000.0,2.375,1556100000.0,800000
5,0,1,7600000,10,829,35300000.0,1266666.6666666667,1.5347826086956522,29263700000.0,23000000
5,1,0,500000,12,454,3200000.0,83333.33333333333,2.6666666666666665,1452800000.0,1200000
0,1,1,5900000,16,399,37100000.0,5900000.0,2.4407894736842106,14802900000.0,15200000
0,1,0,7100000,10,784,57400000.0,7100000.0,2.7729468599033815,45001600000.0,20700000
2,0,1,8500000,6,538,63800000.0,2833333.3333333335,2.3717472118959106,34324400000.0,26900000
0,1,1,6400000,16,759,41600000.0,6400000.0,2.4615384615384617,31574400000.0,16900000
2,1,0,7100000,12,699,52200000.0,2366666.6666666665,2.439252336448598,36487800000.0,21400000
5,0,0,1800000,14,347,11700000.0,300000.0,2.1666666666666665,4059900000.0,5400000
3,0,1,6600000,20,598,46000000.0,1650000.0,1.8253968253968254,27508000000.0,25200000
4,1,1,8800000,2,406,54400000.0,1760000.0,2.007380073800738,22086400000.0,27100000
2,0,0,4800000,20,860,23500000.0,1600000.0,1.4873417721518987,20210000000.0,15800000
5,1,1,4400000,10,806,21900000.0,733333.3333333334,1.3272727272727274,17651400000.0,16500000
0,0,0,2000000,2,448,15200000.0,2000000.0,2.2028985507246377,6809600000.0,6900000
2,1,0,6800000,20,393,32800000.0,2266666.6666666665,1.4513274336283186,12890400000.0,22600000
5,0,1,6600000,12,811,37800000.0,1100000.0,2.3625,30655800000.0,16000000
2,1,0,3300000,20,829,22700000.0,1100000.0,2.8734177215189876,18818300000.0,7900000
3,0,0,7400000,16,700,51900000.0,1850000.0,2.217948717948718,36330000000.0,23400000
0,0,1,4500000,18,719,22800000.0,4500000.0,1.8387096774193548,16393200000.0,12400000
1,0,1,9500000,12,430,54700000.0,4750000.0,1.7934426229508196,23521000000.0,30500000
1,1,0,800000,4,338,4900000.0,400000.0,1.6333333333333333,1656200000.0,3000000
2,1,0,4000000,4,695,33000000.0,1333333.3333333333,2.5384615384615383,22935000000.0,13000000
2,0,0,7000000,18,374,36500000.0,2333333.3333333335,1.4202334630350195,13651000000.0,25700000
3,1,0,3500000,18,609,22500000.0,875000.0,2.6470588235294117,13702500000.0,8500000
3,1,1,9700000,6,631,45000000.0,2425000.0,1.25,28395000000.0,36000000
0,0,0,3400000,6,439,20200000.0,3400000.0,1.8703703703703705,8867800000.0,10800000
1,1,1,4600000,20,837,27700000.0,2300000.0,2.051851851851852,23184900000.0,13500000
4,1,0,3800000,10,833,28300000.0,760000.0,2.7211538461538463,23573900000.0,10400000
4,0,1,4200000,20,863,20800000.0,840000.0,2.1666666666666665,17950400000.0,9600000
2,1,0,2500000,4,684,12900000.0,833333.3333333334,1.4827586206896552,8823600000.0,8700000
0,0,1,7000000,6,542,38200000.0,7000000.0,1.5528455284552845,20704400000.0,24600000
1,0,0,5300000,8,753,31600000.0,2650000.0,2.747826086956522,23794800000.0,11500000
0,0,0,6400000,2,512,37400000.0,6400000.0,2.6338028169014085,19148800000.0,14200000
3,0,0,3400000,12,385,24800000.0,850000.0,3.0617283950617282,9548000000.0,8100000
4,0,0,6700000,2,749,52000000.0,1340000.0,2.765957446808511,38948000000.0,18800000
1,0,1,4600000,4,618,19500000.0,2300000.0,1.9306930693069306,12051000000.0,10100000
4,1,1,900000,4,583,5000000.0,180000.0,2.0,2915000000.0,2500000
0,1,0,5100000,18,655,28600000.0,5100000.0,1.4371859296482412,18733000000.0,19900000
0,0,1,7000000,20,380,49900000.0,7000000.0,2.38755980861244,18962000000.0,20900000
3,1,1,4100000,6,679,26400000.0,1025000.0,1.7959183673469388,17925600000.0,14700000
2,1,0,4600000,6,410,41600000.0,1533333.3333333333,2.810810810810811,17056000000.0,14800000
2,1,1,3600000,8,590,20700000.0,1200000.0,1.8,12213000000.0,11500000
5,1,0,5900000,14,397,36400000.0,983333.3333333334,2.63768115942029,14450800000.0,13800000
2,1,0,600000,16,425,4000000.0,200000.0,1.9047619047619047,1700000000.0,2100000
0,1,0,4900000,2,383,27600000.0,4900000.0,1.6829268292682926,10570800000.0,16400000
5,1,1,6400000,6,406,56800000.0,1066666.6666666667,2.3765690376569037,23060800000.0,23900000
2,1,0,7000000,10,563,44100000.0,2333333.3333333335,2.227272727272727,24828300000.0,19800000
3,1,1,6700000,14,782,44300000.0,1675000.0,3.3059701492537314,34642600000.0,13400000
1,0,1,800000,4,852,4300000.0,400000.0,1.9545454545454546,3663600000.0,2200000
5,0,0,7600000,2,753,55500000.0,1266666.6666666667,1.9964028776978417,41791500000.0,27800000
5,1,1,3200000,4,489,20400000.0,533333.3333333334,2.6842105263157894,9975600000.0,7600000
2,0,1,4900000,2,586,28200000.0,1633333.3333333333,2.0434782608695654,16525200000.0,13800000
3,0,0,7200000,16,560,37500000.0,1800000.0,1.8028846153846154,21000000000.0,20800000
3,1,0,5600000,6,487,40400000.0,1400000.0,1.9611650485436893,19674800000.0,20600000
4,1,1,7300000,8,434,46400000.0,1460000.0,2.5355191256830603,20137600000.0,18300000
4,0,0,3300000,20,504,21200000.0,660000.0,3.0285714285714285,10684800000.0,7000000
2,1,1,9200000,4,827,72100000.0,3066666.6666666665,2.849802371541502,59626700000.0,25300000
3,0,1,8100000,20,657,52900000.0,2025000.0,2.2703862660944205,34755300000.0,23300000
5,1,0,6600000,10,447,50400000.0,1100000.0,2.3551401869158877,22528800000.0,21400000
0,1,1,4200000,4,834,27200000.0,4200000.0,2.0,22684800000.0,13600000
2,1,0,5800000,8,354,33800000.0,1933333.3333333333,1.5576036866359446,11965200000.0,21700000
2,1,1,5600000,18,883,38300000.0,1866666.6666666667,1.8238095238095238,33818900000.0,21000000
0,0,1,3600000,12,641,24500000.0,3600000.0,2.474747474747475,15704500000.0,9900000
1,1,1,7700000,6,621,68100000.0,3850000.0,4.029585798816568,42290100000.0,16900000
0,1,1,7800000,10,587,59000000.0,7800000.0,2.532188841201717,34633000000.0,23300000
3,0,0,5700000,16,424,29700000.0,1425000.0,1.9285714285714286,12592800000.0,15400000
5,1,0,6300000,14,515,35300000.0,1050000.0,1.721951219512195,18179500000.0,20500000
5,0,1,2300000,18,592,14500000.0,383333.3333333333,3.0851063829787235,8584000000.0,4700000
4,1,1,9600000,6,319,54400000.0,1920000.0,2.7336683417085426,17353600000.0,19900000
1,0,1,1000000,16,360,5500000.0,500000.0,1.4102564102564104,1980000000.0,3900000
5,1,1,7200000,12,535,54100000.0,1200000.0,1.996309963099631,28943500000.0,27100000
2,0,1,3800000,16,666,23200000.0,1266666.6666666667,2.0350877192982457,15451200000.0,11400000
4,0,1,9300000,16,419,49900000.0,1860000.0,2.0284552845528454,20908100000.0,24600000
2,0,1,7200000,12,640,29800000.0,2400000.0,1.360730593607306,19072000000.0,21900000
0,1,0,7600000,12,545,46300000.0,7600000.0,2.350253807106599,25233500000.0,19700000
4,1,0,4500000,10,843,33100000.0,900000.0,2.1633986928104574,27903300000.0,15300000
1,0,1,9900000,20,559,68900000.0,4950000.0,2.2297734627831716,38515100000.0,30900000
0,0,1,700000,18,650,5000000.0,700000.0,2.5,3250000000.0,2000000
0,1,0,3500000,16,479,28300000.0,3500000.0,2.3008130081300813,13555700000.0,12300000
1,1,1,300000,14,324,1400000.0,150000.0,1.4,453600000.0,1000000
5,0,1,5400000,2,354,30100000.0,900000.0,1.8023952095808384,10655400000.0,16700000
4,0,1,2800000,10,521,15500000.0,560000.0,1.8452380952380953,8075500000.0,8400000
5,0,1,4900000,8,505,38300000.0,816666.6666666666,2.408805031446541,19341500000.0,15900000
4,0,0,600000,12,436,2800000.0,120000.0,1.6470588235294117,1220800000.0,1700000
0,1,0,3000000,6,683,21500000.0,3000000.0,2.654320987654321,14684500000.0,8100000
0,1,0,1800000,18,348,11300000.0,1800000.0,1.9482758620689655,3932400000.0,5800000
4,1,1,5100000,6,867,42300000.0,1020000.0,2.694267515923567,36674100000.0,15700000
5,1,0,1400000,14,880,10400000.0,233333.33333333334,2.5365853658536586,9152000000.0,4100000
2,1,1,6700000,10,673,49800000.0,2233333.3333333335,1.9529411764705882,33515400000.0,25500000
3,0,0,4300000,18,482,29500000.0,1075000.0,2.3412698412698414,14219000000.0,12600000
3,1,1,7800000,4,767,56800000.0,1950000.0,2.8979591836734695,43565600000.0,19600000
3,0,0,5400000,18,760,38600000.0,1350000.0,2.4430379746835444,29336000000.0,15800000
0,0,0,500000,2,857,3700000.0,500000.0,1.9473684210526316,3170900000.0,1900000
1,1,0,8600000,10,735,52800000.0,4300000.0,1.9775280898876404,38808000000.0,26700000
3,1,0,2500000,4,810,19100000.0,625000.0,2.053763440860215,15471000000.0,9300000
4,0,0,3000000,2,680,15600000.0,600000.0,2.1666666666666665,10608000000.0,7200000
5,0,1,7000000,4,889,35400000.0,1166666.6666666667,1.3159851301115242,31470600000.0,26900000
1,0,1,400000,16,688,2100000.0,200000.0,1.4,1444800000.0,1500000
5,0,0,5200000,16,531,31900000.0,866666.6666666666,2.3284671532846715,16938900000.0,13700000
3,1,0,3300000,2,660,27000000.0,825000.0,2.4324324324324325,17820000000.0,11100000
1,0,1,2400000,18,414,15400000.0,1200000.0,1.75,6375600000.0,8800000
4,1,1,5800000,14,528,36500000.0,1160000.0,2.310126582278481,19272000000.0,15800000
4,0,1,9400000,12,817,47600000.0,1880000.0,2.38,38889200000.0,20000000
2,0,0,6100000,2,799,35700000.0,2033333.3333333333,2.3333333333333335,28524300000.0,15300000
1,1,1,7500000,20,655,59500000.0,3750000.0,2.7803738317757007,38972500000.0,21400000
2,0,0,4100000,6,546,25400000.0,1366666.6666666667,1.5679012345679013,13868400000.0,16200000
3,0,0,8500000,14,745,45800000.0,2125000.0,1.4870129870129871,34121000000.0,30800000
0,1,0,4300000,8,884,27600000.0,4300000.0,1.6331360946745561,24398400000.0,16900000
5,0,0,9300000,4,822,67200000.0,1550000.0,3.0545454545454547,55238400000.0,22000000
4,0,0,6000000,2,623,33100000.0,1200000.0,1.7700534759358288,20621300000.0,18700000
1,0,1,5300000,16,361,22700000.0,2650000.0,1.2010582010582012,8194700000.0,18900000
5,0,1,7400000,2,778,48300000.0,1233333.3333333333,2.9814814814814814,37577400000.0,16200000
1,0,1,1100000,8,779,8000000.0,550000.0,2.1052631578947367,6232000000.0,3800000
1,1,1,6600000,4,594,40300000.0,3300000.0,1.9468599033816425,23938200000.0,20700000
3,1,0,8200000,2,530,57800000.0,2050000.0,2.0424028268551235,30634000000.0,28300000
3,0,0,3300000,12,324,17400000.0,825000.0,1.8709677419354838,5637600000.0,9300000
4,1,1,2500000,10,394,19000000.0,500000.0,2.111111111111111,7486000000.0,9000000
3,1,1,3300000,12,816,30100000.0,825000.0,2.894230769230769,24561600000.0,10400000
5,0,0,1000000,16,423,6700000.0,166666.66666666666,2.9130434782608696,2834100000.0,2300000
5,1,1,6200000,2,539,42500000.0,1033333.3333333334,3.3203125,22907500000.0,12800000
1,1,0,7000000,20,554,43700000.0,3500000.0,2.080952380952381,24209800000.0,21000000
2,1,1,7000000,6,523,49900000.0,2333333.3333333335,2.626315789473684,26097700000.0,19000000
1,0,1,5300000,10,852,34700000.0,2650000.0,2.8916666666666666,29564400000.0,12000000
0,0,1,1800000,2,505,12200000.0,1800000.0,3.2972972972972974,6161000000.0,3700000
0,1,1,2300000,10,430,19400000.0,2300000.0,2.4556962025316458,8342000000.0,7900000
2,1,0,4000000,16,784,21700000.0,1333333.3333333333,2.358695652173913,17012800000.0,9200000
1,0,0,8900000,6,380,59100000.0,4450000.0,2.4625,22458000000.0,24000000
3,1,0,8000000,20,565,42100000.0,2000000.0,2.263440860215054,23786500000.0,18600000
4,1,1,7900000,14,446,49900000.0,1580000.0,1.8550185873605949,22255400000.0,26900000
5,1,1,6700000,8,406,34200000.0,1116666.6666666667,1.693069306930693,13885200000.0,20200000
4,0,0,2400000,6,712,16200000.0,480000.0,2.7,11534400000.0,6000000
4,0,0,8600000,14,729,48900000.0,1720000.0,2.163716814159292,35648100000.0,22600000
1,0,1,5300000,20,508,35600000.0,2650000.0,2.4383561643835616,18084800000.0,14600000
0,1,0,7400000,20,648,44500000.0,7400000.0,1.78714859437751,28836000000.0,24900000
0,0,1,8700000,10,346,41900000.0,8700000.0,2.2406417112299466,14497400000.0,18700000
5,1,0,8200000,4,394,53800000.0,1366666.6666666667,2.908108108108108,21197200000.0,18500000
0,0,1,3700000,12,501,23000000.0,3700000.0,2.3711340206185567,11523000000.0,9700000
5,0,1,9200000,2,655,45100000.0,1533333.3333333333,1.2424242424242424,29540500000.0,36300000
4,0,0,6100000,4,662,44600000.0,1220000.0,2.1339712918660285,29525200000.0,20900000
2,1,1,8800000,20,820,44100000.0,2933333.3333333335,1.4318181818181819,36162000000.0,30800000
5,0,0,9200000,10,521,53100000.0,1533333.3333333333,2.8095238095238093,27665100000.0,18900000
3,1,0,7200000,12,473,66400000.0,1800000.0,2.379928315412186,31407200000.0,27900000
1,1,0,600000,10,561,3200000.0,300000.0,2.6666666666666665,1795200000.0,1200000
5,1,0,8000000,20,461,44800000.0,1333333.3333333333,1.9393939393939394,20652800000.0,23100000
4,1,1,6900000,16,715,37300000.0,1380000.0,2.7028985507246377,26669500000.0,13800000
0,0,1,4300000,18,440,22200000.0,4300000.0,1.4230769230769231,9768000000.0,15600000
3,0,1,8500000,18,749,52600000.0,2125000.0,2.112449799196787,39397400000.0,24900000
4,0,0,8600000,2,787,51300000.0,1720000.0,2.9482758620689653,40373100000.0,17400000
3,1,0,6300000,18,748,56800000.0,1575000.0,4.086330935251799,42486400000.0,13900000
3,0,1,5800000,12,321,30700000.0,1450000.0,2.2573529411764706,9854700000.0,13600000
3,1,1,1000000,10,303,4900000.0,250000.0,2.130434782608696,1484700000.0,2300000
0,0,1,1700000,8,682,9400000.0,1700000.0,1.7407407407407407,6410800000.0,5400000
2,0,0,3200000,18,638,18000000.0,1066666.6666666667,2.0930232558139537,11484000000.0,8600000
0,1,1,7500000,14,440,66100000.0,7500000.0,3.9819277108433737,29084000000.0,16600000
1,0,1,2000000,10,873,10300000.0,1000000.0,1.5606060606060606,8991900000.0,6600000
3,0,0,9100000,20,437,56600000.0,2275000.0,2.8730964467005076,24734200000.0,19700000
4,1,1,8400000,8,796,55000000.0,1680000.0,2.7918781725888326,43780000000.0,19700000
4,1,0,7100000,16,824,36700000.0,1420000.0,1.349264705882353,30240800000.0,27200000
2,0,0,200000,6,338,600000.0,66666.66666666667,0.75,202800000.0,800000
0,0,1,5000000,12,575,33200000.0,5000000.0,2.228187919463087,19090000000.0,14900000
0,0,1,4500000,8,773,33100000.0,4500000.0,1.9585798816568047,25586300000.0,16900000
2,0,1,5100000,2,733,23600000.0,1700000.0,1.1979695431472082,17298800000.0,19700000
3,1,1,4100000,14,475,28100000.0,1025000.0,2.650943396226415,13347500000.0,10600000
1,0,0,7200000,10,677,43100000.0,3600000.0,2.8733333333333335,29178700000.0,15000000
3,0,0,7800000,6,403,51000000.0,1950000.0,2.8813559322033897,20553000000.0,17700000
3,1,1,7500000,12,767,53000000.0,1875000.0,2.0948616600790513,40651000000.0,25300000
3,1,1,6400000,2,813,39700000.0,1600000.0,1.8904761904761904,32276100000.0,21000000
4,1,0,7000000,20,597,71000000.0,1400000.0,2.762645914396887,42387000000.0,25700000
4,0,1,9000000,8,896,48000000.0,1800000.0,1.5434083601286173,43008000000.0,31100000
2,0,1,4400000,6,810,37600000.0,1466666.6666666667,2.7050359712230216,30456000000.0,13900000
2,0,0,900000,14,337,4400000.0,300000.0,2.2,1482800000.0,2000000
1,1,0,9800000,18,792,67100000.0,4900000.0,2.4944237918215615,53143200000.0,26900000
4,0,0,600000,6,784,2800000.0,120000.0,1.75,2195200000.0,1600000
5,1,1,9700000,12,434,65400000.0,1616666.6666666667,2.1727574750830563,28383600000.0,30100000
2,1,1,8400000,10,384,44100000.0,2800000.0,1.352760736196319,16934400000.0,32600000
1,1,0,8300000,10,642,54300000.0,4150000.0,2.180722891566265,34860600000.0,24900000
4,1,0,7900000,8,314,60700000.0,1580000.0,2.0301003344481607,19059800000.0,29900000
1,0,0,8600000,2,606,63500000.0,4300000.0,2.451737451737452,38481000000.0,25900000
5,0,1,6700000,14,843,38000000.0,1116666.6666666667,2.159090909090909,32034000000.0,17600000
0,1,0,2700000,10,778,16000000.0,2700000.0,2.1621621621621623,12448000000.0,7400000
0,0,0,6600000,8,718,55500000.0,6600000.0,2.16796875,39849000000.0,25600000
1,1,1,7100000,20,437,50400000.0,3550000.0,2.423076923076923,22024800000.0,20800000
5,1,1,300000,10,586,1500000.0,50000.0,2.142857142857143,879000000.0,700000
2,1,0,2200000,6,777,14200000.0,733333.3333333334,2.0285714285714285,11033400000.0,7000000
1,1,1,8700000,12,525,54400000.0,4350000.0,1.7160883280757098,28560000000.0,31700000
4,1,0,7200000,12,632,36900000.0,1440000.0,1.5974025974025974,23320800000.0,23100000
0,0,0,2000000,20,337,10700000.0,2000000.0,2.2291666666666665,3605900000.0,4800000
4,1,1,8600000,8,458,69900000.0,1720000.0,2.5053763440860215,32014200000.0,27900000
2,1,1,2300000,8,364,14000000.0,766666.6666666666,2.5925925925925926,5096000000.0,5400000
2,0,1,9600000,16,499,74000000.0,3200000.0,2.4832214765100673,36926000000.0,29800000
2,1,1,1900000,16,887,9400000.0,633333.3333333334,1.4461538461538461,8337800000.0,6500000
1,1,0,2100000,16,882,16700000.0,1050000.0,2.6507936507936507,14729400000.0,6300000
1,0,1,3900000,8,817,16200000.0,1950000.0,1.8620689655172413,13235400000.0,8700000
5,0,1,200000,10,704,1600000.0,33333.333333333336,5.333333333333333,1126400000.0,300000
1,0,1,1900000,12,742,8800000.0,950000.0,1.9555555555555555,6529600000.0,4500000
0,0,1,3200000,4,393,16100000.0,3200000.0,1.3879310344827587,6327300000.0,11600000
0,0,0,1100000,18,828,5300000.0,1100000.0,1.2325581395348837,4388400000.0,4300000
5,1,1,8000000,12,779,57900000.0,1333333.3333333333,2.6930232558139533,45104100000.0,21500000
4,1,1,6100000,6,860,34500000.0,1220000.0,1.5898617511520738,29670000000.0,21700000
5,1,0,3200000,2,432,25100000.0,533333.3333333334,2.3679245283018866,10843200000.0,10600000
4,1,1,9000000,20,532,72000000.0,1800000.0,2.3684210526315788,38304000000.0,30400000
0,0,1,1200000,2,678,6800000.0,1200000.0,2.125,4610400000.0,3200000
3,1,0,7900000,6,601,64600000.0,1975000.0,2.3925925925925924,38824600000.0,27000000
3,1,1,7700000,8,807,40100000.0,1925000.0,1.7359307359307359,32360700000.0,23100000
2,0,0,4400000,16,879,31000000.0,1466666.6666666667,1.878787878787879,27249000000.0,16500000
1,0,0,3100000,18,665,21900000.0,1550000.0,1.9553571428571428,14563500000.0,11200000
5,0,1,2600000,16,697,17700000.0,433333.3333333333,1.903225806451613,12336900000.0,9300000
4,1,0,5500000,14,867,32000000.0,1100000.0,1.4746543778801844,27744000000.0,21700000
1,1,0,5700000,8,544,47100000.0,2850000.0,3.0387096774193547,25622400000.0,15500000
5,1,0,6100000,20,482,34200000.0,1016666.6666666666,1.6521739130434783,16484400000.0,20700000
2,1,0,8200000,18,857,64500000.0,2733333.3333333335,2.8666666666666667,55276500000.0,22500000
1,1,0,6000000,12,549,49200000.0,3000000.0,2.3207547169811322,27010800000.0,21200000
1,1,1,8000000,10,720,66800000.0,4000000.0,2.183006535947712,48096000000.0,30600000
4,0,0,2000000,8,302,8900000.0,400000.0,1.8541666666666667,2687800000.0,4800000
5,1,1,1300000,12,669,7800000.0,216666.66666666666,2.689655172413793,5218200000.0,2900000
1,1,0,7000000,6,591,45300000.0,3500000.0,1.6715867158671587,26772300000.0,27100000
3,1,0,4100000,6,440,22800000.0,1025000.0,1.4901960784313726,10032000000.0,15300000
3,1,0,8000000,16,890,49100000.0,2000000.0,1.8740458015267176,43699000000.0,26200000
4,0,0,8100000,8,663,51600000.0,1620000.0,1.8428571428571427,34210800000.0,28000000
4,1,1,9500000,14,433,47400000.0,1900000.0,2.0973451327433628,20524200000.0,22600000
0,1,0,9200000,10,317,70800000.0,9200000.0,3.1466666666666665,22443600000.0,22500000
2,1,0,3900000,16,360,14000000.0,1300000.0,0.9523809523809523,5040000000.0,14700000
1,1,0,9100000,8,727,64600000.0,4550000.0,2.4656488549618323,46964200000.0,26200000
3,1,1,3000000,4,685,23400000.0,750000.0,2.819277108433735,16029000000.0,8300000
4,1,0,2000000,8,373,14600000.0,400000.0,3.395348837209302,5445800000.0,4300000
5,1,0,6300000,8,469,51700000.0,1050000.0,3.541095890410959,24247300000.0,14600000
3,0,1,4100000,8,548,31500000.0,1025000.0,2.889908256880734,17262000000.0,10900000
0,0,0,9800000,20,618,57900000.0,9800000.0,1.969387755102041,35782200000.0,29400000
2,1,0,5200000,8,658,24700000.0,1733333.3333333333,1.603896103896104,16252600000.0,15400000
3,1,0,7600000,18,781,71300000.0,1900000.0,2.484320557491289,55685300000.0,28700000
3,0,0,9200000,2,715,54400000.0,2300000.0,1.532394366197183,38896000000.0,35500000
5,0,0,2200000,4,409,7600000.0,366666.6666666667,0.9382716049382716,3108400000.0,8100000
2,0,1,8300000,10,504,40900000.0,2766666.6666666665,1.9854368932038835,20613600000.0,20600000
3,1,1,6100000,16,428,31300000.0,1525000.0,1.4490740740740742,13396400000.0,21600000
2,1,0,4500000,20,704,29900000.0,1500000.0,1.8012048192771084,21049600000.0,16600000
3,0,0,6600000,12,834,46600000.0,1650000.0,2.478723404255319,38864400000.0,18800000
4,0,0,8900000,14,694,47900000.0,1780000.0,1.3724928366762177,33242600000.0,34900000
4,1,1,3900000,20,453,27300000.0,780000.0,2.0526315789473686,12366900000.0,13300000
3,1,1,8900000,14,404,62300000.0,2225000.0,1.7598870056497176,25169200000.0,35400000
5,0,0,6400000,12,776,39500000.0,1066666.6666666667,1.7713004484304933,30652000000.0,22300000
1,0,1,9500000,16,526,67900000.0,4750000.0,2.3658536585365852,35715400000.0,28700000
3,1,1,300000,8,641,2200000.0,75000.0,2.2,1410200000.0,1000000
5,0,0,4100000,6,582,34600000.0,683333.3333333334,2.813008130081301,20137200000.0,12300000
2,1,0,8100000,18,778,46900000.0,2700000.0,2.2548076923076925,36488200000.0,20800000
4,1,0,9900000,10,763,78000000.0,1980000.0,2.7464788732394365,59514000000.0,28400000
0,0,0,4800000,12,650,28400000.0,4800000.0,1.4947368421052631,18460000000.0,19000000
0,1,1,2900000,2,820,21300000.0,2900000.0,2.195876288659794,17466000000.0,9700000
1,0,1,3500000,12,824,28000000.0,1750000.0,2.074074074074074,23072000000.0,13500000
1,0,1,4900000,4,718,34700000.0,2450000.0,2.753968253968254,24914600000.0,12600000
2,0,1,5100000,14,313,35700000.0,1700000.0,2.6842105263157894,11174100000.0,13300000
5,1,0,7300000,10,751,50700000.0,1216666.6666666667,1.9351145038167938,38075700000.0,26200000
0,1,1,200000,18,520,1100000.0,200000.0,3.6666666666666665,572000000.0,300000
2,1,0,1400000,4,355,8500000.0,466666.6666666667,1.8085106382978724,3017500000.0,4700000
3,1,1,8700000,14,314,45600000.0,2175000.0,1.3571428571428572,14318400000.0,33600000
1,0,1,2800000,20,728,15900000.0,1400000.0,2.694915254237288,11575200000.0,5900000
3,1,1,9100000,14,564,64800000.0,2275000.0,2.1528239202657806,36547200000.0,30100000
0,0,1,6800000,14,699,44700000.0,6800000.0,2.9215686274509802,31245300000.0,15300000
0,0,1,5000000,6,624,34200000.0,5000000.0,2.011764705882353,21340800000.0,17000000
0,1,1,4400000,14,795,33400000.0,4400000.0,1.9880952380952381,26553000000.0,16800000
5,0,1,8400000,20,703,47900000.0,1400000.0,2.575268817204301,33673700000.0,18600000
4,1,0,7800000,4,394,48200000.0,1560000.0,2.786127167630058,18990800000.0,17300000
4,1,1,4800000,14,779,36000000.0,960000.0,3.6363636363636362,28044000000.0,9900000
1,1,0,3200000,4,405,17700000.0,1600000.0,2.0113636363636362,7168500000.0,8800000
5,1,1,2300000,16,612,20800000.0,383333.3333333333,3.1044776119402986,12729600000.0,6700000
5,0,1,9200000,10,448,69500000.0,1533333.3333333333,2.473309608540925,31136000000.0,28100000
2,0,1,4700000,6,506,29400000.0,1566666.6666666667,2.145985401459854,14876400000.0,13700000
0,0,1,8000000,2,776,54900000.0,8000000.0,1.805921052631579,42602400000.0,30400000
1,1,1,2600000,6,730,12800000.0,1300000.0,1.4883720930232558,9344000000.0,8600000
3,0,0,200000,20,730,1000000.0,50000.0,1.25,730000000.0,800000
5,1,0,7300000,2,345,42600000.0,1216666.6666666667,2.4767441860465116,14697000000.0,17200000
4,0,0,3300000,2,847,25300000.0,660000.0,2.1440677966101696,21429100000.0,11800000
4,0,0,8300000,20,398,57000000.0,1660000.0,2.4463519313304722,22686000000.0,23300000
5,0,1,4100000,2,307,28200000.0,683333.3333333334,2.9375,8657400000.0,9600000
1,0,0,7300000,16,852,47300000.0,3650000.0,1.9957805907172996,40299600000.0,23700000
1,0,0,9300000,6,364,62100000.0,4650000.0,2.2581818181818183,22604400000.0,27500000
2,1,1,4300000,12,552,23000000.0,1433333.3333333333,1.513157894736842,12696000000.0,15200000
3,0,0,2600000,2,421,16000000.0,650000.0,1.9753086419753085,6736000000.0,8100000
5,1,0,2900000,12,588,17900000.0,483333.3333333333,1.8265306122448979,10525200000.0,9800000
2,1,1,900000,6,763,5200000.0,300000.0,1.4857142857142858,3967600000.0,3500000
3,0,1,4900000,20,823,40400000.0,1225000.0,2.3085714285714287,33249200000.0,17500000
0,1,0,7700000,10,642,59400000.0,7700000.0,2.3951612903225805,38134800000.0,24800000
1,1,0,4700000,12,647,32700000.0,2350000.0,1.9464285714285714,21156900000.0,16800000
5,0,0,3000000,20,886,17000000.0,500000.0,1.9101123595505618,15062000000.0,8900000
4,0,0,9700000,4,518,62700000.0,1940000.0,2.3931297709923665,32478600000.0,26200000
0,1,1,6900000,20,515,38300000.0,6900000.0,1.4291044776119404,19724500000.0,26800000
2,0,1,3800000,8,340,16700000.0,1266666.6666666667,1.346774193548387,5678000000.0,12400000
3,0,1,600000,14,521,3300000.0,150000.0,1.9411764705882353,1719300000.0,1700000
2,0,1,1200000,12,330,6400000.0,400000.0,2.206896551724138,2112000000.0,2900000
4,0,1,7800000,2,474,44100000.0,1560000.0,1.6455223880597014,20903400000.0,26800000
0,0,0,9000000,6,898,46500000.0,9000000.0,1.3247863247863247,41757000000.0,35100000
1,0,0,2800000,12,436,15500000.0,1400000.0,1.7032967032967032,6758000000.0,9100000
1,0,0,7800000,10,326,56500000.0,3900000.0,2.652582159624413,18419000000.0,21300000
4,1,1,4700000,18,876,40500000.0,940000.0,4.2631578947368425,35478000000.0,9500000
2,1,0,4600000,20,597,35700000.0,1533333.3333333333,2.04,21312900000.0,17500000
4,1,0,5100000,14,436,33900000.0,1020000.0,2.1055900621118013,14780400000.0,16100000
3,0,1,6100000,18,640,49700000.0,1525000.0,2.1798245614035086,31808000000.0,22800000
0,0,0,6000000,16,302,43500000.0,6000000.0,1.8995633187772927,13137000000.0,22900000
2,0,0,8400000,16,476,47900000.0,2800000.0,2.064655172413793,22800400000.0,23200000
2,1,0,9300000,14,393,50400000.0,3100000.0,2.290909090909091,19807200000.0,22000000
0,1,0,4200000,10,506,32200000.0,4200000.0,3.1262135922330097,16293200000.0,10300000
3,1,0,9600000,10,418,58400000.0,2400000.0,1.5449735449735449,24411200000.0,37800000
3,1,0,5600000,6,865,42900000.0,1400000.0,3.201492537313433,37108500000.0,13400000
4,1,0,7800000,2,703,52900000.0,1560000.0,1.8496503496503496,37188700000.0,28600000
2,1,1,4500000,2,568,31500000.0,1500000.0,2.5,17892000000.0,12600000
3,1,0,2400000,2,425,11500000.0,600000.0,1.9491525423728813,4887500000.0,5900000
0,0,0,3900000,12,305,21800000.0,3900000.0,1.9292035398230087,6649000000.0,11300000
5,1,1,9600000,6,456,61600000.0,1600000.0,2.9902912621359223,28089600000.0,20600000
4,0,0,900000,2,602,5600000.0,180000.0,2.1538461538461537,3371200000.0,2600000
3,1,1,1100000,20,814,7200000.0,275000.0,1.894736842105263,5860800000.0,3800000
4,0,0,6400000,2,640,40700000.0,1280000.0,1.6345381526104417,26048000000.0,24900000
2,1,0,4600000,4,817,29200000.0,1533333.3333333333,1.9466666666666668,23856400000.0,15000000
4,1,0,7600000,20,361,40800000.0,1520000.0,1.3691275167785235,14728800000.0,29800000
5,0,0,6800000,14,839,25600000.0,1133333.3333333333,1.2736318407960199,21478400000.0,20100000
5,1,0,7100000,20,592,42500000.0,1183333.3333333333,1.5740740740740742,25160000000.0,27000000
4,0,1,6700000,6,498,40800000.0,1340000.0,1.6518218623481782,20318400000.0,24700000
5,0,1,5800000,6,847,35800000.0,966666.6666666666,2.8870967741935485,30322600000.0,12400000
0,1,1,8600000,16,643,60400000.0,8600000.0,2.054421768707483,38837200000.0,29400000
0,1,1,3500000,4,389,24700000.0,3500000.0,2.330188679245283,9608300000.0,10600000
2,1,1,4800000,20,381,27700000.0,1600000.0,1.582857142857143,10553700000.0,17500000
5,1,1,6100000,16,400,41400000.0,1016666.6666666666,2.875,16560000000.0,14400000
5,1,1,5200000,16,718,37100000.0,866666.6666666666,2.921259842519685,26637800000.0,12700000
5,0,1,4100000,8,309,25500000.0,683333.3333333334,2.056451612903226,7879500000.0,12400000
5,0,0,3200000,2,838,18900000.0,533333.3333333334,2.554054054054054,15838200000.0,7400000
3,0,1,7500000,14,678,52200000.0,1875000.0,2.4166666666666665,35391600000.0,21600000
2,0,1,1500000,14,826,11100000.0,500000.0,2.466666666666667,9168600000.0,4500000
4,1,1,1200000,16,348,8600000.0,240000.0,2.774193548387097,2992800000.0,3100000
1,1,1,8400000,6,476,85100000.0,4200000.0,4.319796954314721,40507600000.0,19700000
0,0,1,7900000,8,666,44000000.0,7900000.0,1.673003802281369,29304000000.0,26300000
1,1,1,2100000,20,896,12200000.0,1050000.0,2.8372093023255816,10931200000.0,4300000
2,1,0,2500000,20,547,9500000.0,833333.3333333334,1.3571428571428572,5196500000.0,7000000
2,0,1,3700000,2,405,23700000.0,1233333.3333333333,1.7050359712230216,9598500000.0,13900000
5,1,0,1100000,16,498,3500000.0,183333.33333333334,0.875,1743000000.0,4000000
5,1,0,6500000,8,779,41100000.0,1083333.3333333333,1.657258064516129,32016900000.0,24800000
0,0,1,8200000,8,403,45400000.0,8200000.0,1.4412698412698413,18296200000.0,31500000
2,0,0,5000000,8,709,35600000.0,1666666.6666666667,2.870967741935484,25240400000.0,12400000
1,0,0,1500000,6,507,12000000.0,750000.0,2.0,6084000000.0,6000000
5,0,0,3700000,18,368,17500000.0,616666.6666666666,1.9230769230769231,6440000000.0,9100000
3,1,1,4100000,16,760,29200000.0,1025000.0,2.0,22192000000.0,14600000
2,0,0,7200000,6,796,36900000.0,2400000.0,2.1964285714285716,29372400000.0,16800000
1,1,0,2000000,6,876,10700000.0,1000000.0,2.14,9373200000.0,5000000
3,0,0,2000000,14,673,11600000.0,500000.0,2.4680851063829787,7806800000.0,4700000
1,1,1,5100000,4,747,35000000.0,2550000.0,3.0434782608695654,26145000000.0,11500000
1,0,0,6000000,12,589,29000000.0,3000000.0,2.1323529411764706,17081000000.0,13600000
1,1,0,4900000,8,382,31900000.0,2450000.0,1.7624309392265194,12185800000.0,18100000
3,0,1,900000,12,900,5700000.0,225000.0,2.4782608695652173,5130000000.0,2300000
1,1,1,7500000,18,628,32100000.0,3750000.0,1.284,20158800000.0,25000000
2,1,0,6400000,12,667,49900000.0,2133333.3333333335,1.996,33283300000.0,25000000
2,1,1,8700000,2,778,50000000.0,2900000.0,1.893939393939394,38900000000.0,26400000
4,1,1,7300000,18,831,51000000.0,1460000.0,2.9651162790697674,42381000000.0,17200000
5,1,0,7400000,4,320,69000000.0,1233333.3333333333,2.5461254612546127,22080000000.0,27100000
2,1,0,2700000,16,656,20200000.0,900000.0,2.172043010752688,13251200000.0,9300000
3,1,0,3400000,6,896,23400000.0,850000.0,2.6292134831460676,20966400000.0,8900000
3,0,1,2100000,4,320,14500000.0,525000.0,1.9594594594594594,4640000000.0,7400000
2,0,0,3100000,10,751,22000000.0,1033333.3333333334,2.0952380952380953,16522000000.0,10500000
5,0,0,4700000,2,523,33700000.0,783333.3333333334,1.9367816091954022,17625100000.0,17400000
5,1,0,3100000,6,584,23600000.0,516666.6666666667,2.2476190476190476,13782400000.0,10500000
2,0,0,5700000,2,630,31600000.0,1900000.0,1.5490196078431373,19908000000.0,20400000
3,1,1,2300000,14,472,17200000.0,575000.0,2.15,8118400000.0,8000000
0,0,1,6600000,16,802,47200000.0,6600000.0,2.5513513513513515,37854400000.0,18500000
2,1,1,2700000,18,547,17600000.0,900000.0,2.75,9627200000.0,6400000
1,0,1,800000,16,726,7600000.0,400000.0,2.7142857142857144,5517600000.0,2800000
1,1,0,6600000,8,712,37500000.0,3300000.0,2.027027027027027,26700000000.0,18500000
3,1,0,3900000,6,790,27700000.0,975000.0,2.588785046728972,21883000000.0,10700000
5,0,0,200000,16,396,700000.0,33333.333333333336,1.1666666666666667,277200000.0,600000
3,1,0,2000000,6,831,11100000.0,500000.0,2.642857142857143,9224100000.0,4200000
2,1,1,9100000,20,632,47800000.0,3033333.3333333335,2.287081339712919,30209600000.0,20900000
3,1,0,4700000,8,527,34800000.0,1175000.0,3.2222222222222223,18339600000.0,10800000
3,0,1,3200000,6,708,24200000.0,800000.0,2.18018018018018,17133600000.0,11100000
2,0,0,1700000,14,829,8000000.0,566666.6666666666,1.9047619047619047,6632000000.0,4200000
1,0,0,2600000,12,854,18400000.0,1300000.0,2.271604938271605,15713600000.0,8100000
3,0,1,2700000,14,899,14600000.0,675000.0,2.1791044776119404,13125400000.0,6700000
0,0,1,3600000,6,589,18800000.0,3600000.0,1.4029850746268657,11073200000.0,13400000
4,1,1,7200000,6,571,31500000.0,1440000.0,1.2115384615384615,17986500000.0,26000000
2,0,1,2500000,6,708,20500000.0,833333.3333333334,3.203125,14514000000.0,6400000
2,0,0,5500000,16,328,21800000.0,1833333.3333333333,1.1122448979591837,7150400000.0,19600000
3,1,1,9200000,8,564,77200000.0,2300000.0,2.3044776119402983,43540800000.0,33500000
3,0,0,9000000,8,693,59600000.0,2250000.0,3.136842105263158,41302800000.0,19000000
4,0,1,5900000,14,626,46800000.0,1180000.0,3.12,29296800000.0,15000000
4,1,0,5600000,12,470,42200000.0,1120000.0,2.7051282051282053,19834000000.0,15600000
2,0,1,3200000,8,849,20500000.0,1066666.6666666667,1.64,17404500000.0,12500000
5,0,0,9100000,16,547,70200000.0,1516666.6666666667,2.5251798561151078,38399400000.0,27800000
0,0,1,4600000,2,417,27900000.0,4600000.0,1.8476821192052981,11634300000.0,15100000
4,1,0,7300000,2,358,53600000.0,1460000.0,3.597315436241611,19188800000.0,14900000
5,0,1,1300000,16,826,8400000.0,216666.66666666666,2.7096774193548385,6938400000.0,3100000
0,0,0,1800000,6,836,12000000.0,1800000.0,2.857142857142857,10032000000.0,4200000
3,1,0,500000,10,509,2400000.0,125000.0,1.411764705882353,1221600000.0,1700000
2,0,1,5700000,20,581,42900000.0,1900000.0,2.0926829268292684,24924900000.0,20500000
4,1,0,300000,4,359,1300000.0,60000.0,1.1818181818181819,466700000.0,1100000
5,1,1,2100000,10,517,10900000.0,350000.0,1.5352112676056338,5635300000.0,7100000
1,0,1,5700000,14,442,43400000.0,2850000.0,2.1592039800995027,19182800000.0,20100000
1,0,1,1100000,16,346,5200000.0,550000.0,1.9259259259259258,1799200000.0,2700000
5,1,0,9300000,6,742,45800000.0,1550000.0,1.3470588235294119,33983600000.0,34000000
1,1,1,3500000,10,626,22700000.0,1750000.0,2.802469135802469,14210200000.0,8100000
0,0,1,8200000,4,619,39400000.0,8200000.0,1.3680555555555556,24388600000.0,28800000
2,0,1,7500000,20,734,42500000.0,2500000.0,2.374301675977654,31195000000.0,17900000
1,1,1,7000000,6,420,50600000.0,3500000.0,1.9765625,21252000000.0,25600000
5,0,1,3900000,18,600,20500000.0,650000.0,2.4698795180722892,12300000000.0,8300000
3,1,1,4700000,12,440,28200000.0,1175000.0,2.1363636363636362,12408000000.0,13200000
5,0,1,1700000,16,820,7900000.0,283333.3333333333,1.5192307692307692,6478000000.0,5200000
0,1,0,2500000,8,437,14900000.0,2500000.0,1.9102564102564104,6511300000.0,7800000
1,0,1,400000,12,468,2600000.0,200000.0,1.8571428571428572,1216800000.0,1400000
0,0,1,2400000,8,368,11300000.0,2400000.0,1.2417582417582418,4158400000.0,9100000
4,1,0,5700000,2,871,25400000.0,1140000.0,1.1598173515981736,22123400000.0,21900000
1,1,0,9800000,4,816,68600000.0,4900000.0,1.8100263852242744,55977600000.0,37900000
5,1,0,9000000,4,773,45100000.0,1500000.0,1.375,34862300000.0,32800000
3,0,0,800000,14,576,5500000.0,200000.0,1.8333333333333333,3168000000.0,3000000
1,1,0,1600000,14,673,9600000.0,800000.0,2.1333333333333333,6460800000.0,4500000
0,1,1,9800000,20,760,77900000.0,9800000.0,2.2844574780058653,59204000000.0,34100000
5,0,1,2900000,12,678,21000000.0,483333.3333333333,2.8,14238000000.0,7500000
4,0,1,3900000,14,893,28800000.0,780000.0,2.4,25718400000.0,12000000
0,1,1,3300000,18,754,21600000.0,3300000.0,2.4,16286400000.0,9000000
3,1,1,700000,8,617,5300000.0,175000.0,2.409090909090909,3270100000.0,2200000
3,0,1,8400000,20,661,57800000.0,2100000.0,1.959322033898305,38205800000.0,29500000
1,1,1,4000000,12,356,33600000.0,2000000.0,2.7768595041322315,11961600000.0,12100000
0,0,1,1900000,16,811,8200000.0,1900000.0,1.3015873015873016,6650200000.0,6300000
0,0,0,3900000,2,730,33200000.0,3900000.0,2.2739726027397262,24236000000.0,14600000
5,0,0,7400000,2,792,39900000.0,1233333.3333333333,2.216666666666667,31600800000.0,18000000
5,0,1,5900000,6,798,36300000.0,983333.3333333334,2.26875,28967400000.0,16000000
2,0,0,1400000,12,490,9000000.0,466666.6666666667,3.103448275862069,4410000000.0,2900000
2,1,1,1800000,6,448,10100000.0,600000.0,1.8363636363636364,4524800000.0,5500000
0,1,1,1000000,6,525,7800000.0,1000000.0,2.5161290322580645,4095000000.0,3100000
1,1,0,7400000,20,415,43200000.0,3700000.0,2.25,17928000000.0,19200000
5,1,0,2700000,16,496,15800000.0,450000.0,1.490566037735849,7836800000.0,10600000
1,0,1,3600000,8,543,15600000.0,1800000.0,1.1908396946564885,8470800000.0,13100000
5,1,0,7000000,12,520,37400000.0,1166666.6666666667,2.032608695652174,19448000000.0,18400000
4,0,1,5000000,14,307,27000000.0,1000000.0,1.5,8289000000.0,18000000
2,1,0,1800000,14,502,8200000.0,600000.0,1.4385964912280702,4116400000.0,5700000
2,1,1,4700000,6,505,27500000.0,1566666.6666666667,2.2916666666666665,13887500000.0,12000000
2,0,1,6700000,4,304,55800000.0,2233333.3333333335,2.4155844155844157,16963200000.0,23100000
5,0,0,5800000,10,719,23200000.0,966666.6666666666,1.3257142857142856,16680800000.0,17500000
0,1,1,5900000,18,855,38200000.0,5900000.0,1.6828193832599119,32661000000.0,22700000
4,0,0,6000000,18,593,31200000.0,1200000.0,1.9746835443037976,18501600000.0,15800000
1,0,1,700000,10,523,4300000.0,350000.0,3.0714285714285716,2248900000.0,1400000
0,0,1,3700000,14,385,31500000.0,3700000.0,2.404580152671756,12127500000.0,13100000
0,1,1,7100000,6,783,35500000.0,7100000.0,1.839378238341969,27796500000.0,19300000
5,1,1,1100000,2,538,7600000.0,183333.33333333334,1.9487179487179487,4088800000.0,3900000
3,0,1,9500000,2,506,61300000.0,2375000.0,3.0497512437810945,31017800000.0,20100000
4,0,1,2200000,2,461,11200000.0,440000.0,1.302325581395349,5163200000.0,8600000
4,0,1,5500000,8,666,34400000.0,1100000.0,1.72,22910400000.0,20000000
3,0,1,4400000,20,561,29500000.0,1100000.0,1.8098159509202454,16549500000.0,16300000
5,0,0,5000000,10,345,37700000.0,833333.3333333334,3.490740740740741,13006500000.0,10800000
4,0,1,6100000,14,862,41500000.0,1220000.0,3.32,35773000000.0,12500000
3,0,0,8100000,10,686,54500000.0,2025000.0,2.4439461883408073,37387000000.0,22300000
4,1,1,7000000,8,708,49000000.0,1400000.0,2.5,34692000000.0,19600000
4,0,0,5600000,20,656,36900000.0,1120000.0,2.4932432432432434,24206400000.0,14800000
4,1,0,1800000,14,743,9600000.0,360000.0,1.3714285714285714,7132800000.0,7000000
2,1,0,3600000,14,408,32700000.0,1200000.0,2.7024793388429753,13341600000.0,12100000
5,1,0,600000,14,408,3800000.0,100000.0,2.923076923076923,1550400000.0,1300000
1,1,1,4900000,12,439,26400000.0,2450000.0,1.6,11589600000.0,16500000
3,1,1,3000000,6,415,19700000.0,750000.0,2.7746478873239435,8175500000.0,7100000
0,0,1,3800000,12,490,27300000.0,3800000.0,2.5754716981132075,13377000000.0,10600000
1,1,1,7600000,16,884,44900000.0,3800000.0,1.4966666666666666,39691600000.0,30000000
4,1,0,7800000,18,425,54700000.0,1560000.0,2.1535433070866143,23247500000.0,25400000
0,1,0,6800000,20,730,41000000.0,6800000.0,1.8894009216589862,29930000000.0,21700000
4,1,1,5900000,20,657,24200000.0,1180000.0,1.3988439306358382,15899400000.0,17300000
2,0,0,4900000,10,480,26400000.0,1633333.3333333333,1.5714285714285714,12672000000.0,16800000
3,0,1,1100000,16,356,6000000.0,275000.0,1.935483870967742,2136000000.0,3100000
1,0,1,9800000,12,629,73100000.0,4900000.0,2.0305555555555554,45979900000.0,36000000
1,1,1,1200000,2,667,6400000.0,600000.0,1.3617021276595744,4268800000.0,4700000
0,0,0,4700000,18,559,28800000.0,4700000.0,2.5043478260869567,16099200000.0,11500000
4,1,0,6700000,4,791,38900000.0,1340000.0,2.43125,30769900000.0,16000000
0,0,1,3700000,6,538,22400000.0,3700000.0,1.9823008849557522,12051200000.0,11300000
2,1,0,7400000,20,358,53300000.0,2466666.6666666665,3.33125,19081400000.0,16000000
2,0,0,3300000,14,439,20300000.0,1100000.0,1.735042735042735,8911700000.0,11700000
2,1,1,4800000,12,503,23600000.0,1600000.0,1.542483660130719,11870800000.0,15300000
4,1,1,4600000,6,810,42100000.0,920000.0,3.53781512605042,34101000000.0,11900000
1,1,1,8000000,14,302,56500000.0,4000000.0,1.84640522875817,17063000000.0,30600000
0,0,0,4100000,18,300,29400000.0,4100000.0,3.340909090909091,8820000000.0,8800000
4,0,0,2600000,16,612,9500000.0,520000.0,1.3194444444444444,5814000000.0,7200000
3,0,0,1300000,6,686,9700000.0,325000.0,1.94,6654200000.0,5000000
0,1,1,2300000,12,409,13600000.0,2300000.0,2.7755102040816326,5562400000.0,4900000
5,1,0,300000,6,492,2200000.0,50000.0,2.4444444444444446,1082400000.0,900000
0,1,1,7000000,20,498,30700000.0,7000000.0,1.4147465437788018,15288600000.0,21700000
3,0,1,4400000,18,611,26700000.0,1100000.0,2.44954128440367,16313700000.0,10900000
5,0,1,5100000,6,776,22900000.0,850000.0,1.9406779661016949,17770400000.0,11800000
1,0,0,5900000,6,779,42100000.0,2950000.0,3.2384615384615385,32795900000.0,13000000
3,1,1,7800000,16,560,42100000.0,1950000.0,1.5477941176470589,23576000000.0,27200000
4,1,1,2200000,6,308,15500000.0,440000.0,3.0392156862745097,4774000000.0,5100000
4,0,0,5400000,18,786,30400000.0,1080000.0,2.4126984126984126,23894400000.0,12600000
1,0,0,7400000,8,597,40200000.0,3700000.0,1.3814432989690721,23999400000.0,29100000
4,1,0,5800000,12,811,35500000.0,1160000.0,2.9583333333333335,28790500000.0,12000000
1,1,1,5800000,12,862,35600000.0,2900000.0,2.7384615384615385,30687200000.0,13000000
3,0,1,4800000,12,369,20400000.0,1200000.0,1.4366197183098592,7527600000.0,14200000
1,0,1,7400000,4,687,63400000.0,3700000.0,2.6527196652719667,43555800000.0,23900000
0,0,1,9600000,12,500,70700000.0,9600000.0,3.607142857142857,35350000000.0,19600000
2,0,1,200000,6,746,900000.0,66666.66666666667,1.8,671400000.0,500000
4,0,0,700000,14,619,6000000.0,140000.0,2.857142857142857,3714000000.0,2100000
2,0,0,7600000,20,692,52000000.0,2533333.3333333335,3.1137724550898205,35984000000.0,16700000
1,0,1,1400000,18,321,6100000.0,700000.0,1.8484848484848484,1958100000.0,3300000
2,0,1,3800000,14,730,28000000.0,1266666.6666666667,1.8666666666666667,20440000000.0,15000000
3,0,0,2700000,6,480,18200000.0,675000.0,1.6851851851851851,8736000000.0,10800000
2,0,1,5000000,2,753,38800000.0,1666666.6666666667,3.6261682242990654,29216400000.0,10700000
4,1,1,9000000,6,637,50300000.0,1800000.0,1.740484429065744,32041100000.0,28900000
3,1,0,3700000,6,483,23200000.0,925000.0,2.577777777777778,11205600000.0,9000000
4,0,1,300000,4,315,1800000.0,60000.0,1.6363636363636365,567000000.0,1100000
4,1,0,1800000,8,777,10200000.0,360000.0,2.4878048780487805,7925400000.0,4100000
2,1,0,7900000,4,402,66700000.0,2633333.3333333335,3.768361581920904,26813400000.0,17700000
4,1,1,2100000,8,493,10400000.0,420000.0,1.3506493506493507,5127200000.0,7700000
0,1,1,900000,4,355,5300000.0,900000.0,1.7096774193548387,1881500000.0,3100000
3,1,0,9900000,18,557,59000000.0,2475000.0,2.5,32863000000.0,23600000
0,0,1,5600000,20,606,35200000.0,5600000.0,1.76,21331200000.0,20000000
1,0,1,6000000,16,743,34900000.0,3000000.0,2.860655737704918,25930700000.0,12200000
5,0,0,5700000,4,579,38900000.0,950000.0,2.114130434782609,22523100000.0,18400000
0,1,1,9000000,20,734,44300000.0,9000000.0,1.338368580060423,32516200000.0,33100000
0,1,0,7300000,2,490,41500000.0,7300000.0,2.577639751552795,20335000000.0,16100000
5,1,0,5300000,16,802,43500000.0,883333.3333333334,2.1219512195121952,34887000000.0,20500000
1,0,1,3500000,16,867,18700000.0,1750000.0,2.527027027027027,16212900000.0,7400000
0,0,0,1000000,12,302,7700000.0,1000000.0,3.5,2325400000.0,2200000
0,0,0,5100000,12,867,32900000.0,5100000.0,1.6532663316582914,28524300000.0,19900000
0,1,1,2900000,8,312,21200000.0,2900000.0,2.1414141414141414,6614400000.0,9900000
3,0,0,7600000,14,762,60600000.0,1900000.0,3.1727748691099475,46177200000.0,19100000
5,0,1,6000000,18,462,42400000.0,1000000.0,2.8843537414965987,19588800000.0,14700000
1,1,0,6300000,18,849,30800000.0,3150000.0,1.6923076923076923,26149200000.0,18200000
3,0,0,1900000,18,592,13100000.0,475000.0,1.7702702702702702,7755200000.0,7400000
4,1,0,600000,4,507,2600000.0,120000.0,1.8571428571428572,1318200000.0,1400000
2,0,1,4100000,14,505,31200000.0,1366666.6666666667,2.736842105263158,15756000000.0,11400000
0,0,1,800000,8,467,5200000.0,800000.0,1.625,2428400000.0,3200000
2,0,0,6600000,16,543,48300000.0,2200000.0,2.109170305676856,26226900000.0,22900000
4,1,1,300000,12,674,1600000.0,60000.0,1.4545454545454546,1078400000.0,1100000
3,1,0,6100000,2,717,39400000.0,1525000.0,2.9185185185185185,28249800000.0,13500000
5,0,1,4800000,10,666,27500000.0,800000.0,1.6176470588235294,18315000000.0,17000000
4,0,0,4500000,18,830,18900000.0,900000.0,1.092485549132948,15687000000.0,17300000
2,1,0,3800000,16,383,20300000.0,1266666.6666666667,2.1595744680851063,7774900000.0,9400000
2,1,1,7000000,8,584,52200000.0,2333333.3333333335,2.761904761904762,30484800000.0,18900000
2,0,0,4400000,18,799,27300000.0,1466666.6666666667,1.9225352112676057,21812700000.0,14200000
5,1,0,5300000,6,510,39000000.0,883333.3333333334,2.0103092783505154,19890000000.0,19400000
0,0,1,2600000,6,572,20000000.0,2600000.0,3.389830508474576,11440000000.0,5900000
3,0,0,3300000,2,554,19000000.0,825000.0,1.450381679389313,10526000000.0,13100000
1,0,1,1200000,6,344,9100000.0,600000.0,1.8958333333333333,3130400000.0,4800000
3,1,0,4300000,8,881,34800000.0,1075000.0,4.046511627906977,30658800000.0,8600000
0,0,1,8400000,10,514,36200000.0,8400000.0,1.3308823529411764,18606800000.0,27200000
0,1,0,600000,18,796,3400000.0,600000.0,1.8888888888888888,2706400000.0,1800000
2,1,1,4700000,12,802,29200000.0,1566666.6666666667,1.8024691358024691,23418400000.0,16200000
3,1,0,4200000,20,375,19700000.0,1050000.0,1.576,7387500000.0,12500000
2,1,0,4300000,2,871,29700000.0,1433333.3333333333,2.020408163265306,25868700000.0,14700000
0,0,0,800000,2,439,4900000.0,800000.0,1.6896551724137931,2151100000.0,2900000
0,0,1,9300000,8,438,78500000.0,9300000.0,2.453125,34383000000.0,32000000
5,0,0,6200000,2,468,35000000.0,1033333.3333333334,2.5547445255474455,16380000000.0,13700000
3,1,1,3500000,12,645,28500000.0,875000.0,2.7941176470588234,18382500000.0,10200000
2,1,1,3600000,18,700,20400000.0,1200000.0,2.217391304347826,14280000000.0,9200000
5,1,1,9500000,16,348,48700000.0,1583333.3333333333,1.326975476839237,16947600000.0,36700000
5,1,1,600000,10,877,4500000.0,100000.0,3.2142857142857144,3946500000.0,1400000
0,0,1,3800000,6,899,23600000.0,3800000.0,1.5838926174496644,21216400000.0,14900000
3,1,1,1400000,12,610,7000000.0,350000.0,2.0,4270000000.0,3500000
1,0,0,6300000,4,742,34700000.0,3150000.0,1.4518828451882846,25747400000.0,23900000
1,0,1,2800000,18,801,19700000.0,1400000.0,2.984848484848485,15779700000.0,6600000
4,1,1,5400000,2,533,35800000.0,1080000.0,2.0935672514619883,19081400000.0,17100000
3,0,1,6300000,16,656,42300000.0,1575000.0,1.7698744769874477,27748800000.0,23900000
3,1,1,3900000,18,785,37300000.0,975000.0,2.6083916083916083,29280500000.0,14300000
2,1,1,4200000,2,332,24000000.0,1400000.0,1.5286624203821657,7968000000.0,15700000
0,1,0,3100000,18,768,16000000.0,3100000.0,1.9753086419753085,12288000000.0,8100000
1,1,0,3400000,6,640,20900000.0,1700000.0,2.4302325581395348,13376000000.0,8600000
4,0,0,1500000,6,885,8600000.0,300000.0,2.774193548387097,7611000000.0,3100000
3,0,1,900000,18,772,7300000.0,225000.0,3.65,5635600000.0,2000000
4,1,1,7800000,4,665,38800000.0,1560000.0,1.515625,25802000000.0,25600000
1,0,1,3500000,20,454,22000000.0,1750000.0,2.0952380952380953,9988000000.0,10500000
1,0,0,8400000,14,698,56000000.0,4200000.0,1.7230769230769232,39088000000.0,32500000
4,0,1,6400000,20,332,36900000.0,1280000.0,1.732394366197183,12250800000.0,21300000
1,0,0,9600000,6,536,61300000.0,4800000.0,2.166077738515901,32856800000.0,28300000
5,0,1,2100000,10,796,15200000.0,350000.0,2.3384615384615386,12099200000.0,6500000
2,0,1,6000000,8,486,46900000.0,2000000.0,2.35678391959799,22793400000.0,19900000
0,0,1,8300000,18,422,53300000.0,8300000.0,3.1726190476190474,22492600000.0,16800000
1,0,1,5300000,6,501,36200000.0,2650000.0,1.9567567567567568,18136200000.0,18500000
1,0,1,9700000,4,666,55800000.0,4850000.0,2.374468085106383,37162800000.0,23500000
3,0,1,8200000,18,371,46900000.0,2050000.0,2.8424242424242423,17399900000.0,16500000
5,1,0,3400000,14,312,16300000.0,566666.6666666666,2.36231884057971,5085600000.0,6900000
5,1,0,2800000,12,753,21600000.0,466666.6666666667,1.9636363636363636,16264800000.0,11000000
0,0,1,2400000,16,740,17700000.0,2400000.0,3.4038461538461537,13098000000.0,5200000
1,1,0,8200000,4,366,61700000.0,4100000.0,2.5708333333333333,22582200000.0,24000000
4,0,0,4200000,8,526,33500000.0,840000.0,3.018018018018018,17621000000.0,11100000
4,1,1,5500000,10,354,48300000.0,1100000.0,3.2635135135135136,17098200000.0,14800000
5,0,1,2900000,6,719,19100000.0,483333.3333333333,3.0317460317460316,13732900000.0,6300000
5,0,0,6300000,12,774,49400000.0,1050000.0,2.45771144278607,38235600000.0,20100000
5,0,1,9700000,18,732,60100000.0,1616666.6666666667,2.0652920962199315,43993200000.0,29100000
1,0,0,6500000,6,862,35700000.0,3250000.0,2.23125,30773400000.0,16000000
5,0,0,4900000,18,613,27400000.0,816666.6666666666,2.537037037037037,16796200000.0,10800000
5,1,1,6900000,6,447,25200000.0,1150000.0,1.5272727272727273,11264400000.0,16500000
4,0,1,1100000,4,730,5600000.0,220000.0,1.8666666666666667,4088000000.0,3000000
2,0,1,7800000,14,568,48500000.0,2600000.0,1.6385135135135136,27548000000.0,29600000
2,1,1,8200000,6,495,66900000.0,2733333.3333333335,2.8347457627118646,33115500000.0,23600000
5,0,1,6700000,14,854,33200000.0,1116666.6666666667,1.4067796610169492,28352800000.0,23600000
3,1,1,7400000,10,548,53600000.0,1850000.0,3.526315789473684,29372800000.0,15200000
1,0,0,1200000,14,779,5800000.0,600000.0,2.1481481481481484,4518200000.0,2700000
0,0,0,9500000,2,564,65000000.0,9500000.0,2.620967741935484,36660000000.0,24800000
5,0,1,4000000,2,571,25100000.0,666666.6666666666,3.0609756097560976,14332100000.0,8200000
0,0,1,8600000,8,778,80200000.0,8600000.0,2.460122699386503,62395600000.0,32600000
4,1,1,9100000,12,808,66600000.0,1820000.0,2.3450704225352115,53812800000.0,28400000
0,0,1,7100000,20,770,60500000.0,7100000.0,3.252688172043011,46585000000.0,18600000
0,0,0,9000000,4,612,47300000.0,9000000.0,1.6654929577464788,28947600000.0,28400000
3,1,1,1400000,14,819,8000000.0,350000.0,2.962962962962963,6552000000.0,2700000
1,1,0,8800000,6,627,69800000.0,4400000.0,3.4554455445544554,43764600000.0,20200000
3,0,1,5400000,4,359,43400000.0,1350000.0,2.9523809523809526,15580600000.0,14700000
1,1,0,6100000,6,341,30300000.0,3050000.0,1.5863874345549738,10332300000.0,19100000
1,1,0,1000000,4,570,7000000.0,500000.0,1.9444444444444444,3990000000.0,3600000
3,1,1,7700000,20,736,61400000.0,1925000.0,3.3922651933701657,45190400000.0,18100000
1,1,1,6100000,2,302,39200000.0,3050000.0,3.0387596899224807,11838400000.0,12900000
2,0,1,7700000,12,420,58300000.0,2566666.6666666665,2.776190476190476,24486000000.0,21000000
4,1,1,4700000,2,416,33800000.0,940000.0,2.816666666666667,14060800000.0,12000000
2,1,1,9100000,20,836,72700000.0,3033333.3333333335,2.089080459770115,60777200000.0,34800000
0,1,1,5800000,12,528,42900000.0,5800000.0,3.377952755905512,22651200000.0,12700000
4,0,0,8500000,2,405,35400000.0,1700000.0,1.4216867469879517,14337000000.0,24900000
2,1,1,9900000,14,783,63200000.0,3300000.0,1.8922155688622755,49485600000.0,33400000
4,0,1,2000000,10,636,7800000.0,400000.0,1.95,4960800000.0,4000000
1,0,1,5000000,6,711,33100000.0,2500000.0,1.9702380952380953,23534100000.0,16800000
1,1,1,3200000,16,848,18500000.0,1600000.0,1.5677966101694916,15688000000.0,11800000
1,0,1,8000000,8,804,48400000.0,4000000.0,1.7410071942446044,38913600000.0,27800000
0,0,1,1200000,14,892,8300000.0,1200000.0,2.9642857142857144,7403600000.0,2800000
2,0,1,5800000,14,696,37900000.0,1933333.3333333333,1.662280701754386,26378400000.0,22800000
1,1,0,2500000,20,888,19900000.0,1250000.0,2.6184210526315788,17671200000.0,7600000
1,0,1,600000,10,699,3000000.0,300000.0,2.142857142857143,2097000000.0,1400000
5,1,0,4900000,10,865,38200000.0,816666.6666666666,2.9384615384615387,33043000000.0,13000000
2,1,1,9400000,14,383,58500000.0,3133333.3333333335,1.5683646112600536,22405500000.0,37300000
2,1,0,5300000,16,368,30400000.0,1766666.6666666667,1.5751295336787565,11187200000.0,19300000
5,0,0,5100000,4,607,33300000.0,850000.0,2.107594936708861,20213100000.0,15800000
4,0,1,2900000,18,827,16600000.0,580000.0,1.8651685393258426,13728200000.0,8900000
1,1,0,9100000,12,672,51700000.0,4550000.0,1.5205882352941176,34742400000.0,34000000
3,0,1,8800000,12,708,67800000.0,2200000.0,2.539325842696629,48002400000.0,26700000
4,0,0,2600000,10,682,21100000.0,520000.0,2.397727272727273,14390200000.0,8800000
1,1,1,9700000,18,741,67800000.0,4850000.0,2.6588235294117646,50239800000.0,25500000
5,0,1,600000,8,343,3000000.0,100000.0,2.5,1029000000.0,1200000
0,1,1,4100000,16,785,25400000.0,4100000.0,2.2882882882882885,19939000000.0,11100000
1,0,1,8000000,20,830,71200000.0,4000000.0,2.5428571428571427,59096000000.0,28000000
2,1,0,8800000,16,696,59400000.0,2933333.3333333335,2.2247191011235956,41342400000.0,26700000
1,1,0,200000,12,697,1700000.0,100000.0,5.666666666666667,1184900000.0,300000
0,1,1,3800000,2,351,22400000.0,3800000.0,1.9145299145299146,7862400000.0,11700000
3,1,0,6800000,10,556,50200000.0,1700000.0,2.302752293577982,27911200000.0,21800000
0,1,0,8600000,2,895,63200000.0,8600000.0,1.9874213836477987,56564000000.0,31800000
2,1,1,2800000,10,534,25200000.0,933333.3333333334,3.0,13456800000.0,8400000
0,1,0,8000000,12,736,55500000.0,8000000.0,1.8624161073825503,40848000000.0,29800000
2,1,1,2300000,16,629,16400000.0,766666.6666666666,2.981818181818182,10315600000.0,5500000
4,1,1,7600000,20,657,45200000.0,1520000.0,2.7901234567901234,29696400000.0,16200000
2,1,0,2900000,12,839,16500000.0,966666.6666666666,1.4601769911504425,13843500000.0,11300000
4,0,0,7900000,18,589,39700000.0,1580000.0,1.5447470817120623,23383300000.0,25700000
2,0,0,1900000,6,805,12400000.0,633333.3333333334,2.7555555555555555,9982000000.0,4500000
3,0,1,4600000,20,729,33300000.0,1150000.0,2.448529411764706,24275700000.0,13600000
1,0,0,2600000,6,399,20400000.0,1300000.0,2.6493506493506493,8139600000.0,7700000
2,0,0,2700000,8,413,19900000.0,900000.0,2.970149253731343,8218700000.0,6700000
5,1,1,6300000,16,321,33000000.0,1050000.0,2.5,10593000000.0,13200000
0,1,1,2600000,2,853,19100000.0,2600000.0,2.546666666666667,16292300000.0,7500000
4,0,1,7700000,6,400,38800000.0,1540000.0,1.6581196581196582,15520000000.0,23400000
0,1,1,7400000,16,630,58100000.0,7400000.0,3.5644171779141103,36603000000.0,16300000
3,1,1,7300000,20,557,41400000.0,1825000.0,1.9166666666666667,23059800000.0,21600000
1,1,0,2900000,2,358,13700000.0,1450000.0,1.8026315789473684,4904600000.0,7600000
3,1,1,6600000,10,510,25600000.0,1650000.0,1.6,13056000000.0,16000000
2,1,1,2700000,14,554,18100000.0,900000.0,1.8854166666666667,10027400000.0,9600000
3,1,1,8300000,4,596,64700000.0,2075000.0,2.335740072202166,38561200000.0,27700000
0,1,0,4900000,8,659,30100000.0,4900000.0,1.627027027027027,19835900000.0,18500000
4,1,1,7900000,10,322,60400000.0,1580000.0,1.9674267100977199,19448800000.0,30700000
5,1,1,8800000,14,852,52800000.0,1466666.6666666667,2.4788732394366195,44985600000.0,21300000
5,0,0,4000000,18,653,24700000.0,666666.6666666666,1.75177304964539,16129100000.0,14100000
4,1,1,3900000,12,737,22600000.0,780000.0,2.4565217391304346,16656200000.0,9200000
3,1,1,7700000,2,583,38300000.0,1925000.0,2.0264550264550265,22328900000.0,18900000
1,1,1,3800000,16,873,22200000.0,1900000.0,2.22,19380600000.0,10000000
5,1,0,8000000,20,595,44900000.0,1333333.3333333333,1.662962962962963,26715500000.0,27000000
5,1,1,3400000,20,871,22500000.0,566666.6666666666,1.991150442477876,19597500000.0,11300000
5,1,1,5500000,12,603,30000000.0,916666.6666666666,1.5957446808510638,18090000000.0,18800000
0,0,0,7700000,14,801,46100000.0,7700000.0,1.5733788395904438,36926100000.0,29300000
5,1,0,4000000,4,723,14300000.0,666666.6666666666,1.5212765957446808,10338900000.0,9400000
5,0,1,5900000,18,630,29800000.0,983333.3333333334,1.3185840707964602,18774000000.0,22600000
0,0,1,2600000,20,368,12300000.0,2600000.0,1.2424242424242424,4526400000.0,9900000
3,1,0,6600000,12,759,38300000.0,1650000.0,1.7252252252252251,29069700000.0,22200000
0,0,1,1000000,18,382,7300000.0,1000000.0,2.433333333333333,2788600000.0,3000000
4,0,1,800000,16,645,5200000.0,160000.0,1.8571428571428572,3354000000.0,2800000
0,1,0,3200000,6,878,23600000.0,3200000.0,3.746031746031746,20720800000.0,6300000
4,1,0,8400000,12,350,62000000.0,1680000.0,2.6495726495726495,21700000000.0,23400000
3,1,1,5800000,6,720,34500000.0,1450000.0,1.9602272727272727,24840000000.0,17600000
0,0,1,7300000,10,673,40100000.0,7300000.0,1.4270462633451957,26987300000.0,28100000
1,1,0,3900000,6,448,15800000.0,1950000.0,1.975,7078400000.0,8000000
2,0,1,4600000,4,720,20500000.0,1533333.3333333333,1.28125,14760000000.0,16000000
0,1,0,3600000,2,300,27900000.0,3600000.0,2.268292682926829,8370000000.0,12300000
4,1,0,7500000,20,520,29000000.0,1500000.0,1.0104529616724738,15080000000.0,28700000
1,1,0,5200000,12,794,32000000.0,2600000.0,2.1333333333333333,25408000000.0,15000000
3,1,1,4400000,8,875,26900000.0,1100000.0,2.69,23537500000.0,10000000
1,0,1,5100000,14,533,31700000.0,2550000.0,2.4573643410852712,16896100000.0,12900000
0,1,0,6000000,6,776,48700000.0,6000000.0,2.0635593220338984,37791200000.0,23600000
2,1,0,3800000,6,706,19900000.0,1266666.6666666667,1.7456140350877194,14049400000.0,11400000
3,1,0,2800000,2,710,12200000.0,700000.0,1.1192660550458715,8662000000.0,10900000
5,1,1,6500000,4,333,37200000.0,1083333.3333333333,2.0327868852459017,12387600000.0,18300000
2,0,1,1600000,4,787,7900000.0,533333.3333333334,1.234375,6217300000.0,6400000
4,1,0,5500000,12,569,46700000.0,1100000.0,2.510752688172043,26572300000.0,18600000
0,1,1,9600000,16,427,51400000.0,9600000.0,2.557213930348259,21947800000.0,20100000
0,1,0,7000000,16,640,39400000.0,7000000.0,1.4172661870503598,25216000000.0,27800000
2,0,0,4000000,16,312,23800000.0,1333333.3333333333,2.9382716049382718,7425600000.0,8100000
1,0,1,8100000,12,464,48800000.0,4050000.0,1.5792880258899675,22643200000.0,30900000
2,0,1,6600000,8,490,40500000.0,2200000.0,1.7763157894736843,19845000000.0,22800000
5,1,0,4100000,12,431,26400000.0,683333.3333333334,2.588235294117647,11378400000.0,10200000
1,1,0,6600000,4,500,35500000.0,3300000.0,1.4314516129032258,17750000000.0,24800000
4,1,0,5100000,14,511,30400000.0,1020000.0,2.4918032786885247,15534400000.0,12200000
4,1,0,8200000,18,691,53700000.0,1640000.0,2.130952380952381,37106700000.0,25200000
1,0,1,9500000,14,696,68000000.0,4750000.0,2.7868852459016393,47328000000.0,24400000
0,0,1,7600000,2,437,55600000.0,7600000.0,2.0144927536231885,24297200000.0,27600000
2,0,1,8400000,12,335,47600000.0,2800000.0,2.2884615384615383,15946000000.0,20800000
4,1,0,7600000,4,671,49500000.0,1520000.0,1.9721115537848606,33214500000.0,25100000
4,0,1,1400000,12,621,10900000.0,280000.0,2.945945945945946,6768900000.0,3700000
4,0,1,2700000,10,455,17400000.0,540000.0,2.5588235294117645,7917000000.0,6800000
1,1,1,200000,10,856,1400000.0,100000.0,2.8,1198400000.0,500000
3,1,0,600000,16,892,4000000.0,150000.0,1.9047619047619047,3568000000.0,2100000
4,1,0,5200000,16,819,31800000.0,1040000.0,2.4651162790697674,26044200000.0,12900000
0,0,1,5100000,10,308,27700000.0,5100000.0,2.3879310344827585,8531600000.0,11600000
4,1,1,9200000,2,889,74100000.0,1840000.0,3.9838709677419355,65874900000.0,18600000
5,0,0,6500000,18,713,28700000.0,1083333.3333333333,1.2370689655172413,20463100000.0,23200000
0,1,0,8500000,6,665,52000000.0,8500000.0,2.4761904761904763,34580000000.0,21000000
4,0,0,2000000,12,837,11800000.0,400000.0,1.9666666666666666,9876600000.0,6000000
4,0,1,7500000,20,395,46200000.0,1500000.0,2.566666666666667,18249000000.0,18000000
0,1,1,7500000,10,632,67000000.0,7500000.0,2.3183391003460208,42344000000.0,28900000
2,0,0,2000000,16,497,13800000.0,666666.6666666666,3.2093023255813953,6858600000.0,4300000
3,1,1,1400000,14,694,9300000.0,350000.0,3.4444444444444446,6454200000.0,2700000
1,0,1,1700000,2,882,14000000.0,850000.0,2.5,12348000000.0,5600000
2,1,1,5300000,6,504,32900000.0,1766666.6666666667,2.208053691275168,16581600000.0,14900000
4,0,0,8900000,2,747,64500000.0,1780000.0,2.142857142857143,48181500000.0,30100000
3,1,0,9700000,4,462,61900000.0,2425000.0,1.753541076487252,28597800000.0,35300000
5,1,0,9000000,4,538,61600000.0,1500000.0,2.3783783783783785,33140800000.0,25900000
2,0,1,8500000,6,664,42800000.0,2833333.3333333335,1.3851132686084142,28419200000.0,30900000
1,0,0,3500000,4,524,31400000.0,1750000.0,2.8807339449541285,16453600000.0,10900000
1,0,0,500000,6,464,3500000.0,250000.0,2.5,1624000000.0,1400000
3,1,0,8900000,6,807,59100000.0,2225000.0,3.094240837696335,47693700000.0,19100000
2,0,1,7800000,18,622,42700000.0,2600000.0,1.5698529411764706,26559400000.0,27200000
5,0,1,9800000,6,827,59600000.0,1633333.3333333333,2.143884892086331,49289200000.0,27800000
0,1,0,5200000,14,687,36200000.0,5200000.0,1.9052631578947368,24869400000.0,19000000
4,1,0,7400000,16,835,60600000.0,1480000.0,3.1237113402061856,50601000000.0,19400000
3,1,1,1200000,6,772,5900000.0,300000.0,1.7878787878787878,4554800000.0,3300000
1,0,1,1000000,2,710,4500000.0,500000.0,1.40625,3195000000.0,3200000
3,1,1,9500000,14,581,57800000.0,2375000.0,1.7784615384615385,33581800000.0,32500000
3,0,0,4500000,18,775,28700000.0,1125000.0,2.452991452991453,22242500000.0,11700000
2,1,0,4900000,12,710,31500000.0,1633333.3333333333,1.96875,22365000000.0,16000000
3,0,1,700000,8,321,5200000.0,175000.0,2.08,1669200000.0,2500000
0,1,0,9400000,20,761,78200000.0,9400000.0,2.7632508833922262,59510200000.0,28300000
3,0,1,8300000,6,674,25900000.0,2075000.0,0.8248407643312102,17456600000.0,31400000
4,1,1,5600000,4,899,37400000.0,1120000.0,2.876923076923077,33622600000.0,13000000
5,0,1,4400000,8,567,22100000.0,733333.3333333334,1.7967479674796747,12530700000.0,12300000
3,1,0,2100000,8,771,16100000.0,525000.0,2.9814814814814814,12413100000.0,5400000
1,0,1,4400000,4,360,34400000.0,2200000.0,3.2452830188679247,12384000000.0,10600000
0,0,0,6300000,6,425,45500000.0,6300000.0,2.3214285714285716,19337500000.0,19600000
4,1,0,9900000,18,496,61500000.0,1980000.0,2.05,30504000000.0,30000000
3,0,0,700000,20,705,4500000.0,175000.0,2.8125,3172500000.0,1600000
4,0,0,3600000,14,427,24500000.0,720000.0,1.9758064516129032,10461500000.0,12400000
1,0,1,5600000,2,552,37700000.0,2800000.0,1.7952380952380953,20810400000.0,21000000
3,0,1,1000000,8,725,9600000.0,250000.0,2.5945945945945947,6960000000.0,3700000
5,1,1,6400000,8,553,45500000.0,1066666.6666666667,2.9166666666666665,25161500000.0,15600000
0,0,0,8900000,2,725,51100000.0,8900000.0,2.675392670157068,37047500000.0,19100000
4,1,0,9900000,2,481,52400000.0,1980000.0,2.007662835249042,25204400000.0,26100000
2,1,1,4000000,4,847,29600000.0,1333333.3333333333,3.441860465116279,25071200000.0,8600000
0,0,1,7300000,10,666,52100000.0,7300000.0,2.027237354085603,34698600000.0,25700000
1,0,0,8100000,6,477,45300000.0,4050000.0,1.7834645669291338,21608100000.0,25400000
4,1,1,6800000,4,446,36400000.0,1360000.0,1.6470588235294117,16234400000.0,22100000
0,0,1,2600000,8,630,20400000.0,2600000.0,2.4878048780487805,12852000000.0,8200000
5,0,1,300000,20,613,1900000.0,50000.0,1.7272727272727273,1164700000.0,1100000
2,1,1,2400000,4,851,11800000.0,800000.0,1.5733333333333333,10041800000.0,7500000
0,0,0,6000000,12,339,39500000.0,6000000.0,1.9174757281553398,13390500000.0,20600000
4,1,1,3800000,16,857,35100000.0,760000.0,3.1621621621621623,30080700000.0,11100000
0,1,1,7000000,14,467,48300000.0,7000000.0,2.18552036199095,22556100000.0,22100000
0,1,1,5400000,16,355,39900000.0,5400000.0,3.0930232558139537,14164500000.0,12900000
1,0,0,6400000,6,428,56100000.0,3200000.0,3.4207317073170733,24010800000.0,16400000
5,0,1,7000000,14,450,41800000.0,1166666.6666666667,1.7416666666666667,18810000000.0,24000000
2,0,1,2100000,4,348,14200000.0,700000.0,3.0869565217391304,4941600000.0,4600000
4,0,1,4400000,12,459,20300000.0,880000.0,1.3533333333333333,9317700000.0,15000000
0,0,0,8000000,8,847,49700000.0,8000000.0,1.603225806451613,42095900000.0,31000000
2,0,1,3900000,18,523,13300000.0,1300000.0,1.6024096385542168,6955900000.0,8300000
0,1,0,4700000,10,786,31900000.0,4700000.0,2.098684210526316,25073400000.0,15200000
0,1,0,6800000,14,300,35200000.0,6800000.0,1.6603773584905661,10560000000.0,21200000
0,0,1,1800000,12,728,11500000.0,1800000.0,1.7692307692307692,8372000000.0,6500000
3,0,1,8600000,4,497,38200000.0,2150000.0,1.19375,18985400000.0,32000000
1,0,1,3600000,10,548,25300000.0,1800000.0,1.8467153284671534,13864400000.0,13700000
1,1,1,6800000,6,576,31000000.0,3400000.0,1.3537117903930131,17856000000.0,22900000
3,1,1,1100000,20,863,6200000.0,275000.0,1.5121951219512195,5350600000.0,4100000
4,1,1,4000000,8,717,28200000.0,800000.0,3.357142857142857,20219400000.0,8400000
1,1,0,2500000,12,668,18000000.0,1250000.0,3.0508474576271185,12024000000.0,5900000
2,1,0,5400000,10,335,29700000.0,1800000.0,1.706896551724138,9949500000.0,17400000
5,0,0,6600000,4,861,40100000.0,1100000.0,2.948529411764706,34526100000.0,13600000
4,0,0,6000000,2,321,39100000.0,1200000.0,2.6241610738255035,12551100000.0,14900000
0,1,1,2200000,10,585,11500000.0,2200000.0,1.3855421686746987,6727500000.0,8300000
1,1,0,8800000,10,704,55500000.0,4400000.0,3.0,39072000000.0,18500000
0,0,1,4000000,4,819,30100000.0,4000000.0,2.9223300970873787,24651900000.0,10300000
4,0,1,3600000,18,494,17500000.0,720000.0,1.4112903225806452,8645000000.0,12400000
5,1,1,8100000,2,808,33800000.0,1350000.0,1.5022222222222221,27310400000.0,22500000
3,0,1,5200000,12,830,37600000.0,1300000.0,3.418181818181818,31208000000.0,11000000
5,1,0,1100000,14,473,5500000.0,183333.33333333334,1.9642857142857142,2601500000.0,2800000
2,1,0,7500000,4,392,32500000.0,2500000.0,1.0906040268456376,12740000000.0,29800000
5,0,0,7700000,12,806,63100000.0,1283333.3333333333,3.1083743842364533,50858600000.0,20300000
0,0,0,5700000,8,340,26100000.0,5700000.0,1.219626168224299,8874000000.0,21400000
3,1,1,5000000,8,555,41900000.0,1250000.0,3.014388489208633,23254500000.0,13900000
5,0,0,500000,16,499,2900000.0,83333.33333333333,2.4166666666666665,1447100000.0,1200000
3,1,0,8900000,10,467,61900000.0,2225000.0,2.9061032863849765,28907300000.0,21300000
1,0,0,1700000,4,797,12100000.0,850000.0,1.8333333333333333,9643700000.0,6600000
4,0,1,500000,18,762,3300000.0,100000.0,2.5384615384615383,2514600000.0,1300000
3,0,1,9900000,16,562,67900000.0,2475000.0,1.8602739726027397,38159800000.0,36500000
1,1,0,8400000,2,492,39800000.0,4200000.0,1.8256880733944953,19581600000.0,21800000
3,0,1,500000,4,824,2900000.0,125000.0,1.7058823529411764,2389600000.0,1700000
2,1,0,1700000,10,602,13900000.0,566666.6666666666,2.43859649122807,8367800000.0,5700000
1,0,1,6500000,10,722,44200000.0,3250000.0,2.4153005464480874,31912400000.0,18300000
1,0,0,8900000,6,709,61200000.0,4450000.0,2.1549295774647885,43390800000.0,28400000
1,0,0,400000,4,302,2300000.0,200000.0,1.6428571428571428,694600000.0,1400000
3,0,0,5700000,6,364,44400000.0,1425000.0,3.6097560975609757,16161600000.0,12300000
0,0,1,9600000,12,389,76300000.0,9600000.0,3.2058823529411766,29680700000.0,23800000
0,1,1,8500000,16,786,47300000.0,8500000.0,2.365,37177800000.0,20000000
0,1,0,4000000,8,434,21600000.0,4000000.0,1.8782608695652174,9374400000.0,11500000
2,0,1,6300000,6,671,34700000.0,2100000.0,1.9171270718232045,23283700000.0,18100000
3,1,1,4000000,8,376,22300000.0,1000000.0,1.5170068027210883,8384800000.0,14700000
4,1,0,9400000,6,898,67500000.0,1880000.0,2.0962732919254656,60615000000.0,32200000
5,1,1,4100000,10,836,30400000.0,683333.3333333334,1.961290322580645,25414400000.0,15500000
4,1,1,1100000,6,515,7500000.0,220000.0,1.7045454545454546,3862500000.0,4400000
3,0,0,8700000,20,360,69400000.0,2175000.0,2.7983870967741935,24984000000.0,24800000
4,1,1,4900000,2,691,26800000.0,980000.0,2.09375,18518800000.0,12800000
1,0,1,2800000,14,510,20000000.0,1400000.0,2.197802197802198,10200000000.0,9100000
0,1,0,9600000,18,389,49600000.0,9600000.0,2.1379310344827585,19294400000.0,23200000
3,1,1,6900000,14,348,32200000.0,1725000.0,1.694736842105263,11205600000.0,19000000
2,0,1,2300000,2,504,12600000.0,766666.6666666666,1.5555555555555556,6350400000.0,8100000
2,0,0,6800000,20,658,50300000.0,2266666.6666666665,2.3615023474178405,33097400000.0,21300000
1,0,1,2200000,16,641,11900000.0,1100000.0,2.2037037037037037,7627900000.0,5400000
2,0,0,5900000,20,327,37500000.0,1966666.6666666667,1.893939393939394,12262500000.0,19800000
1,1,1,7000000,18,726,50800000.0,3500000.0,2.502463054187192,36880800000.0,20300000
1,1,1,9600000,20,828,78300000.0,4800000.0,2.2961876832844577,64832400000.0,34100000
0,1,0,6500000,12,755,45100000.0,6500000.0,3.110344827586207,34050500000.0,14500000
2,0,1,3800000,20,788,21700000.0,1266666.6666666667,2.8552631578947367,17099600000.0,7600000
2,1,0,9400000,20,832,49700000.0,3133333.3333333335,1.9800796812749004,41350400000.0,25100000
0,0,0,2100000,4,554,15300000.0,2100000.0,1.8658536585365855,8476200000.0,8200000
1,0,1,8500000,8,811,74400000.0,4250000.0,2.8396946564885495,60338400000.0,26200000
5,1,1,3800000,2,649,26000000.0,633333.3333333334,2.1666666666666665,16874000000.0,12000000
1,0,1,3400000,20,830,25000000.0,1700000.0,2.577319587628866,20750000000.0,9700000
1,1,1,5600000,6,707,28200000.0,2800000.0,2.41025641025641,19937400000.0,11700000
0,1,1,8500000,10,483,68900000.0,8500000.0,2.0445103857566767,33278700000.0,33700000
4,0,1,2100000,18,349,8700000.0,420000.0,1.5818181818181818,3036300000.0,5500000
4,1,0,400000,4,846,2500000.0,80000.0,1.6666666666666667,2115000000.0,1500000
4,0,0,7900000,20,386,49400000.0,1580000.0,1.5682539682539682,19068400000.0,31500000
5,0,0,6900000,12,408,48900000.0,1150000.0,2.546875,19951200000.0,19200000
0,0,1,1800000,2,764,7600000.0,1800000.0,1.9487179487179487,5806400000.0,3900000
0,1,1,1200000,18,473,6300000.0,1200000.0,1.96875,2979900000.0,3200000
3,0,0,3600000,12,654,11600000.0,900000.0,1.183673469387755,7586400000.0,9800000
1,1,0,7200000,2,551,54500000.0,3600000.0,2.3903508771929824,30029500000.0,22800000
5,1,0,9400000,6,850,56600000.0,1566666.6666666667,2.596330275229358,48110000000.0,21800000
5,1,0,9000000,4,646,47900000.0,1500000.0,1.9793388429752066,30943400000.0,24200000
1,0,1,1000000,8,793,7800000.0,500000.0,3.7142857142857144,6185400000.0,2100000
3,0,0,5600000,16,551,38800000.0,1400000.0,1.949748743718593,21378800000.0,19900000
1,1,0,900000,4,346,4900000.0,450000.0,1.8846153846153846,1695400000.0,2600000
5,0,1,9000000,14,540,35300000.0,1500000.0,1.8481675392670156,19062000000.0,19100000
2,0,0,3100000,20,892,21700000.0,1033333.3333333334,2.411111111111111,19356400000.0,9000000
1,0,1,8000000,6,570,47200000.0,4000000.0,2.2801932367149758,26904000000.0,20700000
4,0,1,3500000,16,874,19000000.0,700000.0,1.6814159292035398,16606000000.0,11300000
4,1,0,3900000,8,553,27500000.0,780000.0,2.1825396825396823,15207500000.0,12600000
2,1,0,9700000,10,649,48900000.0,3233333.3333333335,1.4173913043478261,31736100000.0,34500000
4,1,0,4500000,14,439,35400000.0,900000.0,2.240506329113924,15540600000.0,15800000
5,0,0,6800000,8,621,54600000.0,1133333.3333333333,2.2016129032258065,33906600000.0,24800000
2,0,0,6300000,14,872,45400000.0,2100000.0,2.4408602150537635,39588800000.0,18600000
2,1,0,4900000,8,492,33900000.0,1633333.3333333333,1.8324324324324324,16678800000.0,18500000
0,1,0,4800000,6,618,39000000.0,4800000.0,2.096774193548387,24102000000.0,18600000
5,1,0,7500000,18,458,45100000.0,1250000.0,2.8544303797468356,20655800000.0,15800000
5,0,0,5200000,4,422,31300000.0,866666.6666666666,2.2517985611510793,13208600000.0,13900000
3,0,1,9400000,20,873,68800000.0,2350000.0,2.226537216828479,60062400000.0,30900000
5,0,0,3200000,14,610,18800000.0,533333.3333333334,1.88,11468000000.0,10000000
1,0,1,3600000,20,546,29300000.0,1800000.0,2.2196969696969697,15997800000.0,13200000
1,0,1,3400000,8,741,26300000.0,1700000.0,3.6527777777777777,19488300000.0,7200000
3,1,0,2100000,6,754,9700000.0,525000.0,1.1829268292682926,7313800000.0,8200000
1,1,0,7200000,8,379,40800000.0,3600000.0,2.7019867549668874,15463200000.0,15100000
5,1,0,4500000,18,455,21500000.0,750000.0,1.272189349112426,9782500000.0,16900000
0,1,1,2600000,20,615,18600000.0,2600000.0,2.066666666666667,11439000000.0,9000000
4,1,1,6400000,10,384,45500000.0,1280000.0,2.096774193548387,17472000000.0,21700000
0,1,0,6400000,16,628,43500000.0,6400000.0,1.7330677290836654,27318000000.0,25100000
3,1,0,3100000,16,865,19000000.0,775000.0,1.6964285714285714,16435000000.0,11200000
2,1,0,1800000,2,679,9100000.0,600000.0,1.7169811320754718,6178900000.0,5300000
1,1,1,9300000,14,689,79600000.0,4650000.0,4.189473684210526,54844400000.0,19000000
5,0,1,6500000,10,636,46000000.0,1083333.3333333333,3.3333333333333335,29256000000.0,13800000
1,0,0,3100000,20,837,24800000.0,1550000.0,3.757575757575758,20757600000.0,6600000
3,0,0,2300000,12,557,12500000.0,575000.0,1.4705882352941178,6962500000.0,8500000
2,1,0,500000,10,324,3100000.0,166666.66666666666,1.8235294117647058,1004400000.0,1700000
0,0,1,3700000,14,531,20100000.0,3700000.0,2.161290322580645,10673100000.0,9300000
4,0,1,8600000,14,476,49700000.0,1720000.0,2.322429906542056,23657200000.0,21400000
4,1,0,2600000,4,775,17400000.0,520000.0,2.0470588235294116,13485000000.0,8500000
1,0,1,7100000,20,477,48400000.0,3550000.0,2.688888888888889,23086800000.0,18000000
4,0,1,7000000,16,682,36400000.0,1400000.0,1.8383838383838385,24824800000.0,19800000
5,0,0,8300000,12,334,65100000.0,1383333.3333333333,3.6779661016949152,21743400000.0,17700000
3,1,1,6800000,12,565,47100000.0,1700000.0,1.9707112970711298,26611500000.0,23900000
1,0,1,9900000,2,340,75700000.0,4950000.0,2.945525291828794,25738000000.0,25700000
2,1,0,5100000,14,322,27400000.0,1700000.0,2.4909090909090907,8822800000.0,11000000
4,1,1,3500000,8,883,12900000.0,700000.0,1.205607476635514,11390700000.0,10700000
3,1,1,4300000,16,346,20100000.0,1075000.0,1.5703125,6954600000.0,12800000
0,1,1,5300000,2,861,24000000.0,5300000.0,1.188118811881188,20664000000.0,20200000
5,1,1,6400000,12,699,37200000.0,1066666.6666666667,1.6986301369863013,26002800000.0,21900000
0,1,0,9300000,8,629,50700000.0,9300000.0,1.8639705882352942,31890300000.0,27200000
3,1,0,1100000,14,359,7500000.0,275000.0,2.4193548387096775,2692500000.0,3100000
2,0,0,7100000,10,430,57700000.0,2366666.6666666665,2.137037037037037,24811000000.0,27000000
4,0,0,1100000,18,417,7300000.0,220000.0,2.212121212121212,3044100000.0,3300000
2,1,0,1900000,6,896,13000000.0,633333.3333333334,2.5,11648000000.0,5200000
0,0,0,1300000,16,690,10800000.0,1300000.0,2.769230769230769,7452000000.0,3900000
5,1,0,7500000,16,347,43100000.0,1250000.0,1.8903508771929824,14955700000.0,22800000
4,0,0,2400000,4,539,14800000.0,480000.0,2.1142857142857143,7977200000.0,7000000
4,1,1,2500000,8,464,19000000.0,500000.0,2.375,8816000000.0,8000000
4,1,0,7500000,4,310,45800000.0,1500000.0,2.8271604938271606,14198000000.0,16200000
3,0,0,9300000,6,431,78300000.0,2325000.0,2.139344262295082,33747300000.0,36600000
5,0,0,3300000,12,489,12500000.0,550000.0,1.25,6112500000.0,10000000
4,0,1,5700000,12,775,27700000.0,1140000.0,1.9928057553956835,21467500000.0,13900000
4,0,0,300000,6,365,6900000.0,60000.0,11.5,2518500000.0,600000
2,0,1,1200000,10,555,5300000.0,400000.0,1.1777777777777778,2941500000.0,4500000
4,1,1,8200000,10,457,45800000.0,1640000.0,1.5472972972972974,20930600000.0,29600000
3,0,0,5500000,8,580,28300000.0,1375000.0,2.282258064516129,16414000000.0,12400000
4,0,0,1800000,20,496,13300000.0,360000.0,1.8472222222222223,6596800000.0,7200000
0,0,0,3500000,16,837,18500000.0,3500000.0,1.6228070175438596,15484500000.0,11400000
4,0,1,6000000,6,455,36800000.0,1200000.0,2.787878787878788,16744000000.0,13200000
0,1,1,2700000,20,551,11300000.0,2700000.0,1.1649484536082475,6226300000.0,9700000
4,0,1,5900000,10,825,49100000.0,1180000.0,2.3719806763285023,40507500000.0,20700000
1,0,1,2100000,18,554,12100000.0,1050000.0,2.880952380952381,6703400000.0,4200000
0,0,1,2000000,18,400,9900000.0,2000000.0,1.9038461538461537,3960000000.0,5200000
5,0,0,9000000,10,853,76700000.0,1500000.0,2.2361516034985423,65425100000.0,34300000
1,0,1,7600000,14,403,60300000.0,3800000.0,3.2074468085106385,24300900000.0,18800000
3,1,0,500000,6,392,4000000.0,125000.0,2.6666666666666665,1568000000.0,1500000
1,1,0,6300000,20,673,42900000.0,3150000.0,2.2578947368421054,28871700000.0,19000000
0,1,1,3100000,10,498,21400000.0,3100000.0,3.0140845070422535,10657200000.0,7100000
1,0,0,1100000,6,858,7000000.0,550000.0,2.6923076923076925,6006000000.0,2600000
4,1,1,3900000,20,477,17600000.0,780000.0,1.2307692307692308,8395200000.0,14300000
4,0,1,8700000,12,548,50000000.0,1740000.0,1.7730496453900708,27400000000.0,28200000
4,0,1,6400000,6,300,59700000.0,1280000.0,2.497907949790795,17910000000.0,23900000
2,1,1,200000,12,483,1200000.0,66666.66666666667,1.5,579600000.0,800000
1,1,0,2400000,20,384,15700000.0,1200000.0,2.706896551724138,6028800000.0,5800000
3,0,0,8900000,10,894,60200000.0,2225000.0,1.7102272727272727,53818800000.0,35200000
3,0,0,6100000,10,492,34200000.0,1525000.0,2.310810810810811,16826400000.0,14800000
5,0,1,7600000,4,607,60500000.0,1266666.6666666667,2.3540856031128405,36723500000.0,25700000
3,0,0,900000,16,701,3100000.0,225000.0,1.2916666666666667,2173100000.0,2400000
2,0,1,7100000,20,890,44000000.0,2366666.6666666665,2.233502538071066,39160000000.0,19700000
2,0,1,5000000,10,808,28300000.0,1666666.6666666667,1.9383561643835616,22866400000.0,14600000
4,1,1,2000000,20,596,10300000.0,400000.0,1.3918918918918919,6138800000.0,7400000
4,1,1,2600000,14,421,17000000.0,520000.0,2.7419354838709675,7157000000.0,6200000
2,1,1,7000000,20,495,42900000.0,2333333.3333333335,2.879194630872483,21235500000.0,14900000
3,1,0,3900000,6,604,29200000.0,975000.0,2.979591836734694,17636800000.0,9800000
3,1,0,8400000,4,509,76400000.0,2100000.0,2.3435582822085887,38887600000.0,32600000
0,1,1,200000,8,852,1100000.0,200000.0,1.8333333333333333,937200000.0,600000
2,0,1,1900000,16,893,17100000.0,633333.3333333334,2.5522388059701493,15270300000.0,6700000
2,0,1,9200000,14,874,51400000.0,3066666.6666666665,1.5575757575757576,44923600000.0,33000000
3,0,1,300000,6,386,2300000.0,75000.0,4.6,887800000.0,500000
5,1,0,6300000,4,590,47300000.0,1050000.0,2.613259668508287,27907000000.0,18100000
2,0,0,6100000,14,510,34300000.0,2033333.3333333333,1.4595744680851064,17493000000.0,23500000
3,1,1,7800000,6,523,50700000.0,1950000.0,1.98046875,26516100000.0,25600000
0,1,1,2000000,8,461,16900000.0,2000000.0,2.5223880597014925,7790900000.0,6700000
4,0,0,1900000,2,832,15500000.0,380000.0,2.767857142857143,12896000000.0,5600000
2,0,1,3300000,18,896,27800000.0,1100000.0,2.8958333333333335,24908800000.0,9600000
0,0,1,9500000,2,732,67800000.0,9500000.0,2.6076923076923078,49629600000.0,26000000
0,1,1,3500000,16,301,21800000.0,3500000.0,1.5683453237410072,6561800000.0,13900000
5,1,0,4400000,4,701,31600000.0,733333.3333333334,2.0,22151600000.0,15800000
2,0,0,2000000,14,502,13100000.0,666666.6666666666,3.275,6576200000.0,4000000
3,0,0,9200000,12,742,61400000.0,2300000.0,3.1487179487179486,45558800000.0,19500000
1,0,0,2200000,2,755,13500000.0,1100000.0,2.7,10192500000.0,5000000
1,0,0,1900000,2,834,13400000.0,950000.0,1.8873239436619718,11175600000.0,7100000
5,1,1,8700000,12,394,58600000.0,1450000.0,3.1847826086956523,23088400000.0,18400000
3,1,1,9700000,4,663,60300000.0,2425000.0,3.0609137055837565,39978900000.0,19700000
3,1,0,9400000,10,649,72400000.0,2350000.0,3.5665024630541873,46987600000.0,20300000
4,0,1,8000000,14,738,48300000.0,1600000.0,2.081896551724138,35645400000.0,23200000
5,0,0,1000000,4,524,7400000.0,166666.66666666666,3.7,3877600000.0,2000000
5,0,0,5300000,16,855,24400000.0,883333.3333333334,1.6712328767123288,20862000000.0,14600000
3,1,1,1400000,20,304,6700000.0,350000.0,1.2407407407407407,2036800000.0,5400000
2,1,1,1600000,12,532,11100000.0,533333.3333333334,2.9210526315789473,5905200000.0,3800000
3,1,1,3400000,6,584,19400000.0,850000.0,2.2823529411764705,11329600000.0,8500000
3,1,0,7800000,4,447,48100000.0,1950000.0,1.67595818815331,21500700000.0,28700000
4,0,0,7100000,14,852,35200000.0,1420000.0,1.7688442211055277,29990400000.0,19900000
1,0,1,6000000,2,368,30700000.0,3000000.0,2.3435114503816794,11297600000.0,13100000
3,0,1,8200000,10,447,55300000.0,2050000.0,1.9134948096885813,24719100000.0,28900000
4,1,0,3900000,20,867,21700000.0,780000.0,1.9035087719298245,18813900000.0,11400000
5,0,1,8400000,12,397,60300000.0,1400000.0,3.4261363636363638,23939100000.0,17600000
4,1,0,9700000,20,798,53200000.0,1940000.0,2.7422680412371134,42453600000.0,19400000
1,0,1,8300000,20,530,75000000.0,4150000.0,2.8517110266159698,39750000000.0,26300000
4,1,0,2500000,16,356,16500000.0,500000.0,1.6666666666666667,5874000000.0,9900000
3,1,0,6100000,18,718,30900000.0,1525000.0,1.2875,22186200000.0,24000000
3,0,0,5000000,10,459,31700000.0,1250000.0,2.4384615384615387,14550300000.0,13000000
3,0,0,9500000,8,571,47900000.0,2375000.0,2.1576576576576576,27350900000.0,22200000
2,1,0,5700000,8,412,36200000.0,1900000.0,1.7658536585365854,14914400000.0,20500000
1,1,1,5000000,20,604,23800000.0,2500000.0,1.904,14375200000.0,12500000
4,0,1,8600000,16,449,55500000.0,1720000.0,2.6941747572815533,24919500000.0,20600000
5,0,0,1400000,12,778,7400000.0,233333.33333333334,1.3962264150943395,5757200000.0,5300000
3,1,0,5900000,16,476,39000000.0,1475000.0,1.8396226415094339,18564000000.0,21200000
4,1,1,4100000,12,727,38600000.0,820000.0,3.7115384615384617,28062200000.0,10400000
3,1,0,7400000,8,818,55600000.0,1850000.0,3.0054054054054054,45480800000.0,18500000
1,1,1,7100000,16,738,35100000.0,3550000.0,1.8186528497409327,25903800000.0,19300000
5,1,1,5300000,16,546,39900000.0,883333.3333333334,2.1923076923076925,21785400000.0,18200000
2,0,0,6600000,2,471,48900000.0,2200000.0,3.4680851063829787,23031900000.0,14100000
3,0,0,2800000,4,860,19500000.0,700000.0,1.8396226415094339,16770000000.0,10600000
1,0,1,1600000,4,364,9900000.0,800000.0,2.25,3603600000.0,4400000
0,1,1,8500000,20,557,49100000.0,8500000.0,1.9407114624505928,27348700000.0,25300000
1,0,1,5200000,12,612,24500000.0,2600000.0,1.183574879227053,14994000000.0,20700000
2,0,1,6400000,6,414,32000000.0,2133333.3333333335,1.6580310880829014,13248000000.0,19300000
5,1,0,1300000,4,372,5200000.0,216666.66666666666,1.793103448275862,1934400000.0,2900000
0,1,0,5600000,12,466,51700000.0,5600000.0,4.456896551724138,24092200000.0,11600000
3,1,1,9000000,20,348,49100000.0,2250000.0,2.4797979797979797,17086800000.0,19800000
1,0,1,7800000,4,597,42300000.0,3900000.0,2.4593023255813953,25253100000.0,17200000
4,0,1,4000000,8,791,18500000.0,800000.0,1.6818181818181819,14633500000.0,11000000
0,1,1,700000,12,400,5100000.0,700000.0,2.8333333333333335,2040000000.0,1800000
5,1,1,7300000,16,813,40600000.0,1216666.6666666667,2.171122994652406,33007800000.0,18700000
0,0,1,5200000,4,675,39800000.0,5200000.0,2.5844155844155843,26865000000.0,15400000
1,0,0,6200000,18,324,37700000.0,3100000.0,2.0714285714285716,12214800000.0,18200000
4,1,0,1100000,8,693,9000000.0,220000.0,2.5,6237000000.0,3600000
1,0,1,5600000,8,491,36500000.0,2800000.0,2.664233576642336,17921500000.0,13700000
5,1,1,3400000,8,559,16900000.0,566666.6666666666,1.7244897959183674,9447100000.0,9800000
4,1,0,1500000,16,392,7900000.0,300000.0,1.6122448979591837,3096800000.0,4900000
2,0,0,5800000,18,532,30800000.0,1933333.3333333333,1.6559139784946237,16385600000.0,18600000
4,0,0,9800000,8,592,90700000.0,1960000.0,3.0850340136054424,53694400000.0,29400000
5,0,0,8300000,4,459,53700000.0,1383333.3333333333,2.324675324675325,24648300000.0,23100000
4,1,1,500000,4,627,3000000.0,100000.0,2.5,1881000000.0,1200000
4,1,0,1900000,2,462,13300000.0,380000.0,2.180327868852459,6144600000.0,6100000
1,0,1,9700000,14,600,69800000.0,4850000.0,2.825910931174089,41880000000.0,24700000
5,0,0,1800000,18,366,13500000.0,300000.0,2.1774193548387095,4941000000.0,6200000
0,1,1,3300000,14,356,25900000.0,3300000.0,2.670103092783505,9220400000.0,9700000
5,1,0,900000,16,590,5700000.0,150000.0,2.4782608695652173,3363000000.0,2300000
5,1,1,8200000,4,485,45700000.0,1366666.6666666667,1.5813148788927336,22164500000.0,28900000
1,0,1,500000,18,617,2400000.0,250000.0,1.411764705882353,1480800000.0,1700000
5,1,1,1000000,8,664,6500000.0,166666.66666666666,2.5,4316000000.0,2600000
3,0,0,7100000,8,583,42400000.0,1775000.0,1.5197132616487454,24719200000.0,27900000
1,1,1,200000,18,859,1000000.0,100000.0,2.5,859000000.0,400000
2,1,0,3100000,14,504,11900000.0,1033333.3333333334,1.63013698630137,5997600000.0,7300000
4,1,0,700000,16,688,4100000.0,140000.0,1.7826086956521738,2820800000.0,2300000
3,0,0,1800000,2,422,10800000.0,450000.0,1.894736842105263,4557600000.0,5700000
3,0,1,8400000,8,746,62900000.0,2100000.0,2.3296296296296295,46923400000.0,27000000
3,1,0,7400000,20,317,68200000.0,1850000.0,3.8971428571428572,21619400000.0,17500000
2,0,1,6700000,6,701,43100000.0,2233333.3333333335,2.133663366336634,30213100000.0,20200000
1,1,1,1700000,16,754,13600000.0,850000.0,2.2666666666666666,10254400000.0,6000000
3,0,1,300000,10,515,1700000.0,75000.0,2.8333333333333335,875500000.0,600000
1,1,1,3800000,12,670,25900000.0,1900000.0,2.9431818181818183,17353000000.0,8800000
5,1,1,1300000,8,407,9700000.0,216666.66666666666,2.425,3947900000.0,4000000
5,0,1,3100000,12,884,26200000.0,516666.6666666667,2.403669724770642,23160800000.0,10900000
1,1,1,200000,20,882,800000.0,100000.0,2.0,705600000.0,400000
2,0,1,8100000,6,595,53600000.0,2700000.0,2.1700404858299596,31892000000.0,24700000
1,0,1,8900000,4,757,45400000.0,4450000.0,1.982532751091703,34367800000.0,22900000
5,1,1,4200000,4,386,29800000.0,700000.0,3.5058823529411764,11502800000.0,8500000
5,0,1,4100000,18,756,18500000.0,683333.3333333334,1.6666666666666667,13986000000.0,11100000
3,0,0,8300000,12,453,64700000.0,2075000.0,2.517509727626459,29309100000.0,25700000
3,0,0,7500000,8,316,29100000.0,1875000.0,1.1547619047619047,9195600000.0,25200000
3,1,0,2100000,6,703,14200000.0,525000.0,1.844155844155844,9982600000.0,7700000
3,1,0,1400000,8,753,9800000.0,350000.0,3.0625,7379400000.0,3200000
0,0,0,6900000,2,621,47600000.0,6900000.0,2.025531914893617,29559600000.0,23500000
0,1,1,2500000,10,852,18600000.0,2500000.0,2.043956043956044,15847200000.0,9100000
3,0,1,3800000,12,301,30500000.0,950000.0,3.24468085106383,9180500000.0,9400000
3,0,1,7700000,10,359,39000000.0,1925000.0,1.3310580204778157,14001000000.0,29300000
1,0,0,3200000,16,534,19700000.0,1600000.0,2.984848484848485,10519800000.0,6600000
0,0,1,8600000,10,704,76500000.0,8600000.0,3.825,53856000000.0,20000000
3,0,1,3800000,16,662,22900000.0,950000.0,1.6715328467153285,15159800000.0,13700000
3,1,0,8400000,18,599,63700000.0,2100000.0,2.0482315112540195,38156300000.0,31100000
1,1,0,1600000,4,319,12200000.0,800000.0,2.259259259259259,3891800000.0,5400000
2,0,0,7800000,16,549,62900000.0,2600000.0,3.2422680412371134,34532100000.0,19400000
1,1,1,9400000,12,443,45600000.0,4700000.0,2.1714285714285713,20200800000.0,21000000
3,0,1,9900000,10,550,81500000.0,2475000.0,3.052434456928839,44825000000.0,26700000
4,0,0,2400000,18,393,16500000.0,480000.0,2.0625,6484500000.0,8000000
2,1,1,7500000,8,488,55000000.0,2500000.0,3.642384105960265,26840000000.0,15100000
5,1,0,3300000,16,845,19300000.0,550000.0,1.6355932203389831,16308500000.0,11800000
2,1,0,5500000,2,382,36800000.0,1833333.3333333333,1.936842105263158,14057600000.0,19000000
5,0,0,2400000,12,357,12900000.0,400000.0,1.72,4605300000.0,7500000
1,0,1,8700000,16,815,50900000.0,4350000.0,1.8509090909090908,41483500000.0,27500000
1,0,0,9600000,16,368,73400000.0,4800000.0,2.8230769230769233,27011200000.0,26000000
0,1,0,8400000,16,674,50800000.0,8400000.0,2.5656565656565657,34239200000.0,19800000
5,0,0,9200000,10,335,67200000.0,1533333.3333333333,2.811715481171548,22512000000.0,23900000
2,1,1,4600000,2,355,34500000.0,1533333.3333333333,2.738095238095238,12247500000.0,12600000
5,0,0,7600000,6,510,38100000.0,1266666.6666666667,2.177142857142857,19431000000.0,17500000
4,1,0,8500000,4,698,47600000.0,1700000.0,2.6741573033707864,33224800000.0,17800000
4,0,1,3100000,18,408,20600000.0,620000.0,2.5121951219512195,8404800000.0,8200000
3,1,1,4900000,18,401,29800000.0,1225000.0,2.2748091603053435,11949800000.0,13100000
5,0,1,5800000,14,418,36200000.0,966666.6666666666,2.585714285714286,15131600000.0,14000000
0,0,0,5700000,4,697,35300000.0,5700000.0,1.6572769953051643,24604100000.0,21300000
4,1,0,3200000,14,683,17200000.0,640000.0,1.4098360655737705,11747600000.0,12200000
4,0,1,8000000,16,763,50200000.0,1600000.0,1.5936507936507935,38302600000.0,31500000
4,0,0,5000000,6,336,23600000.0,1000000.0,2.0701754385964914,7929600000.0,11400000
2,0,1,2900000,10,693,23400000.0,966666.6666666666,2.819277108433735,16216200000.0,8300000
2,0,0,6400000,18,745,42100000.0,2133333.3333333335,1.7615062761506277,31364500000.0,23900000
5,1,0,6300000,18,629,35300000.0,1050000.0,1.568888888888889,22203700000.0,22500000
0,0,0,5900000,16,581,31000000.0,5900000.0,1.3304721030042919,18011000000.0,23300000
1,1,0,8100000,4,672,39800000.0,4050000.0,1.3445945945945945,26745600000.0,29600000
5,1,1,7100000,4,700,39900000.0,1183333.3333333333,1.9850746268656716,27930000000.0,20100000
1,0,0,1400000,14,787,7800000.0,700000.0,1.7727272727272727,6138600000.0,4400000
3,1,1,2300000,8,300,16500000.0,575000.0,2.0625,4950000000.0,8000000
1,1,0,7400000,4,655,64500000.0,3700000.0,4.0062111801242235,42247500000.0,16100000
0,1,1,5300000,12,572,31800000.0,5300000.0,2.3909774436090228,18189600000.0,13300000
5,1,1,7700000,2,663,35600000.0,1283333.3333333333,2.1707317073170733,23602800000.0,16400000
0,0,0,5000000,16,726,23200000.0,5000000.0,2.1682242990654204,16843200000.0,10700000
5,0,1,6000000,12,680,37800000.0,1000000.0,3.073170731707317,25704000000.0,12300000
0,1,0,1400000,2,685,10900000.0,1400000.0,4.037037037037037,7466500000.0,2700000
5,0,1,9400000,6,762,51500000.0,1566666.6666666667,2.2294372294372296,39243000000.0,23100000
3,0,0,5200000,18,768,30200000.0,1300000.0,1.755813953488372,23193600000.0,17200000
0,1,0,3100000,8,504,21300000.0,3100000.0,1.9189189189189189,10735200000.0,11100000
3,0,1,8400000,12,796,62200000.0,2100000.0,3.0341463414634147,49511200000.0,20500000
0,0,0,1200000,18,348,5100000.0,1200000.0,1.7586206896551724,1774800000.0,2900000
5,0,1,4800000,6,717,38300000.0,800000.0,2.9236641221374047,27461100000.0,13100000
5,0,1,9200000,4,565,50300000.0,1533333.3333333333,1.4707602339181287,28419500000.0,34200000
2,0,0,5300000,6,647,40000000.0,1766666.6666666667,3.669724770642202,25880000000.0,10900000
3,1,0,4700000,2,626,31300000.0,1175000.0,2.871559633027523,19593800000.0,10900000
0,0,0,6500000,6,554,36100000.0,6500000.0,1.4615384615384615,19999400000.0,24700000
4,1,1,3200000,20,864,29900000.0,640000.0,2.6,25833600000.0,11500000
4,1,0,4600000,6,406,31800000.0,920000.0,2.544,12910800000.0,12500000
5,1,0,700000,10,650,3200000.0,116666.66666666667,1.7777777777777777,2080000000.0,1800000
5,0,1,7600000,8,534,52400000.0,1266666.6666666667,3.175757575757576,27981600000.0,16500000
4,1,0,1200000,8,872,7300000.0,240000.0,2.8076923076923075,6365600000.0,2600000
2,1,0,5100000,12,845,38200000.0,1700000.0,2.315151515151515,32279000000.0,16500000
1,0,1,4300000,14,792,15000000.0,2150000.0,0.9202453987730062,11880000000.0,16300000
4,1,0,300000,18,544,1700000.0,60000.0,1.4166666666666667,924800000.0,1200000
2,1,1,4000000,10,552,24300000.0,1333333.3333333333,1.8692307692307693,13413600000.0,13000000
5,0,0,3900000,12,837,19600000.0,650000.0,1.3154362416107384,16405200000.0,14900000
0,0,1,6900000,18,845,51000000.0,6900000.0,2.3943661971830985,43095000000.0,21300000
4,0,1,7000000,10,677,52700000.0,1400000.0,2.1867219917012446,35677900000.0,24100000
1,1,0,6300000,20,430,46500000.0,3150000.0,2.540983606557377,19995000000.0,18300000
3,1,1,8900000,12,887,77100000.0,2225000.0,3.4266666666666667,68387700000.0,22500000
0,0,1,5700000,8,544,36400000.0,5700000.0,1.8762886597938144,19801600000.0,19400000
4,0,1,5200000,10,355,18200000.0,1040000.0,0.994535519125683,6461000000.0,18300000
4,1,0,7400000,4,540,37900000.0,1480000.0,2.165714285714286,20466000000.0,17500000
5,1,0,6500000,14,444,40000000.0,1083333.3333333333,2.5,17760000000.0,16000000
3,1,0,6200000,14,567,39900000.0,1550000.0,2.6778523489932886,22623300000.0,14900000
5,0,1,2400000,20,513,16300000.0,400000.0,2.5076923076923077,8361900000.0,6500000
0,0,0,2500000,10,590,13500000.0,2500000.0,1.9014084507042253,7965000000.0,7100000
2,1,1,2700000,20,368,17400000.0,900000.0,2.0470588235294116,6403200000.0,8500000
5,0,0,3000000,6,413,18900000.0,500000.0,2.486842105263158,7805700000.0,7600000
4,1,1,6100000,4,401,37100000.0,1220000.0,2.7279411764705883,14877100000.0,13600000
3,1,0,1500000,18,687,6800000.0,375000.0,1.2592592592592593,4671600000.0,5400000
2,1,0,6500000,14,577,45600000.0,2166666.6666666665,3.234042553191489,26311200000.0,14100000
4,0,0,200000,10,576,1300000.0,40000.0,1.8571428571428572,748800000.0,700000
1,0,0,9900000,16,687,69700000.0,4950000.0,2.9786324786324787,47883900000.0,23400000
4,1,0,5500000,12,474,29900000.0,1100000.0,2.5775862068965516,14172600000.0,11600000
4,1,0,1200000,6,709,10900000.0,240000.0,2.477272727272727,7728100000.0,4400000
4,1,1,6900000,18,438,48300000.0,1380000.0,2.391089108910891,21155400000.0,20200000
3,1,1,8000000,4,306,60600000.0,2000000.0,2.3952569169960474,18543600000.0,25300000
3,0,1,4100000,20,383,23800000.0,1025000.0,1.7122302158273381,9115400000.0,13900000
2,1,0,1400000,20,563,6900000.0,466666.6666666667,1.4680851063829787,3884700000.0,4700000
4,0,1,1600000,20,371,9500000.0,320000.0,2.96875,3524500000.0,3200000
1,1,0,2100000,12,379,15400000.0,1050000.0,3.6666666666666665,5836600000.0,4200000
1,0,0,8800000,18,897,64800000.0,4400000.0,2.1456953642384105,58125600000.0,30200000
3,0,1,7100000,10,725,50500000.0,1775000.0,1.9881889763779528,36612500000.0,25400000
1,0,0,8600000,16,678,60600000.0,4300000.0,1.9238095238095239,41086800000.0,31500000
2,0,1,5400000,6,724,19900000.0,1800000.0,1.3445945945945945,14407600000.0,14800000
3,1,1,1000000,6,808,6000000.0,250000.0,2.4,4848000000.0,2500000
0,1,0,5400000,8,625,32900000.0,5400000.0,1.7880434782608696,20562500000.0,18400000
2,1,0,4200000,4,771,27300000.0,1400000.0,1.625,21048300000.0,16800000
2,0,0,7500000,14,695,36700000.0,2500000.0,1.6383928571428572,25506500000.0,22400000
4,1,0,1200000,2,564,8500000.0,240000.0,2.5757575757575757,4794000000.0,3300000
4,1,1,6300000,10,349,38300000.0,1260000.0,2.6413793103448278,13366700000.0,14500000
4,1,1,300000,4,797,1700000.0,60000.0,1.8888888888888888,1354900000.0,900000
3,1,0,7400000,8,391,58700000.0,1850000.0,2.0381944444444446,22951700000.0,28800000
5,0,0,2200000,12,833,16800000.0,366666.6666666667,3.111111111111111,13994400000.0,5400000
5,1,0,4000000,10,515,22400000.0,666666.6666666666,2.4615384615384617,11536000000.0,9100000
4,1,1,2700000,16,671,19400000.0,540000.0,1.8653846153846154,13017400000.0,10400000
0,0,1,2000000,4,404,13700000.0,2000000.0,1.9855072463768115,5534800000.0,6900000
4,0,0,6400000,6,537,31100000.0,1280000.0,2.1013513513513513,16700700000.0,14800000
5,0,1,1400000,4,348,8300000.0,233333.33333333334,1.6274509803921569,2888400000.0,5100000
0,0,1,2800000,12,647,15100000.0,2800000.0,2.3968253968253967,9769700000.0,6300000
2,0,1,8200000,14,316,61400000.0,2733333.3333333335,2.1393728222996518,19402400000.0,28700000
3,0,0,9000000,14,638,41800000.0,2250000.0,1.5655430711610487,26668400000.0,26700000
5,0,1,800000,12,363,6200000.0,133333.33333333334,2.9523809523809526,2250600000.0,2100000
4,0,1,6100000,6,808,36300000.0,1220000.0,1.7122641509433962,29330400000.0,21200000
4,0,1,2400000,2,871,14600000.0,480000.0,1.553191489361702,12716600000.0,9400000
4,1,1,6000000,12,607,44500000.0,1200000.0,2.6176470588235294,27011500000.0,17000000
2,0,1,7900000,6,571,39400000.0,2633333.3333333335,1.751111111111111,22497400000.0,22500000
3,1,1,9500000,18,446,69900000.0,2375000.0,2.719844357976654,31175400000.0,25700000
3,0,1,1800000,20,436,10100000.0,450000.0,1.578125,4403600000.0,6400000
3,0,1,5800000,12,738,39900000.0,1450000.0,2.8297872340425534,29446200000.0,14100000
3,1,0,2800000,10,519,19700000.0,700000.0,2.095744680851064,10224300000.0,9400000
3,1,1,4000000,8,531,32200000.0,1000000.0,3.8795180722891565,17098200000.0,8300000
1,0,0,1000000,18,578,7000000.0,500000.0,2.0588235294117645,4046000000.0,3400000
0,1,0,9100000,20,578,51400000.0,9100000.0,2.4360189573459716,29709200000.0,21100000
0,1,0,4600000,14,442,21900000.0,4600000.0,1.2099447513812154,9679800000.0,18100000
2,0,0,7800000,6,751,55800000.0,2600000.0,3.301775147928994,41905800000.0,16900000
4,1,1,6600000,10,353,52200000.0,1320000.0,2.776595744680851,18426600000.0,18800000
5,0,0,9800000,12,664,44700000.0,1633333.3333333333,1.6804511278195489,29680800000.0,26600000
1,1,0,7400000,18,505,30900000.0,3700000.0,1.1616541353383458,15604500000.0,26600000
3,1,1,4300000,10,571,28000000.0,1075000.0,1.6867469879518073,15988000000.0,16600000
2,0,1,9800000,16,754,68100000.0,3266666.6666666665,1.9682080924855492,51347400000.0,34600000
5,0,0,1100000,20,858,9300000.0,183333.33333333334,2.3846153846153846,7979400000.0,3900000
3,1,1,8600000,20,641,47200000.0,2150000.0,2.165137614678899,30255200000.0,21800000
0,0,1,9400000,16,592,57400000.0,9400000.0,1.6169014084507043,33980800000.0,35500000
3,1,1,5300000,14,432,38100000.0,1325000.0,1.8768472906403941,16459200000.0,20300000
1,0,1,8700000,18,558,67200000.0,4350000.0,1.9881656804733727,37497600000.0,33800000
3,1,1,4800000,12,547,23300000.0,1200000.0,1.6408450704225352,12745100000.0,14200000
4,0,0,4400000,18,732,24300000.0,880000.0,2.479591836734694,17787600000.0,9800000
1,1,1,5400000,12,784,33600000.0,2700000.0,1.7409326424870466,26342400000.0,19300000
5,0,1,8400000,10,605,60300000.0,1400000.0,1.890282131661442,36481500000.0,31900000
1,1,1,5400000,18,688,33400000.0,2700000.0,1.7128205128205127,22979200000.0,19500000
3,0,1,9400000,10,617,69300000.0,2350000.0,2.1588785046728973,42758100000.0,32100000
0,0,1,800000,4,518,4600000.0,800000.0,1.9166666666666667,2382800000.0,2400000
0,0,0,3800000,10,390,25700000.0,3800000.0,1.7364864864864864,10023000000.0,14800000
4,1,0,3100000,4,370,24300000.0,620000.0,3.857142857142857,8991000000.0,6300000
3,0,1,6000000,4,802,38500000.0,1500000.0,1.807511737089202,30877000000.0,21300000
2,0,1,6800000,12,338,41400000.0,2266666.6666666665,2.670967741935484,13993200000.0,15500000
5,0,0,5200000,6,658,30200000.0,866666.6666666666,2.5811965811965814,19871600000.0,11700000
0,0,0,1900000,12,595,12800000.0,1900000.0,1.9104477611940298,7616000000.0,6700000
5,1,1,3600000,20,594,22700000.0,600000.0,2.6705882352941175,13483800000.0,8500000
3,1,1,1500000,14,611,9500000.0,375000.0,2.317073170731707,5804500000.0,4100000
3,0,0,2000000,8,799,12600000.0,500000.0,2.1724137931034484,10067400000.0,5800000
5,1,0,9200000,20,497,36200000.0,1533333.3333333333,1.946236559139785,17991400000.0,18600000
0,0,1,6100000,18,456,51600000.0,6100000.0,3.2452830188679247,23529600000.0,15900000
5,0,0,300000,8,396,2100000.0,50000.0,4.2,831600000.0,500000
1,1,0,800000,10,770,5800000.0,400000.0,2.5217391304347827,4466000000.0,2300000
0,0,0,3300000,16,797,23000000.0,3300000.0,2.5555555555555554,18331000000.0,9000000
1,0,0,5800000,20,586,38700000.0,2900000.0,2.06951871657754,22678200000.0,18700000
5,0,0,8500000,16,604,70900000.0,1416666.6666666667,3.02991452991453,42823600000.0,23400000
0,0,1,4100000,8,799,16500000.0,4100000.0,1.2890625,13183500000.0,12800000
2,1,0,7800000,4,763,33900000.0,2600000.0,1.2840909090909092,25865700000.0,26400000
0,1,0,7500000,14,725,41000000.0,7500000.0,1.7826086956521738,29725000000.0,23000000
2,1,0,2300000,18,336,9300000.0,766666.6666666666,1.0568181818181819,3124800000.0,8800000
4,1,1,600000,6,495,4600000.0,120000.0,2.0,2277000000.0,2300000
1,0,0,2900000,20,431,16400000.0,1450000.0,1.4260869565217391,7068400000.0,11500000
5,0,0,900000,2,415,5900000.0,150000.0,2.6818181818181817,2448500000.0,2200000
5,1,1,9000000,6,451,53800000.0,1500000.0,2.6372549019607843,24263800000.0,20400000
1,0,0,4800000,4,489,41600000.0,2400000.0,2.909090909090909,20342400000.0,14300000
1,1,0,1600000,12,415,6800000.0,800000.0,1.4782608695652173,2822000000.0,4600000
3,0,0,2600000,12,425,18200000.0,650000.0,2.246913580246914,7735000000.0,8100000
4,1,1,1800000,14,453,10400000.0,360000.0,2.260869565217391,4711200000.0,4600000
5,1,1,4400000,20,634,32700000.0,733333.3333333334,2.7711864406779663,20731800000.0,11800000
2,0,0,200000,20,519,700000.0,66666.66666666667,2.3333333333333335,363300000.0,300000
4,0,1,800000,6,353,5100000.0,160000.0,2.4285714285714284,1800300000.0,2100000
3,1,0,1500000,4,767,7500000.0,375000.0,2.34375,5752500000.0,3200000
0,0,1,7700000,14,473,61500000.0,7700000.0,3.63905325443787,29089500000.0,16900000
5,1,1,7200000,2,801,39200000.0,1200000.0,1.84037558685446,31399200000.0,21300000
4,1,0,1000000,16,543,3300000.0,200000.0,1.434782608695652,1791900000.0,2300000
1,1,0,6300000,12,714,47500000.0,3150000.0,2.761627906976744,33915000000.0,17200000
3,1,0,1900000,12,830,13100000.0,475000.0,3.1951219512195124,10873000000.0,4100000
5,1,0,4400000,4,401,25500000.0,733333.3333333334,1.6666666666666667,10225500000.0,15300000
0,0,0,9100000,6,518,57900000.0,9100000.0,2.1931818181818183,29992200000.0,26400000
2,1,1,900000,20,367,5900000.0,300000.0,2.5652173913043477,2165300000.0,2300000
0,1,1,4600000,12,493,25000000.0,4600000.0,2.0833333333333335,12325000000.0,12000000
2,1,1,9400000,14,505,57100000.0,3133333.3333333335,2.515418502202643,28835500000.0,22700000
5,1,0,6900000,16,322,56800000.0,1150000.0,2.1433962264150943,18289600000.0,26500000
2,1,0,300000,8,735,1800000.0,100000.0,2.0,1323000000.0,900000
5,1,1,1900000,2,622,10000000.0,316666.6666666667,1.492537313432836,6220000000.0,6700000
4,1,1,4400000,6,513,31700000.0,880000.0,1.9329268292682926,16262100000.0,16400000
4,0,1,1200000,16,585,5000000.0,240000.0,1.2195121951219512,2925000000.0,4100000
1,1,1,1000000,10,813,7500000.0,500000.0,2.5,6097500000.0,3000000
0,1,0,3100000,18,622,15100000.0,3100000.0,1.4519230769230769,9392200000.0,10400000
1,1,1,2100000,16,899,11200000.0,1050000.0,1.7777777777777777,10068800000.0,6300000
0,0,0,2100000,2,459,14600000.0,2100000.0,3.106382978723404,6701400000.0,4700000
4,1,0,9400000,18,369,65600000.0,1880000.0,1.96996996996997,24206400000.0,33300000
2,0,0,9700000,6,601,39000000.0,3233333.3333333335,1.0344827586206897,23439000000.0,37700000
4,1,0,1400000,18,703,8200000.0,280000.0,3.037037037037037,5764600000.0,2700000
2,0,0,4700000,20,597,35100000.0,1566666.6666666667,2.404109589041096,20954700000.0,14600000
3,0,1,4100000,10,670,26700000.0,1025000.0,2.007518796992481,17889000000.0,13300000
4,0,1,1200000,6,366,9200000.0,240000.0,3.2857142857142856,3367200000.0,2800000
5,0,0,7900000,16,857,63600000.0,1316666.6666666667,2.287769784172662,54505200000.0,27800000
2,0,0,6600000,16,401,47000000.0,2200000.0,3.1333333333333333,18847000000.0,15000000
0,0,0,2200000,4,437,14200000.0,2200000.0,1.6136363636363635,6205400000.0,8800000
3,0,0,5500000,8,882,37000000.0,1375000.0,2.102272727272727,32634000000.0,17600000
4,1,0,5100000,8,392,35100000.0,1020000.0,2.264516129032258,13759200000.0,15500000
2,0,1,3900000,10,421,33400000.0,1300000.0,4.337662337662338,14061400000.0,7700000
5,1,0,200000,6,722,1100000.0,33333.333333333336,2.75,794200000.0,400000
4,1,0,5800000,10,692,34000000.0,1160000.0,2.312925170068027,23528000000.0,14700000
5,0,0,8300000,2,537,50200000.0,1383333.3333333333,2.42512077294686,26957400000.0,20700000
5,1,1,2600000,8,676,16000000.0,433333.3333333333,2.909090909090909,10816000000.0,5500000
1,1,0,2100000,6,817,15300000.0,1050000.0,1.8888888888888888,12500100000.0,8100000
4,0,0,3900000,20,433,23100000.0,780000.0,2.138888888888889,10002300000.0,10800000
1,1,1,5200000,6,524,39700000.0,2600000.0,2.4355828220858897,20802800000.0,16300000
3,0,1,7800000,20,490,33600000.0,1950000.0,1.3770491803278688,16464000000.0,24400000
3,0,1,5400000,4,595,31100000.0,1350000.0,2.174825174825175,18504500000.0,14300000
2,0,0,2900000,2,835,21000000.0,966666.6666666666,1.9090909090909092,17535000000.0,11000000
4,1,0,7100000,6,850,48400000.0,1420000.0,1.7102473498233215,41140000000.0,28300000
1,1,1,800000,4,409,6300000.0,400000.0,2.52,2576700000.0,2500000
5,1,1,3400000,10,760,29700000.0,566666.6666666666,2.3203125,22572000000.0,12800000
1,1,1,6800000,14,344,36900000.0,3400000.0,2.096590909090909,12693600000.0,17600000
4,1,1,7000000,12,881,44400000.0,1400000.0,1.6383763837638377,39116400000.0,27100000
0,1,1,9300000,10,600,58900000.0,9300000.0,2.404081632653061,35340000000.0,24500000
2,1,0,7500000,10,790,42300000.0,2500000.0,2.1256281407035176,33417000000.0,19900000
3,1,1,8000000,20,392,37700000.0,2000000.0,1.2083333333333333,14778400000.0,31200000
5,1,1,1600000,2,748,7600000.0,266666.6666666667,1.853658536585366,5684800000.0,4100000
1,1,1,6700000,6,798,38700000.0,3350000.0,2.0585106382978724,30882600000.0,18800000
3,0,0,3800000,4,323,23800000.0,950000.0,2.087719298245614,7687400000.0,11400000
1,0,1,2700000,6,413,15000000.0,1350000.0,2.7777777777777777,6195000000.0,5400000
3,1,0,1300000,8,733,11300000.0,325000.0,3.896551724137931,8282900000.0,2900000
4,0,0,3400000,16,543,23200000.0,680000.0,2.2095238095238097,12597600000.0,10500000
3,1,0,3400000,14,757,17700000.0,850000.0,1.6238532110091743,13398900000.0,10900000
5,1,1,2400000,8,464,14600000.0,400000.0,2.1470588235294117,6774400000.0,6800000
0,0,0,1900000,4,749,12300000.0,1900000.0,1.7826086956521738,9212700000.0,6900000
4,1,0,700000,6,680,3300000.0,140000.0,1.5,2244000000.0,2200000
1,0,0,6900000,4,574,35200000.0,3450000.0,1.6842105263157894,20204800000.0,20900000
5,1,1,300000,18,774,1900000.0,50000.0,2.375,1470600000.0,800000
3,0,0,6000000,10,387,42800000.0,1500000.0,2.2887700534759357,16563600000.0,18700000
1,0,0,4300000,20,397,28800000.0,2150000.0,1.7560975609756098,11433600000.0,16400000
4,1,0,5800000,14,816,51400000.0,1160000.0,3.8074074074074074,41942400000.0,13500000
2,1,1,3300000,8,845,21400000.0,1100000.0,3.1940298507462686,18083000000.0,6700000
2,0,0,400000,4,743,2700000.0,133333.33333333334,1.8,2006100000.0,1500000
5,0,0,300000,4,418,1600000.0,50000.0,2.6666666666666665,668800000.0,600000
1,0,0,4200000,6,466,33100000.0,2100000.0,3.0934579439252334,15424600000.0,10700000
2,0,1,600000,12,335,2900000.0,200000.0,1.2608695652173914,971500000.0,2300000
5,0,1,4400000,6,446,34200000.0,733333.3333333334,2.25,15253200000.0,15200000
0,1,1,9200000,2,868,60300000.0,9200000.0,2.0510204081632653,52340400000.0,29400000
2,1,1,6900000,4,763,39400000.0,2300000.0,1.5573122529644268,30062200000.0,25300000
5,0,1,5100000,14,527,45100000.0,850000.0,3.291970802919708,23767700000.0,13700000
4,1,0,3400000,2,741,20800000.0,680000.0,1.6377952755905512,15412800000.0,12700000
4,0,1,8600000,12,802,54000000.0,1720000.0,2.014925373134328,43308000000.0,26800000
3,0,1,9200000,8,538,59500000.0,2300000.0,2.0588235294117645,32011000000.0,28900000
5,1,1,4800000,4,523,23900000.0,800000.0,1.4662576687116564,12499700000.0,16300000
4,0,0,2800000,14,381,14900000.0,560000.0,1.7951807228915662,5676900000.0,8300000
1,1,1,3400000,4,534,21700000.0,1700000.0,3.1,11587800000.0,7000000
5,0,1,800000,14,574,6200000.0,133333.33333333334,2.8181818181818183,3558800000.0,2200000
1,0,0,4100000,6,405,29800000.0,2050000.0,2.684684684684685,12069000000.0,11100000
0,0,0,1900000,16,542,7400000.0,1900000.0,1.9473684210526316,4010800000.0,3800000
5,1,1,6700000,14,820,40800000.0,1116666.6666666667,1.6062992125984252,33456000000.0,25400000
0,1,0,5200000,2,505,46500000.0,5200000.0,3.470149253731343,23482500000.0,13400000
3,1,1,6700000,2,508,49800000.0,1675000.0,3.0365853658536586,25298400000.0,16400000
1,0,1,4700000,20,835,18500000.0,2350000.0,1.2333333333333334,15447500000.0,15000000
0,0,0,6000000,12,826,24500000.0,6000000.0,1.1136363636363635,20237000000.0,22000000
5,0,1,6500000,12,427,33000000.0,1083333.3333333333,1.746031746031746,14091000000.0,18900000
3,1,0,500000,12,890,3700000.0,125000.0,1.85,3293000000.0,2000000
4,0,0,5700000,2,333,32400000.0,1140000.0,2.43609022556391,10789200000.0,13300000
4,0,1,6800000,12,679,64600000.0,1360000.0,3.23,43863400000.0,20000000
5,0,0,3100000,18,805,15700000.0,516666.6666666667,1.2764227642276422,12638500000.0,12300000
3,0,0,5100000,16,826,30300000.0,1275000.0,2.7545454545454544,25027800000.0,11000000
1,0,1,6300000,10,844,42500000.0,3150000.0,1.7782426778242677,35870000000.0,23900000
5,1,1,4400000,10,663,30300000.0,733333.3333333334,2.148936170212766,20088900000.0,14100000
1,0,0,8100000,6,884,54600000.0,4050000.0,2.493150684931507,48266400000.0,21900000
1,0,0,1100000,2,508,3700000.0,550000.0,1.0,1879600000.0,3700000
0,1,1,2400000,4,581,19000000.0,2400000.0,2.753623188405797,11039000000.0,6900000
3,1,1,7000000,12,481,52100000.0,1750000.0,1.9809885931558935,25060100000.0,26300000
1,1,1,8700000,12,543,77900000.0,4350000.0,2.5966666666666667,42299700000.0,30000000
0,0,1,3500000,10,448,17700000.0,3500000.0,1.4047619047619047,7929600000.0,12600000
1,1,1,1600000,4,713,9000000.0,800000.0,1.6981132075471699,6417000000.0,5300000
5,0,1,7800000,16,493,30900000.0,1300000.0,1.7861271676300579,15233700000.0,17300000
2,0,0,3700000,10,819,23800000.0,1233333.3333333333,2.5869565217391304,19492200000.0,9200000
4,1,0,400000,18,827,7200000.0,80000.0,5.142857142857143,5954400000.0,1400000
0,0,0,4800000,10,398,35800000.0,4800000.0,2.2802547770700636,14248400000.0,15700000
0,1,1,2900000,18,692,15000000.0,2900000.0,2.0,10380000000.0,7500000
5,1,1,5000000,18,509,39000000.0,833333.3333333334,2.671232876712329,19851000000.0,14600000
0,1,1,7600000,16,439,59100000.0,7600000.0,3.265193370165746,25944900000.0,18100000
1,1,0,3000000,4,622,15700000.0,1500000.0,1.6702127659574468,9765400000.0,9400000
3,0,1,200000,18,526,1000000.0,50000.0,1.4285714285714286,526000000.0,700000
5,0,1,6800000,8,865,48000000.0,1133333.3333333333,2.526315789473684,41520000000.0,19000000
5,0,1,9700000,2,328,48300000.0,1616666.6666666667,1.7627737226277371,15842400000.0,27400000
0,1,1,1200000,4,768,9300000.0,1200000.0,2.2142857142857144,7142400000.0,4200000
5,0,1,7400000,16,854,40300000.0,1233333.3333333333,1.6791666666666667,34416200000.0,24000000
4,1,0,6900000,4,839,28500000.0,1380000.0,1.3701923076923077,23911500000.0,20800000
0,0,1,9100000,18,414,60400000.0,9100000.0,2.592274678111588,25005600000.0,23300000
0,1,1,1300000,16,530,8800000.0,1300000.0,1.872340425531915,4664000000.0,4700000
3,1,0,6600000,10,841,48200000.0,1650000.0,3.3013698630136985,40536200000.0,14600000
3,0,1,1800000,14,670,14600000.0,450000.0,2.56140350877193,9782000000.0,5700000
5,0,1,8200000,14,726,50600000.0,1366666.6666666667,2.4210526315789473,36735600000.0,20900000
4,0,0,2800000,14,352,18300000.0,560000.0,2.2048192771084336,6441600000.0,8300000
1,1,1,7000000,4,554,56100000.0,3500000.0,3.50625,31079400000.0,16000000
4,1,0,700000,18,728,4500000.0,140000.0,2.5,3276000000.0,1800000
0,0,0,7400000,6,463,43100000.0,7400000.0,1.6901960784313725,19955300000.0,25500000
5,0,1,2300000,10,431,15600000.0,383333.3333333333,3.12,6723600000.0,5000000
1,1,1,600000,8,445,3200000.0,300000.0,1.6842105263157894,1424000000.0,1900000
5,1,0,1000000,4,896,7000000.0,166666.66666666666,2.3333333333333335,6272000000.0,3000000
1,0,1,2200000,8,420,10300000.0,1100000.0,1.9807692307692308,4326000000.0,5200000
1,0,0,8000000,2,315,51500000.0,4000000.0,1.6666666666666667,16222500000.0,30900000
4,0,0,8600000,10,867,65100000.0,1720000.0,3.1148325358851676,56441700000.0,20900000
3,0,1,7500000,2,342,53900000.0,1875000.0,2.0730769230769233,18433800000.0,26000000
5,0,1,5200000,18,711,39400000.0,866666.6666666666,3.3389830508474576,28013400000.0,11800000
2,0,0,7900000,2,723,26900000.0,2633333.3333333335,1.2870813397129186,19448700000.0,20900000
1,1,1,4200000,4,704,26400000.0,2100000.0,2.336283185840708,18585600000.0,11300000
0,1,0,6500000,16,842,44400000.0,6500000.0,2.198019801980198,37384800000.0,20200000
0,1,1,7400000,12,600,37600000.0,7400000.0,2.473684210526316,22560000000.0,15200000
3,0,0,9100000,12,688,64200000.0,2275000.0,2.5078125,44169600000.0,25600000
0,0,0,800000,16,739,4800000.0,800000.0,2.0869565217391304,3547200000.0,2300000
1,1,1,800000,10,798,5500000.0,400000.0,1.9642857142857142,4389000000.0,2800000
5,1,1,4100000,4,319,32500000.0,683333.3333333334,3.282828282828283,10367500000.0,9900000
5,1,1,4200000,6,583,17800000.0,700000.0,2.045977011494253,10377400000.0,8700000
3,1,1,4800000,12,535,32600000.0,1200000.0,2.8347826086956522,17441000000.0,11500000
3,0,1,8300000,8,696,57200000.0,2075000.0,2.2084942084942085,39811200000.0,25900000
4,0,0,7600000,8,672,31000000.0,1520000.0,1.297071129707113,20832000000.0,23900000
4,1,0,5100000,20,410,42700000.0,1020000.0,3.4715447154471546,17507000000.0,12300000
5,1,0,3600000,14,546,25600000.0,600000.0,2.206896551724138,13977600000.0,11600000
3,0,1,5400000,16,550,37500000.0,1350000.0,2.232142857142857,20625000000.0,16800000
5,0,0,700000,4,344,5200000.0,116666.66666666667,3.7142857142857144,1788800000.0,1400000
2,0,1,9800000,10,743,49800000.0,3266666.6666666665,1.3036649214659686,37001400000.0,38200000
4,1,0,9700000,4,772,76700000.0,1940000.0,2.107142857142857,59212400000.0,36400000
0,1,1,9400000,12,302,57700000.0,9400000.0,1.9297658862876255,17425400000.0,29900000
3,1,1,3200000,18,376,16000000.0,800000.0,1.7582417582417582,6016000000.0,9100000
0,1,1,3700000,10,747,17000000.0,3700000.0,1.4655172413793103,12699000000.0,11600000
2,1,1,4200000,6,710,33200000.0,1400000.0,2.1012658227848102,23572000000.0,15800000
2,0,0,7000000,6,892,51700000.0,2333333.3333333335,2.1363636363636362,46116400000.0,24200000
3,0,0,3200000,16,492,20700000.0,800000.0,1.8,10184400000.0,11500000
5,1,0,7900000,2,559,56800000.0,1316666.6666666667,3.209039548022599,31751200000.0,17700000
3,0,0,2200000,18,314,9800000.0,550000.0,1.180722891566265,3077200000.0,8300000
0,1,1,2700000,6,744,14800000.0,2700000.0,1.7619047619047619,11011200000.0,8400000
5,0,0,6800000,12,690,63900000.0,1133333.3333333333,3.55,44091000000.0,18000000
3,1,1,6300000,4,347,59700000.0,1575000.0,2.5622317596566524,20715900000.0,23300000
5,1,1,9000000,2,677,52200000.0,1500000.0,1.6624203821656052,35339400000.0,31400000
1,1,0,4700000,4,468,38200000.0,2350000.0,2.43312101910828,17877600000.0,15700000
2,0,0,8100000,4,674,56000000.0,2700000.0,3.2,37744000000.0,17500000
2,0,0,9000000,14,353,61100000.0,3000000.0,2.238095238095238,21568300000.0,27300000
4,0,0,3800000,8,727,22400000.0,760000.0,1.5886524822695036,16284800000.0,14100000
4,0,1,8800000,10,512,52600000.0,1760000.0,2.369369369369369,26931200000.0,22200000
3,0,1,8700000,18,454,61300000.0,2175000.0,2.2536764705882355,27830200000.0,27200000
5,0,0,5000000,14,315,37000000.0,833333.3333333334,2.9838709677419355,11655000000.0,12400000
0,0,1,6000000,10,480,34500000.0,6000000.0,1.5198237885462555,16560000000.0,22700000
2,1,1,9100000,16,685,67700000.0,3033333.3333333335,2.7975206611570247,46374500000.0,24200000
1,1,0,7400000,6,460,34800000.0,3700000.0,1.9441340782122905,16008000000.0,17900000
1,0,1,8300000,16,704,41400000.0,4150000.0,1.4577464788732395,29145600000.0,28400000
1,1,1,7600000,12,692,44700000.0,3800000.0,1.8702928870292888,30932400000.0,23900000
1,0,1,3500000,4,398,20200000.0,1750000.0,2.1041666666666665,8039600000.0,9600000
5,1,1,1000000,18,882,4900000.0,166666.66666666666,1.4,4321800000.0,3500000
5,1,1,9900000,4,860,51400000.0,1650000.0,1.9845559845559846,44204000000.0,25900000
2,1,1,5700000,18,330,32500000.0,1900000.0,2.152317880794702,10725000000.0,15100000
5,1,0,700000,16,447,5400000.0,116666.66666666667,2.25,2413800000.0,2400000
0,0,1,9600000,12,788,55900000.0,9600000.0,2.3487394957983194,44049200000.0,23800000
1,0,0,9300000,6,526,43400000.0,4650000.0,1.5017301038062283,22828400000.0,28900000
0,1,0,9500000,18,577,60800000.0,9500000.0,2.140845070422535,35081600000.0,28400000
4,1,1,8700000,16,372,50300000.0,1740000.0,2.1495726495726495,18711600000.0,23400000
5,1,1,7300000,14,759,54600000.0,1216666.6666666667,2.6,41441400000.0,21000000
3,1,1,4100000,10,465,25600000.0,1025000.0,2.015748031496063,11904000000.0,12700000
2,1,0,2900000,4,789,15000000.0,966666.6666666666,1.4705882352941178,11835000000.0,10200000
3,1,1,7500000,2,680,50100000.0,1875000.0,2.798882681564246,34068000000.0,17900000
1,1,0,7900000,20,681,44800000.0,3950000.0,1.7431906614785992,30508800000.0,25700000
1,1,1,6900000,16,673,47800000.0,3450000.0,2.1434977578475336,32169400000.0,22300000
0,0,0,6900000,10,313,49100000.0,6900000.0,2.1441048034934496,15368300000.0,22900000
0,0,0,4800000,16,551,40100000.0,4800000.0,2.132978723404255,22095100000.0,18800000
5,1,1,7700000,8,453,41100000.0,1283333.3333333333,1.6844262295081966,18618300000.0,24400000
3,0,0,6900000,4,650,36200000.0,1725000.0,1.5947136563876652,23530000000.0,22700000
1,0,0,1200000,4,439,9100000.0,600000.0,2.022222222222222,3994900000.0,4500000
1,1,0,2900000,4,658,22200000.0,1450000.0,2.3125,14607600000.0,9600000
4,1,1,5500000,6,379,44600000.0,1100000.0,2.35978835978836,16903400000.0,18900000
4,1,1,3200000,4,450,20300000.0,640000.0,1.897196261682243,9135000000.0,10700000
5,0,0,2600000,4,849,21000000.0,433333.3333333333,2.5609756097560976,17829000000.0,8200000
0,1,0,500000,18,865,3000000.0,500000.0,1.875,2595000000.0,1600000
0,1,0,1800000,10,853,6700000.0,1800000.0,0.9710144927536232,5715100000.0,6900000
0,0,0,1300000,12,555,9400000.0,1300000.0,1.9183673469387754,5217000000.0,4900000
1,0,0,9900000,20,821,70100000.0,4950000.0,3.3864734299516908,57552100000.0,20700000
0,0,0,2000000,2,820,14300000.0,2000000.0,3.0425531914893615,11726000000.0,4700000
1,0,0,5100000,4,721,34300000.0,2550000.0,2.241830065359477,24730300000.0,15300000
4,1,1,8200000,20,831,56200000.0,1640000.0,2.341666666666667,46702200000.0,24000000
5,0,0,4200000,18,571,30000000.0,700000.0,2.380952380952381,17130000000.0,12600000
2,0,1,1300000,8,582,9000000.0,433333.3333333333,1.836734693877551,5238000000.0,4900000
1,0,1,4600000,18,487,40600000.0,2300000.0,2.985294117647059,19772200000.0,13600000
1,0,0,6600000,12,758,48700000.0,3300000.0,2.472081218274112,36914600000.0,19700000
2,1,1,8300000,16,636,50600000.0,2766666.6666666665,1.681063122923588,32181600000.0,30100000
0,1,0,6900000,16,857,54200000.0,6900000.0,2.6183574879227054,46449400000.0,20700000
4,1,1,4700000,8,678,30700000.0,940000.0,2.456,20814600000.0,12500000
1,1,0,7900000,8,551,31300000.0,3950000.0,1.981012658227848,17246300000.0,15800000
3,0,0,8800000,16,668,74400000.0,2200000.0,2.9879518072289155,49699200000.0,24900000
1,1,0,6500000,2,672,39700000.0,3250000.0,1.6965811965811965,26678400000.0,23400000
3,0,0,3500000,4,439,25400000.0,875000.0,1.854014598540146,11150600000.0,13700000
2,0,1,8200000,16,636,53300000.0,2733333.3333333335,2.7193877551020407,33898800000.0,19600000
0,0,1,2000000,14,393,11700000.0,2000000.0,1.95,4598100000.0,6000000
5,0,0,2700000,2,848,15700000.0,450000.0,1.9146341463414633,13313600000.0,8200000
0,1,1,5300000,4,790,39600000.0,5300000.0,2.25,31284000000.0,17600000
2,0,0,9900000,6,312,66000000.0,3300000.0,3.3165829145728645,20592000000.0,19900000
2,0,1,5000000,14,775,24200000.0,1666666.6666666667,1.241025641025641,18755000000.0,19500000
2,0,0,9100000,20,403,59600000.0,3033333.3333333335,3.204301075268817,24018800000.0,18600000
3,0,1,7600000,14,867,45200000.0,1900000.0,1.7121212121212122,39188400000.0,26400000
0,1,0,5200000,18,558,29800000.0,5200000.0,1.6741573033707866,16628400000.0,17800000
5,1,0,1800000,4,548,12900000.0,300000.0,2.15,7069200000.0,6000000
0,0,0,7300000,16,486,48200000.0,7300000.0,1.7092198581560283,23425200000.0,28200000
4,1,0,3200000,6,635,18300000.0,640000.0,1.5775862068965518,11620500000.0,11600000
5,1,0,5200000,2,538,23400000.0,866666.6666666666,1.1304347826086956,12589200000.0,20700000
4,0,0,7100000,14,496,49500000.0,1420000.0,1.7553191489361701,24552000000.0,28200000
4,1,1,1400000,6,411,7700000.0,280000.0,1.6041666666666667,3164700000.0,4800000
4,0,0,2700000,6,857,22600000.0,540000.0,2.1121495327102804,19368200000.0,10700000
5,1,1,6500000,10,360,52600000.0,1083333.3333333333,2.9060773480662982,18936000000.0,18100000
4,1,0,9300000,18,461,60100000.0,1860000.0,1.6740947075208914,27706100000.0,35900000
0,1,1,6700000,16,638,40600000.0,6700000.0,2.7248322147651005,25902800000.0,14900000
5,1,0,6800000,6,865,44100000.0,1133333.3333333333,2.284974093264249,38146500000.0,19300000
5,0,0,5600000,4,449,34700000.0,933333.3333333334,2.551470588235294,15580300000.0,13600000
1,0,1,1900000,2,870,13200000.0,950000.0,2.8085106382978724,11484000000.0,4700000
5,0,0,8400000,6,815,39000000.0,1400000.0,2.0,31785000000.0,19500000
2,0,1,2500000,16,454,14400000.0,833333.3333333334,2.0,6537600000.0,7200000
1,0,1,2900000,18,783,15000000.0,1450000.0,1.5151515151515151,11745000000.0,9900000
3,1,1,3200000,2,543,23900000.0,800000.0,3.22972972972973,12977700000.0,7400000
4,0,1,3000000,2,786,22100000.0,600000.0,2.0275229357798166,17370600000.0,10900000
3,1,1,800000,20,395,3900000.0,200000.0,1.56,1540500000.0,2500000
2,0,1,400000,2,885,2100000.0,133333.33333333334,1.6153846153846154,1858500000.0,1300000
2,0,0,4400000,20,488,31000000.0,1466666.6666666667,2.9245283018867925,15128000000.0,10600000
2,0,1,8700000,10,829,46600000.0,2900000.0,2.341708542713568,38631400000.0,19900000
4,0,0,7400000,6,677,71800000.0,1480000.0,4.662337662337662,48608600000.0,15400000
4,0,1,5700000,12,645,40700000.0,1140000.0,2.826388888888889,26251500000.0,14400000
5,0,1,9700000,10,788,54900000.0,1616666.6666666667,1.9891304347826086,43261200000.0,27600000
2,0,0,7000000,6,649,48800000.0,2333333.3333333335,2.1785714285714284,31671200000.0,22400000
2,0,0,8900000,4,519,53200000.0,2966666.6666666665,2.303030303030303,27610800000.0,23100000
3,1,1,3100000,14,772,19600000.0,775000.0,1.75,15131200000.0,11200000
4,1,0,2200000,12,330,15600000.0,440000.0,2.557377049180328,5148000000.0,6100000
5,0,1,7100000,4,557,47300000.0,1183333.3333333333,2.2,26346100000.0,21500000
4,1,1,8200000,6,334,70100000.0,1640000.0,3.6894736842105265,23413400000.0,19000000
3,1,1,9800000,12,487,66200000.0,2450000.0,2.3309859154929575,32239400000.0,28400000
2,1,1,3900000,8,539,25000000.0,1300000.0,2.577319587628866,13475000000.0,9700000
2,1,1,2200000,8,710,11700000.0,733333.3333333334,1.4444444444444444,8307000000.0,8100000
5,0,1,600000,20,879,4200000.0,100000.0,2.4705882352941178,3691800000.0,1700000
4,0,1,6900000,10,512,39700000.0,1380000.0,1.8045454545454545,20326400000.0,22000000
2,1,1,7400000,18,561,49700000.0,2466666.6666666665,1.8205128205128205,27881700000.0,27300000
3,0,1,4000000,6,539,25300000.0,1000000.0,2.1810344827586206,13636700000.0,11600000
3,0,1,700000,18,544,4000000.0,175000.0,2.0,2176000000.0,2000000
2,0,1,1900000,16,631,13100000.0,633333.3333333334,2.847826086956522,8266100000.0,4600000
2,1,0,2200000,20,546,11500000.0,733333.3333333334,1.6911764705882353,6279000000.0,6800000
1,1,1,2000000,14,569,15600000.0,1000000.0,2.7857142857142856,8876400000.0,5600000
4,0,0,7400000,6,384,52800000.0,1480000.0,2.9497206703910615,20275200000.0,17900000
2,0,1,2300000,6,583,15200000.0,766666.6666666666,1.6888888888888889,8861600000.0,9000000
5,0,1,4000000,12,517,16200000.0,666666.6666666666,1.0451612903225806,8375400000.0,15500000
3,1,1,1500000,18,420,8200000.0,375000.0,1.4137931034482758,3444000000.0,5800000
2,0,1,5200000,18,644,24900000.0,1733333.3333333333,1.930232558139535,16035600000.0,12900000
2,1,0,5400000,8,349,43300000.0,1800000.0,2.986206896551724,15111700000.0,14500000
3,1,0,7700000,18,662,43800000.0,1925000.0,1.7312252964426877,28995600000.0,25300000
0,0,1,1900000,20,704,11500000.0,1900000.0,1.796875,8096000000.0,6400000
4,0,1,6400000,2,324,47900000.0,1280000.0,3.0903225806451613,15519600000.0,15500000
5,1,0,700000,18,757,4800000.0,116666.66666666667,2.823529411764706,3633600000.0,1700000
3,1,1,5800000,16,361,41900000.0,1450000.0,1.8217391304347825,15125900000.0,23000000
1,1,0,1800000,4,415,13800000.0,900000.0,2.5555555555555554,5727000000.0,5400000
5,1,1,4300000,18,618,26800000.0,716666.6666666666,1.9420289855072463,16562400000.0,13800000
4,1,0,8000000,8,524,61800000.0,1600000.0,2.2804428044280445,32383200000.0,27100000
0,0,0,1100000,18,887,5600000.0,1100000.0,1.3658536585365855,4967200000.0,4100000
2,0,1,8800000,12,729,46000000.0,2933333.3333333335,1.4790996784565917,33534000000.0,31100000
4,1,0,4800000,14,774,35800000.0,960000.0,1.924731182795699,27709200000.0,18600000
0,0,1,200000,20,724,1400000.0,200000.0,2.0,1013600000.0,700000
5,1,1,1400000,16,320,8100000.0,233333.33333333334,3.0,2592000000.0,2700000
5,1,0,2500000,16,590,16400000.0,416666.6666666667,2.5625,9676000000.0,6400000
5,1,0,8100000,8,796,57800000.0,1350000.0,2.2845849802371543,46008800000.0,25300000
0,1,1,6100000,6,890,44100000.0,6100000.0,2.296875,39249000000.0,19200000
0,0,1,2000000,16,651,13300000.0,2000000.0,2.891304347826087,8658300000.0,4600000
4,0,0,4800000,12,634,31400000.0,960000.0,3.108910891089109,19907600000.0,10100000
4,1,1,900000,2,660,5900000.0,180000.0,2.107142857142857,3894000000.0,2800000
4,0,0,1300000,12,512,8600000.0,260000.0,2.4571428571428573,4403200000.0,3500000
4,0,1,4200000,2,900,28800000.0,840000.0,3.1648351648351647,25920000000.0,9100000
2,1,1,3300000,20,823,20700000.0,1100000.0,1.864864864864865,17036100000.0,11100000
2,0,1,8700000,12,880,33600000.0,2900000.0,1.1830985915492958,29568000000.0,28400000
1,0,1,800000,2,439,2800000.0,400000.0,1.0769230769230769,1229200000.0,2600000
5,1,1,7400000,2,441,47700000.0,1233333.3333333333,2.789473684210526,21035700000.0,17100000
3,0,0,6900000,6,360,42400000.0,1725000.0,2.291891891891892,15264000000.0,18500000
1,1,1,8800000,14,561,54900000.0,4400000.0,1.629080118694362,30798900000.0,33700000
2,1,1,8600000,4,758,46400000.0,2866666.6666666665,1.4276923076923076,35171200000.0,32500000
2,1,0,5400000,18,621,30500000.0,1800000.0,1.4805825242718447,18940500000.0,20600000
4,1,1,2900000,18,621,15300000.0,580000.0,2.593220338983051,9501300000.0,5900000
3,1,0,9800000,12,342,75900000.0,2450000.0,3.6142857142857143,25957800000.0,21000000
4,1,0,3300000,4,552,17000000.0,660000.0,1.5740740740740742,9384000000.0,10800000
0,0,0,300000,18,376,1400000.0,300000.0,2.8,526400000.0,500000
0,1,0,1500000,12,801,11000000.0,1500000.0,2.558139534883721,8811000000.0,4300000
3,0,1,5400000,4,512,24100000.0,1350000.0,1.478527607361963,12339200000.0,16300000
0,1,0,6600000,18,497,32200000.0,6600000.0,2.1184210526315788,16003400000.0,15200000
0,1,0,5700000,8,386,28600000.0,5700000.0,1.6627906976744187,11039600000.0,17200000
3,0,1,8500000,2,683,46800000.0,2125000.0,1.793103448275862,31964400000.0,26100000
0,1,0,7400000,16,779,37500000.0,7400000.0,1.5560165975103735,29212500000.0,24100000
3,0,1,7800000,6,876,66700000.0,1950000.0,3.768361581920904,58429200000.0,17700000
3,1,1,7200000,18,515,42000000.0,1800000.0,2.5454545454545454,21630000000.0,16500000
2,0,0,7600000,12,463,32500000.0,2533333.3333333335,1.6839378238341969,15047500000.0,19300000
4,0,1,7000000,4,486,47600000.0,1400000.0,1.7827715355805243,23133600000.0,26700000
0,0,0,5700000,6,328,44200000.0,5700000.0,3.4,14497600000.0,13000000
2,0,0,8200000,10,343,45200000.0,2733333.3333333335,1.477124183006536,15503600000.0,30600000
0,1,1,9000000,8,712,37800000.0,9000000.0,1.3597122302158273,26913600000.0,27800000
3,0,0,3900000,6,607,23400000.0,975000.0,1.9663865546218486,14203800000.0,11900000
0,1,0,6500000,4,812,54300000.0,6500000.0,3.3518518518518516,44091600000.0,16200000
4,0,1,2300000,16,589,19000000.0,460000.0,2.4675324675324677,11191000000.0,7700000
1,0,0,5700000,18,657,42300000.0,2850000.0,1.9403669724770642,27791100000.0,21800000
4,0,0,800000,12,453,5300000.0,160000.0,1.8928571428571428,2400900000.0,2800000
4,0,1,8400000,14,889,62300000.0,1680000.0,3.1624365482233503,55384700000.0,19700000
1,1,1,4300000,4,564,30700000.0,2150000.0,1.7848837209302326,17314800000.0,17200000
1,0,1,300000,20,419,1700000.0,150000.0,1.8888888888888888,712300000.0,900000
1,1,0,8700000,16,663,42000000.0,4350000.0,1.2352941176470589,27846000000.0,34000000
1,0,0,4400000,4,884,37300000.0,2200000.0,3.0826446280991737,32973200000.0,12100000
1,1,1,5600000,16,528,30200000.0,2800000.0,1.7976190476190477,15945600000.0,16800000
2,1,0,600000,12,475,4100000.0,200000.0,3.1538461538461537,1947500000.0,1300000
4,0,1,2500000,20,695,15400000.0,500000.0,3.019607843137255,10703000000.0,5100000
5,0,0,3800000,10,759,21900000.0,633333.3333333334,2.085714285714286,16622100000.0,10500000
2,0,0,2500000,4,636,11200000.0,833333.3333333334,1.1666666666666667,7123200000.0,9600000
3,0,1,5500000,10,546,36300000.0,1375000.0,1.7794117647058822,19819800000.0,20400000
5,1,1,4500000,2,639,36600000.0,750000.0,2.1403508771929824,23387400000.0,17100000
4,0,0,1900000,10,388,8400000.0,380000.0,2.1,3259200000.0,4000000
5,1,1,6400000,12,594,24200000.0,1066666.6666666667,1.21,14374800000.0,20000000
1,0,1,3800000,6,760,18300000.0,1900000.0,1.6486486486486487,13908000000.0,11100000
4,0,1,6300000,16,582,49300000.0,1260000.0,2.9171597633136095,28692600000.0,16900000
3,0,0,300000,6,896,1700000.0,75000.0,2.8333333333333335,1523200000.0,600000
5,0,1,7100000,18,891,30600000.0,1183333.3333333333,1.4036697247706422,27264600000.0,21800000
2,0,1,600000,2,495,3600000.0,200000.0,2.1176470588235294,1782000000.0,1700000
3,1,1,4400000,16,865,28000000.0,1100000.0,1.8300653594771241,24220000000.0,15300000
4,0,0,7600000,12,775,41100000.0,1520000.0,1.9759615384615385,31852500000.0,20800000
5,1,1,8700000,10,318,47100000.0,1450000.0,1.7840909090909092,14977800000.0,26400000
3,1,1,5600000,12,395,45900000.0,1400000.0,3.6141732283464565,18130500000.0,12700000
4,0,0,4100000,14,772,29700000.0,820000.0,2.267175572519084,22928400000.0,13100000
2,0,1,7900000,18,318,59400000.0,2633333.3333333335,3.68944099378882,18889200000.0,16100000
3,0,1,5600000,14,649,35900000.0,1400000.0,1.7177033492822966,23299100000.0,20900000
3,0,0,1200000,10,438,8600000.0,300000.0,2.774193548387097,3766800000.0,3100000
5,1,0,6900000,6,588,41700000.0,1150000.0,2.116751269035533,24519600000.0,19700000
5,0,0,2700000,2,815,12800000.0,450000.0,2.2857142857142856,10432000000.0,5600000
4,1,1,9800000,4,364,61700000.0,1960000.0,2.7918552036199094,22458800000.0,22100000
2,0,0,9300000,4,586,68100000.0,3100000.0,2.108359133126935,39906600000.0,32300000
4,0,0,6700000,12,555,48900000.0,1340000.0,1.9328063241106719,27139500000.0,25300000
4,1,0,1300000,10,312,6300000.0,260000.0,1.3695652173913044,1965600000.0,4600000
2,1,1,7900000,16,605,65600000.0,2633333.3333333335,3.8362573099415203,39688000000.0,17100000
5,0,0,6700000,18,672,34500000.0,1116666.6666666667,1.4870689655172413,23184000000.0,23200000
2,0,1,2100000,18,591,10000000.0,700000.0,2.2222222222222223,5910000000.0,4500000
4,1,1,4700000,4,321,26700000.0,940000.0,2.4272727272727272,8570700000.0,11000000
2,1,0,3700000,16,393,24700000.0,1233333.3333333333,1.8432835820895523,9707100000.0,13400000
0,1,1,5800000,2,561,30800000.0,5800000.0,1.4128440366972477,17278800000.0,21800000
5,1,1,2400000,20,725,13300000.0,400000.0,1.9275362318840579,9642500000.0,6900000
1,0,1,8100000,16,438,51700000.0,4050000.0,1.8731884057971016,22644600000.0,27600000
5,1,1,5400000,12,399,32900000.0,900000.0,1.5373831775700935,13127100000.0,21400000
0,1,0,1400000,8,592,9600000.0,1400000.0,1.7777777777777777,5683200000.0,5400000
2,0,0,2500000,8,835,15500000.0,833333.3333333334,1.802325581395349,12942500000.0,8600000
0,0,1,1600000,4,733,9100000.0,1600000.0,1.7169811320754718,6670300000.0,5300000
0,0,0,3700000,20,484,24500000.0,3700000.0,2.311320754716981,11858000000.0,10600000
5,0,1,500000,20,615,2600000.0,83333.33333333333,1.4444444444444444,1599000000.0,1800000
3,0,1,5300000,4,591,45600000.0,1325000.0,2.3384615384615386,26949600000.0,19500000
0,1,1,2800000,12,349,18600000.0,2800000.0,2.735294117647059,6491400000.0,6800000
1,1,1,9600000,18,478,81300000.0,4800000.0,2.719063545150502,38861400000.0,29900000
4,1,0,2200000,20,633,14200000.0,440000.0,1.8205128205128205,8988600000.0,7800000
1,0,1,8400000,8,378,56600000.0,4200000.0,1.831715210355987,21394800000.0,30900000
1,0,0,2100000,20,461,15100000.0,1050000.0,2.849056603773585,6961100000.0,5300000
2,0,1,2800000,2,834,12800000.0,933333.3333333334,1.8285714285714285,10675200000.0,7000000
0,0,0,2500000,20,671,17400000.0,2500000.0,3.0,11675400000.0,5800000
3,1,1,1700000,10,524,14400000.0,425000.0,2.4827586206896552,7545600000.0,5800000
3,1,0,6100000,4,816,50400000.0,1525000.0,2.4347826086956523,41126400000.0,20700000
3,1,0,4100000,10,729,30600000.0,1025000.0,2.6153846153846154,22307400000.0,11700000
5,0,1,4500000,8,307,30100000.0,750000.0,2.37007874015748,9240700000.0,12700000
2,1,1,5600000,8,350,22300000.0,1866666.6666666667,1.1675392670157068,7805000000.0,19100000
3,0,1,5800000,10,444,42700000.0,1450000.0,2.572289156626506,18958800000.0,16600000
4,0,0,8600000,10,895,40500000.0,1720000.0,1.5168539325842696,36247500000.0,26700000
2,1,0,2900000,20,708,16800000.0,966666.6666666666,1.6,11894400000.0,10500000
2,0,1,8300000,2,355,36900000.0,2766666.6666666665,2.096590909090909,13099500000.0,17600000
5,0,0,2400000,6,756,10400000.0,400000.0,2.0392156862745097,7862400000.0,5100000
4,1,0,5600000,4,719,26400000.0,1120000.0,2.2,18981600000.0,12000000
1,1,1,9500000,14,439,35300000.0,4750000.0,0.9971751412429378,15496700000.0,35400000
4,0,1,4900000,10,668,36800000.0,980000.0,2.3144654088050314,24582400000.0,15900000
4,0,1,5900000,2,765,45900000.0,1180000.0,2.7818181818181817,35113500000.0,16500000
5,1,1,500000,4,476,2200000.0,83333.33333333333,1.4666666666666666,1047200000.0,1500000
3,1,0,7000000,14,781,42800000.0,1750000.0,1.9723502304147464,33426800000.0,21700000
1,0,0,3500000,4,350,26700000.0,1750000.0,2.1023622047244093,9345000000.0,12700000
0,1,0,5200000,16,783,23500000.0,5200000.0,1.9262295081967213,18400500000.0,12200000
3,1,1,6300000,12,770,22900000.0,1575000.0,1.150753768844221,17633000000.0,19900000
2,0,0,8400000,10,822,55200000.0,2800000.0,1.9505300353356891,45374400000.0,28300000
1,0,1,7500000,14,469,42600000.0,3750000.0,1.8933333333333333,19979400000.0,22500000
2,1,0,3300000,16,300,21900000.0,1100000.0,1.6846153846153846,6570000000.0,13000000
2,0,0,8800000,14,692,56300000.0,2933333.3333333335,2.513392857142857,38959600000.0,22400000
5,1,0,200000,18,707,6500000.0,33333.333333333336,9.285714285714286,4595500000.0,700000
5,0,1,8000000,4,658,52600000.0,1333333.3333333333,1.8075601374570447,34610800000.0,29100000
3,1,0,1000000,6,625,4100000.0,250000.0,1.025,2562500000.0,4000000
1,1,0,9400000,10,343,51900000.0,4700000.0,1.9438202247191012,17801700000.0,26700000
5,1,0,2100000,18,358,16300000.0,350000.0,2.232876712328767,5835400000.0,7300000
4,1,1,5400000,20,705,38000000.0,1080000.0,3.3043478260869565,26790000000.0,11500000
2,1,1,4700000,8,799,27600000.0,1566666.6666666667,1.8278145695364238,22052400000.0,15100000
3,1,0,8800000,12,397,64300000.0,2200000.0,1.9080118694362018,25527100000.0,33700000
5,1,0,3200000,6,493,22700000.0,533333.3333333334,1.860655737704918,11191100000.0,12200000
0,1,1,7200000,4,446,60700000.0,7200000.0,2.771689497716895,27072200000.0,21900000
2,0,1,2500000,16,315,16500000.0,833333.3333333334,2.2916666666666665,5197500000.0,7200000
5,0,1,6900000,14,887,48800000.0,1150000.0,3.1082802547770703,43285600000.0,15700000
5,1,1,5700000,16,429,31000000.0,950000.0,1.5121951219512195,13299000000.0,20500000
4,1,1,5500000,18,673,39600000.0,1100000.0,2.622516556291391,26650800000.0,15100000
4,0,1,9200000,10,731,63600000.0,1840000.0,2.185567010309278,46491600000.0,29100000
5,1,1,5700000,2,732,40400000.0,950000.0,3.5130434782608697,29572800000.0,11500000
5,1,1,5000000,14,525,40700000.0,833333.3333333334,2.481707317073171,21367500000.0,16400000
4,0,0,2300000,6,343,17800000.0,460000.0,3.2363636363636363,6105400000.0,5500000
0,0,1,3000000,16,331,21500000.0,3000000.0,1.9545454545454546,7116500000.0,11000000
0,0,0,7900000,18,845,62600000.0,7900000.0,2.3893129770992365,52897000000.0,26200000
2,1,0,2000000,16,696,11400000.0,666666.6666666666,1.8387096774193548,7934400000.0,6200000
5,0,0,2700000,14,772,16300000.0,450000.0,1.8735632183908046,12583600000.0,8700000
3,1,1,6400000,18,628,39700000.0,1600000.0,2.5126582278481013,24931600000.0,15800000
0,0,1,8200000,2,764,56300000.0,8200000.0,2.9476439790575917,43013200000.0,19100000
1,1,0,2800000,14,553,16300000.0,1400000.0,2.36231884057971,9013900000.0,6900000
1,0,0,8900000,2,653,41000000.0,4450000.0,2.05,26773000000.0,20000000
1,0,0,5100000,4,506,43800000.0,2550000.0,2.19,22162800000.0,20000000
3,1,0,2800000,20,431,17900000.0,700000.0,2.1058823529411765,7714900000.0,8500000
2,0,1,6100000,18,697,39300000.0,2033333.3333333333,3.1951219512195124,27392100000.0,12300000
2,0,0,8400000,6,588,45600000.0,2800000.0,1.8612244897959183,26812800000.0,24500000
1,0,0,1600000,6,846,9200000.0,800000.0,1.6428571428571428,7783200000.0,5600000
5,1,0,4100000,14,379,21800000.0,683333.3333333334,1.981818181818182,8262200000.0,11000000
1,0,0,300000,10,745,1000000.0,150000.0,1.4285714285714286,745000000.0,700000
3,1,0,9600000,20,523,58300000.0,2400000.0,1.6898550724637682,30490900000.0,34500000
4,1,1,8300000,4,624,57100000.0,1660000.0,2.248031496062992,35630400000.0,25400000
1,1,0,4600000,16,407,31600000.0,2300000.0,1.8922155688622755,12861200000.0,16700000
3,0,1,5600000,12,756,31300000.0,1400000.0,2.6982758620689653,23662800000.0,11600000
3,1,1,4100000,16,351,19400000.0,1025000.0,2.3373493975903616,6809400000.0,8300000
3,0,0,3700000,18,373,18600000.0,925000.0,1.3880597014925373,6937800000.0,13400000
4,0,1,800000,2,461,5200000.0,160000.0,2.1666666666666665,2397200000.0,2400000
4,1,0,8100000,12,672,41500000.0,1620000.0,1.4768683274021353,27888000000.0,28100000
2,1,1,2700000,10,434,14100000.0,900000.0,1.4842105263157894,6119400000.0,9500000
2,0,1,7000000,12,541,34400000.0,2333333.3333333335,1.6074766355140186,18610400000.0,21400000
3,0,1,8100000,2,413,55100000.0,2025000.0,1.8805460750853242,22756300000.0,29300000
1,1,0,3200000,4,592,17200000.0,1600000.0,2.263157894736842,10182400000.0,7600000
4,0,1,400000,10,665,2300000.0,80000.0,1.6428571428571428,1529500000.0,1400000
1,1,0,7800000,4,313,51800000.0,3900000.0,2.1673640167364017,16213400000.0,23900000
0,0,0,5800000,14,673,44800000.0,5800000.0,2.2857142857142856,30150400000.0,19600000
0,0,1,2600000,8,382,13700000.0,2600000.0,2.283333333333333,5233400000.0,6000000
5,0,0,5400000,12,661,51700000.0,900000.0,2.4502369668246446,34173700000.0,21100000
3,1,1,600000,4,576,3100000.0,150000.0,1.8235294117647058,1785600000.0,1700000
1,1,0,600000,14,443,4700000.0,300000.0,3.9166666666666665,2082100000.0,1200000
5,1,1,9500000,16,307,68400000.0,1583333.3333333333,3.152073732718894,20998800000.0,21700000
4,1,1,1900000,12,656,10200000.0,380000.0,2.125,6691200000.0,4800000
1,1,1,9800000,4,885,82500000.0,4900000.0,3.891509433962264,73012500000.0,21200000
3,1,0,7800000,20,896,59200000.0,1950000.0,3.566265060240964,53043200000.0,16600000
5,0,0,4900000,2,802,29600000.0,816666.6666666666,2.099290780141844,23739200000.0,14100000
3,1,1,8300000,2,650,43400000.0,2075000.0,1.9118942731277533,28210000000.0,22700000
4,0,1,3900000,10,665,27800000.0,780000.0,3.1235955056179776,18487000000.0,8900000
2,1,0,9000000,12,339,52100000.0,3000000.0,1.4593837535014005,17661900000.0,35700000
1,0,0,9600000,20,447,58300000.0,4800000.0,1.7993827160493827,26060100000.0,32400000
5,0,1,1000000,18,613,6100000.0,166666.66666666666,2.5416666666666665,3739300000.0,2400000
5,1,0,2800000,16,424,15200000.0,466666.6666666667,2.111111111111111,6444800000.0,7200000
2,0,0,8300000,6,667,55600000.0,2766666.6666666665,2.673076923076923,37085200000.0,20800000
4,0,1,6900000,18,715,31300000.0,1380000.0,1.710382513661202,22379500000.0,18300000
5,0,1,3800000,18,654,26200000.0,633333.3333333334,2.879120879120879,17134800000.0,9100000
2,0,0,8000000,20,549,50300000.0,2666666.6666666665,2.8258426966292136,27614700000.0,17800000
4,1,1,9800000,4,373,64400000.0,1960000.0,2.1683501683501682,24021200000.0,29700000
0,1,1,2900000,16,332,20500000.0,2900000.0,2.8472222222222223,6806000000.0,7200000
4,1,0,7900000,20,534,48900000.0,1580000.0,1.5523809523809524,26112600000.0,31500000
3,0,0,4600000,8,396,29600000.0,1150000.0,1.6536312849162011,11721600000.0,17900000
2,1,0,1000000,18,892,6500000.0,333333.3333333333,1.7567567567567568,5798000000.0,3700000
5,1,0,9000000,14,602,57500000.0,1500000.0,2.699530516431925,34615000000.0,21300000
0,1,1,9400000,10,615,61500000.0,9400000.0,1.703601108033241,37822500000.0,36100000
5,1,1,7400000,20,482,55200000.0,1233333.3333333333,2.369098712446352,26606400000.0,23300000
0,1,0,6600000,16,397,51800000.0,6600000.0,2.5771144278606966,20564600000.0,20100000
0,0,0,1300000,10,464,6300000.0,1300000.0,1.8529411764705883,2923200000.0,3400000
0,1,1,1100000,14,832,9400000.0,1100000.0,2.764705882352941,7820800000.0,3400000
5,1,0,9200000,12,802,65300000.0,1533333.3333333333,1.8764367816091954,52370600000.0,34800000
2,1,0,7000000,18,628,52400000.0,2333333.3333333335,2.192468619246862,32907200000.0,23900000
4,1,0,5100000,10,694,29300000.0,1020000.0,1.5585106382978724,20334200000.0,18800000
1,0,1,3200000,20,741,16500000.0,1600000.0,1.7741935483870968,12226500000.0,9300000
1,0,1,3700000,14,748,23800000.0,1850000.0,2.18348623853211,17802400000.0,10900000
5,1,0,3600000,4,320,20900000.0,600000.0,1.6328125,6688000000.0,12800000
1,1,0,5600000,10,774,34900000.0,2800000.0,2.982905982905983,27012600000.0,11700000
0,0,1,9500000,2,500,48100000.0,9500000.0,1.503125,24050000000.0,32000000
4,0,0,1500000,18,706,8800000.0,300000.0,2.2,6212800000.0,4000000
4,0,0,7400000,10,601,63900000.0,1480000.0,3.4918032786885247,38403900000.0,18300000
2,1,0,6000000,16,806,27600000.0,2000000.0,1.5862068965517242,22245600000.0,17400000
0,1,1,3000000,6,644,18100000.0,3000000.0,1.8854166666666667,11656400000.0,9600000
4,1,1,6000000,14,723,20000000.0,1200000.0,1.550387596899225,14460000000.0,12900000
5,1,1,600000,12,509,4400000.0,100000.0,2.933333333333333,2239600000.0,1500000
0,1,0,1800000,4,898,8500000.0,1800000.0,1.2878787878787878,7633000000.0,6600000
2,1,1,5500000,2,567,30400000.0,1833333.3333333333,2.533333333333333,17236800000.0,12000000
1,1,0,1000000,6,715,6500000.0,500000.0,3.0952380952380953,4647500000.0,2100000
2,0,1,1700000,10,854,12500000.0,566666.6666666666,3.5714285714285716,10675000000.0,3500000
1,1,1,3400000,8,523,21700000.0,1700000.0,1.7642276422764227,11349100000.0,12300000
1,1,1,9600000,8,534,79500000.0,4800000.0,2.214484679665738,42453000000.0,35900000
0,0,1,2600000,18,470,9800000.0,2600000.0,1.2894736842105263,4606000000.0,7600000
1,1,0,1600000,18,619,11100000.0,800000.0,3.1714285714285713,6870900000.0,3500000
0,1,1,4300000,20,572,27900000.0,4300000.0,2.1796875,15958800000.0,12800000
3,1,0,1400000,16,365,9300000.0,350000.0,2.657142857142857,3394500000.0,3500000
0,0,0,8000000,16,791,58200000.0,8000000.0,3.2333333333333334,46036200000.0,18000000
4,0,1,5000000,12,424,27800000.0,1000000.0,1.5359116022099448,11787200000.0,18100000
5,1,0,4500000,12,726,33200000.0,750000.0,3.2549019607843137,24103200000.0,10200000
1,1,0,3400000,2,736,23800000.0,1700000.0,2.404040404040404,17516800000.0,9900000
5,1,1,5700000,14,488,33300000.0,950000.0,2.6015625,16250400000.0,12800000
2,0,1,2600000,10,400,22900000.0,866666.6666666666,3.013157894736842,9160000000.0,7600000
0,1,1,4500000,20,311,31300000.0,4500000.0,2.5655737704918034,9734300000.0,12200000
2,0,1,5100000,2,504,30600000.0,1700000.0,1.8214285714285714,15422400000.0,16800000
4,0,1,5100000,20,312,37600000.0,1020000.0,2.021505376344086,11731200000.0,18600000
5,1,1,1700000,14,587,10000000.0,283333.3333333333,1.5384615384615385,5870000000.0,6500000
1,0,0,5200000,20,317,35600000.0,2600000.0,3.3904761904761904,11285200000.0,10500000
4,0,0,8400000,2,463,40600000.0,1680000.0,1.4,18797800000.0,29000000
1,0,1,9000000,16,842,51900000.0,4500000.0,1.526470588235294,43699800000.0,34000000
4,1,1,3400000,20,616,21100000.0,680000.0,1.7881355932203389,12997600000.0,11800000
1,0,0,5400000,8,800,29400000.0,2700000.0,1.5154639175257731,23520000000.0,19400000
0,1,1,700000,12,813,4200000.0,700000.0,2.0,3414600000.0,2100000
2,1,0,7600000,12,564,51600000.0,2533333.3333333335,2.0806451612903225,29102400000.0,24800000
2,0,0,5000000,12,837,25900000.0,1666666.6666666667,1.7619047619047619,21678300000.0,14700000
5,0,1,2500000,16,735,13400000.0,416666.6666666667,1.425531914893617,9849000000.0,9400000
4,0,1,2000000,16,724,16400000.0,400000.0,3.1538461538461537,11873600000.0,5200000
5,0,0,9000000,12,658,48500000.0,1500000.0,2.0292887029288704,31913000000.0,23900000
5,1,0,8300000,16,858,70500000.0,1383333.3333333333,2.2169811320754715,60489000000.0,31800000
0,0,1,3100000,8,614,20600000.0,3100000.0,2.4235294117647057,12648400000.0,8500000
2,1,1,8500000,16,714,49100000.0,2833333.3333333335,1.91796875,35057400000.0,25600000
2,1,1,1200000,20,605,10300000.0,400000.0,2.239130434782609,6231500000.0,4600000
4,1,1,2800000,8,875,20200000.0,560000.0,3.672727272727273,17675000000.0,5500000
5,1,1,2800000,6,359,18900000.0,466666.6666666667,1.7339449541284404,6785100000.0,10900000
5,1,1,6500000,6,441,44200000.0,1083333.3333333333,1.83402489626556,19492200000.0,24100000
4,1,0,8700000,18,790,60900000.0,1740000.0,2.4166666666666665,48111000000.0,25200000
1,0,1,5400000,4,821,45800000.0,2700000.0,3.3676470588235294,37601800000.0,13600000
2,0,0,8600000,16,375,67500000.0,2866666.6666666665,2.027027027027027,25312500000.0,33300000
3,1,0,4700000,10,545,29700000.0,1175000.0,3.09375,16186500000.0,9600000
5,0,1,1100000,4,891,5600000.0,183333.33333333334,1.435897435897436,4989600000.0,3900000
0,1,0,6400000,8,486,45400000.0,6400000.0,3.242857142857143,22064400000.0,14000000
0,1,0,4300000,4,696,33600000.0,4300000.0,3.393939393939394,23385600000.0,9900000
5,0,1,2900000,4,683,18300000.0,483333.3333333333,1.6486486486486487,12498900000.0,11100000
5,0,0,9600000,8,594,70200000.0,1600000.0,2.5904059040590406,41698800000.0,27100000
3,0,1,900000,20,529,5100000.0,225000.0,2.04,2697900000.0,2500000
5,0,0,8100000,4,429,41200000.0,1350000.0,1.5665399239543727,17674800000.0,26300000
0,0,1,8800000,4,400,48300000.0,8800000.0,1.932,19320000000.0,25000000
0,1,0,8800000,4,848,70300000.0,8800000.0,4.017142857142857,59614400000.0,17500000
1,0,0,6400000,6,489,32700000.0,3200000.0,1.5209302325581395,15990300000.0,21500000
2,1,0,2900000,10,326,21600000.0,966666.6666666666,3.272727272727273,7041600000.0,6600000
5,1,0,1600000,8,663,12300000.0,266666.6666666667,2.0163934426229506,8154900000.0,6100000
1,0,0,1600000,18,729,11600000.0,800000.0,2.2745098039215685,8456400000.0,5100000
2,1,1,3100000,4,398,15500000.0,1033333.3333333334,1.4485981308411215,6169000000.0,10700000
2,0,1,5600000,14,856,30500000.0,1866666.6666666667,1.8263473053892216,26108000000.0,16700000
3,1,1,8100000,20,347,72500000.0,2025000.0,3.64321608040201,25157500000.0,19900000
3,0,0,9100000,12,696,77300000.0,2275000.0,4.005181347150259,53800800000.0,19300000
0,1,1,5500000,8,353,22900000.0,5500000.0,1.3391812865497077,8083700000.0,17100000
1,1,1,9700000,20,756,75100000.0,4850000.0,2.1895043731778427,56775600000.0,34300000
4,1,0,2300000,16,490,17500000.0,460000.0,3.240740740740741,8575000000.0,5400000
1,0,1,5600000,10,531,43700000.0,2800000.0,2.4277777777777776,23204700000.0,18000000
2,0,1,4500000,4,679,30100000.0,1500000.0,1.8132530120481927,20437900000.0,16600000
1,1,1,500000,8,877,2000000.0,250000.0,1.1111111111111112,1754000000.0,1800000
0,1,0,4200000,20,817,26900000.0,4200000.0,2.4454545454545453,21977300000.0,11000000
1,0,0,9100000,18,792,57900000.0,4550000.0,2.484978540772532,45856800000.0,23300000
4,1,1,3200000,18,664,19400000.0,640000.0,1.515625,12881600000.0,12800000
4,1,1,6200000,16,882,32300000.0,1240000.0,1.516431924882629,28488600000.0,21300000
3,0,1,2500000,10,768,15500000.0,625000.0,2.012987012987013,11904000000.0,7700000
0,1,0,9100000,12,787,71500000.0,9100000.0,2.6383763837638377,56270500000.0,27100000
3,1,1,500000,12,538,2500000.0,125000.0,2.7777777777777777,1345000000.0,900000
4,0,0,6900000,8,347,52700000.0,1380000.0,2.9277777777777776,18286900000.0,18000000
0,1,1,1800000,16,317,11700000.0,1800000.0,2.25,3708900000.0,5200000
0,1,1,4000000,2,713,28000000.0,4000000.0,1.9310344827586208,19964000000.0,14500000
1,0,0,3900000,10,683,15800000.0,1950000.0,1.2845528455284554,10791400000.0,12300000
2,0,1,8000000,18,765,60400000.0,2666666.6666666665,2.1494661921708187,46206000000.0,28100000
5,1,0,900000,10,803,6400000.0,150000.0,2.0,5139200000.0,3200000
0,1,1,8200000,6,405,34300000.0,8200000.0,1.1548821548821548,13891500000.0,29700000
5,1,0,2300000,4,529,21300000.0,383333.3333333333,4.346938775510204,11267700000.0,4900000
5,1,1,6900000,6,801,42000000.0,1150000.0,2.1649484536082473,33642000000.0,19400000
3,0,0,8800000,12,707,55900000.0,2200000.0,1.8208469055374592,39521300000.0,30700000
1,1,0,2600000,8,349,19700000.0,1300000.0,2.736111111111111,6875300000.0,7200000
1,1,0,3700000,20,885,23200000.0,1850000.0,2.6666666666666665,20532000000.0,8700000
2,1,1,6200000,4,489,35000000.0,2066666.6666666667,1.4705882352941178,17115000000.0,23800000
3,1,1,1000000,6,341,9300000.0,250000.0,3.576923076923077,3171300000.0,2600000
1,0,0,6000000,12,637,43700000.0,3000000.0,2.185,27836900000.0,20000000
1,0,1,9100000,4,304,70600000.0,4550000.0,2.248407643312102,21462400000.0,31400000
1,1,0,1700000,16,537,11800000.0,850000.0,1.7611940298507462,6336600000.0,6700000
5,0,1,1700000,12,503,9100000.0,283333.3333333333,1.9782608695652173,4577300000.0,4600000
1,1,0,7100000,12,720,40800000.0,3550000.0,2.8531468531468533,29376000000.0,14300000
5,1,0,9400000,10,509,56800000.0,1566666.6666666667,1.5434782608695652,28911200000.0,36800000
5,0,0,6200000,6,360,36800000.0,1033333.3333333334,2.2439024390243905,13248000000.0,16400000
1,1,0,8300000,16,818,71500000.0,4150000.0,2.248427672955975,58487000000.0,31800000
1,1,1,8900000,8,716,46300000.0,4450000.0,2.1839622641509435,33150800000.0,21200000
1,1,1,6500000,12,360,27900000.0,3250000.0,1.885135135135135,10044000000.0,14800000
3,1,1,8100000,10,895,41900000.0,2025000.0,1.5692883895131087,37500500000.0,26700000
2,0,0,4900000,8,328,40300000.0,1633333.3333333333,2.9851851851851854,13218400000.0,13500000
4,1,0,9100000,2,812,78700000.0,1820000.0,2.9586466165413534,63904400000.0,26600000
3,1,1,9000000,16,456,63900000.0,2250000.0,1.9305135951661632,29138400000.0,33100000
4,1,1,1300000,16,566,5900000.0,260000.0,1.5128205128205128,3339400000.0,3900000
1,0,0,6700000,20,598,38800000.0,3350000.0,1.552,23202400000.0,25000000
5,0,0,3200000,6,656,27100000.0,533333.3333333334,2.913978494623656,17777600000.0,9300000
0,0,0,7500000,2,895,34800000.0,7500000.0,1.2125435540069687,31146000000.0,28700000
3,1,0,4900000,14,653,28500000.0,1225000.0,2.2265625,18610500000.0,12800000
1,0,1,700000,16,641,5000000.0,350000.0,2.7777777777777777,3205000000.0,1800000
2,1,0,6400000,8,544,39000000.0,2133333.3333333335,2.3636363636363638,21216000000.0,16500000
0,0,1,3900000,20,811,25100000.0,3900000.0,1.7801418439716312,20356100000.0,14100000
4,1,0,9700000,10,460,56000000.0,1940000.0,2.0817843866171004,25760000000.0,26900000
5,1,1,3600000,12,795,29200000.0,600000.0,2.336,23214000000.0,12500000
2,1,1,3400000,4,745,22800000.0,1133333.3333333333,2.2135922330097086,16986000000.0,10300000
0,0,0,9800000,16,606,53000000.0,9800000.0,2.63681592039801,32118000000.0,20100000
1,0,0,5100000,6,451,30700000.0,2550000.0,2.1619718309859155,13845700000.0,14200000
4,1,1,5900000,8,479,31800000.0,1180000.0,2.694915254237288,15232200000.0,11800000
5,1,0,1200000,14,495,9000000.0,200000.0,3.75,4455000000.0,2400000
2,0,0,9700000,14,769,71200000.0,3233333.3333333335,2.357615894039735,54752800000.0,30200000
5,0,1,4700000,4,639,19200000.0,783333.3333333334,1.6271186440677967,12268800000.0,11800000
5,1,0,4200000,18,723,20500000.0,700000.0,1.64,14821500000.0,12500000
4,1,0,9300000,16,623,54000000.0,1860000.0,2.0689655172413794,33642000000.0,26100000
3,0,1,5300000,6,487,35800000.0,1325000.0,1.7211538461538463,17434600000.0,20800000
0,1,0,7600000,2,743,66600000.0,7600000.0,2.212624584717608,49483800000.0,30100000
2,1,0,6200000,12,754,29700000.0,2066666.6666666667,1.757396449704142,22393800000.0,16900000
0,1,0,8900000,10,552,44800000.0,8900000.0,2.074074074074074,24729600000.0,21600000
4,0,1,7900000,10,560,76900000.0,1580000.0,2.816849816849817,43064000000.0,27300000
1,1,1,3500000,14,632,23500000.0,1750000.0,2.175925925925926,14852000000.0,10800000
2,1,0,5300000,18,339,24000000.0,1766666.6666666667,1.437125748502994,8136000000.0,16700000
2,0,0,1400000,4,881,10200000.0,466666.6666666667,3.2903225806451615,8986200000.0,3100000
1,0,1,9100000,20,535,51300000.0,4550000.0,2.1737288135593222,27445500000.0,23600000
4,0,0,4400000,4,563,23400000.0,880000.0,1.3604651162790697,13174200000.0,17200000
5,0,0,2800000,14,615,20100000.0,466666.6666666667,2.451219512195122,12361500000.0,8200000
3,0,0,1300000,8,795,8400000.0,325000.0,2.5454545454545454,6678000000.0,3300000
4,1,0,8400000,14,878,64200000.0,1680000.0,2.2369337979094075,56367600000.0,28700000
5,1,1,5300000,6,633,35200000.0,883333.3333333334,2.5142857142857142,22281600000.0,14000000
2,1,0,6000000,4,533,31300000.0,2000000.0,2.2517985611510793,16682900000.0,13900000
2,0,1,2100000,12,795,17600000.0,700000.0,2.588235294117647,13992000000.0,6800000
0,0,0,4300000,4,374,28400000.0,4300000.0,2.581818181818182,10621600000.0,11000000
4,0,1,7300000,12,848,41800000.0,1460000.0,1.8253275109170306,35446400000.0,22900000
2,1,0,5200000,12,890,39800000.0,1733333.3333333333,2.45679012345679,35422000000.0,16200000
3,1,0,4700000,14,444,28000000.0,1175000.0,2.857142857142857,12432000000.0,9800000
4,1,0,7800000,4,803,57700000.0,1560000.0,2.024561403508772,46333100000.0,28500000
3,1,1,500000,18,618,7700000.0,125000.0,4.052631578947368,4758600000.0,1900000
1,0,1,6000000,14,845,45200000.0,3000000.0,2.226600985221675,38194000000.0,20300000
4,1,0,4800000,12,833,30500000.0,960000.0,2.824074074074074,25406500000.0,10800000
3,1,1,8900000,12,767,46600000.0,2225000.0,2.4145077720207255,35742200000.0,19300000
1,1,1,1800000,16,747,6400000.0,900000.0,1.6,4780800000.0,4000000
2,1,0,3000000,4,588,24000000.0,1000000.0,3.4285714285714284,14112000000.0,7000000
4,0,0,7700000,20,582,52000000.0,1540000.0,2.122448979591837,30264000000.0,24500000
1,0,0,8300000,14,348,51900000.0,4150000.0,2.5441176470588234,18061200000.0,20400000
4,0,0,4200000,4,726,39700000.0,840000.0,4.223404255319149,28822200000.0,9400000
4,1,1,8000000,6,482,59200000.0,1600000.0,1.8974358974358974,28534400000.0,31200000
2,1,1,9400000,16,565,42300000.0,3133333.3333333335,1.41,23899500000.0,30000000
1,1,0,800000,16,872,6400000.0,400000.0,2.6666666666666665,5580800000.0,2400000
0,1,1,500000,4,825,2600000.0,500000.0,2.0,2145000000.0,1300000
2,1,1,6100000,8,694,57200000.0,2033333.3333333333,2.5650224215246635,39696800000.0,22300000
3,1,1,8500000,20,448,55200000.0,2125000.0,1.7922077922077921,24729600000.0,30800000
5,1,1,7600000,12,452,40700000.0,1266666.6666666667,2.261111111111111,18396400000.0,18000000
3,0,0,8700000,12,897,64000000.0,2175000.0,3.5754189944134076,57408000000.0,17900000
4,0,0,9400000,10,803,65000000.0,1880000.0,3.217821782178218,52195000000.0,20200000
1,0,1,400000,8,828,2900000.0,200000.0,3.2222222222222223,2401200000.0,900000
0,1,0,2700000,6,832,21400000.0,2700000.0,2.8533333333333335,17804800000.0,7500000
1,0,1,2300000,6,861,9200000.0,1150000.0,1.6727272727272726,7921200000.0,5500000
0,1,0,7500000,2,535,51300000.0,7500000.0,3.2264150943396226,27445500000.0,15900000
4,0,1,7100000,16,363,47100000.0,1420000.0,2.4278350515463916,17097300000.0,19400000
1,0,1,8800000,8,631,56900000.0,4400000.0,1.9895104895104896,35903900000.0,28600000
2,0,0,8400000,6,513,43600000.0,2800000.0,2.106280193236715,22366800000.0,20700000
0,1,1,4700000,16,317,25000000.0,4700000.0,1.5432098765432098,7925000000.0,16200000
1,1,0,6900000,2,809,48900000.0,3450000.0,2.5076923076923077,39560100000.0,19500000
3,0,0,2400000,10,531,16400000.0,600000.0,2.0,8708400000.0,8200000
1,0,1,1600000,14,544,9800000.0,800000.0,2.0416666666666665,5331200000.0,4800000
0,1,0,3500000,14,366,28000000.0,3500000.0,3.58974358974359,10248000000.0,7800000
0,0,0,3700000,14,797,18400000.0,3700000.0,1.4488188976377954,14664800000.0,12700000
1,0,0,3200000,16,597,18600000.0,1600000.0,1.55,11104200000.0,12000000
2,0,1,7000000,12,632,42400000.0,2333333.3333333335,1.8844444444444444,26796800000.0,22500000
5,0,0,9300000,12,741,58100000.0,1550000.0,2.0530035335689045,43052100000.0,28300000
0,0,0,200000,20,331,900000.0,200000.0,1.125,297900000.0,800000
4,1,0,6900000,8,426,36400000.0,1380000.0,2.206060606060606,15506400000.0,16500000
3,0,0,9000000,8,533,63300000.0,2250000.0,2.388679245283019,33738900000.0,26500000
1,0,0,6900000,16,394,44200000.0,3450000.0,1.947136563876652,17414800000.0,22700000
0,1,0,7500000,14,877,60000000.0,7500000.0,2.3904382470119523,52620000000.0,25100000
5,0,0,9200000,8,527,57200000.0,1533333.3333333333,2.0428571428571427,30144400000.0,28000000
1,1,0,4600000,8,468,28800000.0,2300000.0,2.267716535433071,13478400000.0,12700000
4,1,1,5000000,18,611,36800000.0,1000000.0,1.8775510204081634,22484800000.0,19600000
2,1,0,4500000,6,832,28800000.0,1500000.0,1.6744186046511629,23961600000.0,17200000
0,1,0,7900000,18,508,54100000.0,7900000.0,2.383259911894273,27482800000.0,22700000
5,0,0,5100000,20,840,25900000.0,850000.0,1.9185185185185185,21756000000.0,13500000
4,1,0,3700000,14,794,33400000.0,740000.0,4.394736842105263,26519600000.0,7600000
1,0,0,5300000,12,889,37500000.0,2650000.0,2.106741573033708,33337500000.0,17800000
4,0,0,200000,16,765,1400000.0,40000.0,2.8,1071000000.0,500000
3,1,1,9000000,16,518,75200000.0,2250000.0,4.043010752688172,38953600000.0,18600000
3,0,0,6900000,4,694,43300000.0,1725000.0,2.5321637426900585,30050200000.0,17100000
2,0,0,700000,8,663,5000000.0,233333.33333333334,2.1739130434782608,3315000000.0,2300000
0,1,0,2500000,2,662,18800000.0,2500000.0,2.1123595505617976,12445600000.0,8900000
0,0,0,4600000,14,642,34700000.0,4600000.0,2.4097222222222223,22277400000.0,14400000
4,1,0,1000000,10,701,8100000.0,200000.0,2.076923076923077,5678100000.0,3900000
4,0,1,9200000,6,632,70700000.0,1840000.0,2.3488372093023258,44682400000.0,30100000
3,1,1,2200000,2,861,10700000.0,550000.0,2.4318181818181817,9212700000.0,4400000
4,1,1,9700000,12,784,74800000.0,1940000.0,2.2462462462462462,58643200000.0,33300000
0,1,1,5500000,4,332,34100000.0,5500000.0,1.8736263736263736,11321200000.0,18200000
4,0,1,1300000,2,763,10500000.0,260000.0,3.088235294117647,8011500000.0,3400000
1,0,1,7900000,2,593,66900000.0,3950000.0,3.5026178010471205,39671700000.0,19100000
2,0,0,4300000,6,512,33300000.0,1433333.3333333333,3.784090909090909,17049600000.0,8800000
0,0,0,3800000,6,655,20800000.0,3800000.0,1.5639097744360901,13624000000.0,13300000
3,0,0,8700000,8,369,40700000.0,2175000.0,1.6477732793522266,15018300000.0,24700000
3,1,0,1300000,14,348,6600000.0,325000.0,2.129032258064516,2296800000.0,3100000
1,0,1,6800000,10,736,34000000.0,3400000.0,2.0238095238095237,25024000000.0,16800000
1,0,0,9100000,20,353,71300000.0,4550000.0,2.970833333333333,25168900000.0,24000000
0,1,0,3000000,16,478,19400000.0,3000000.0,1.7168141592920354,9273200000.0,11300000
0,0,1,1200000,4,827,7600000.0,1200000.0,2.533333333333333,6285200000.0,3000000
1,0,1,5000000,12,517,24600000.0,2500000.0,1.455621301775148,12718200000.0,16900000
5,1,1,9700000,18,648,47700000.0,1616666.6666666667,1.9311740890688258,30909600000.0,24700000
2,0,1,7000000,10,689,37300000.0,2333333.3333333335,1.5672268907563025,25699700000.0,23800000
1,1,0,4100000,20,550,30700000.0,2050000.0,3.3736263736263736,16885000000.0,9100000
0,1,1,5300000,20,826,39500000.0,5300000.0,3.062015503875969,32627000000.0,12900000
1,0,0,7300000,14,599,43400000.0,3650000.0,2.2604166666666665,25996600000.0,19200000
1,1,0,6500000,16,815,33700000.0,3250000.0,1.8216216216216217,27465500000.0,18500000
4,1,1,600000,4,761,3700000.0,120000.0,2.642857142857143,2815700000.0,1400000
3,0,1,5200000,20,432,32600000.0,1300000.0,2.1733333333333333,14083200000.0,15000000
4,0,1,2800000,18,442,20300000.0,560000.0,2.2065217391304346,8972600000.0,9200000
1,1,1,7800000,6,620,35400000.0,3900000.0,1.51931330472103,21948000000.0,23300000
2,1,0,3000000,4,476,19100000.0,1000000.0,2.9384615384615387,9091600000.0,6500000
4,1,0,9300000,6,837,58100000.0,1860000.0,1.664756446991404,48629700000.0,34900000
3,0,1,5100000,6,510,44800000.0,1275000.0,2.488888888888889,22848000000.0,18000000
4,0,1,4300000,18,849,33900000.0,860000.0,2.1055900621118013,28781100000.0,16100000
3,1,0,1100000,8,737,8300000.0,275000.0,3.9523809523809526,6117100000.0,2100000
2,1,0,6500000,10,809,40500000.0,2166666.6666666665,2.5,32764500000.0,16200000
3,0,0,6400000,8,520,43300000.0,1600000.0,1.882608695652174,22516000000.0,23000000
2,0,0,7400000,16,834,40700000.0,2466666.6666666665,1.808888888888889,33943800000.0,22500000
4,1,0,8700000,8,397,65400000.0,1740000.0,2.0373831775700935,25963800000.0,32100000
0,0,0,9200000,14,438,52100000.0,9200000.0,2.1093117408906883,22819800000.0,24700000
1,1,1,6200000,18,820,34900000.0,3100000.0,1.7715736040609138,28618000000.0,19700000
1,0,0,1200000,20,323,7700000.0,600000.0,1.673913043478261,2487100000.0,4600000
1,0,1,7000000,14,837,35100000.0,3500000.0,1.729064039408867,29378700000.0,20300000
5,1,1,3800000,2,571,29900000.0,633333.3333333334,2.9603960396039604,17072900000.0,10100000
0,1,0,4900000,14,479,29300000.0,4900000.0,1.7975460122699387,14034700000.0,16300000
2,1,1,7800000,6,533,44500000.0,2600000.0,2.013574660633484,23718500000.0,22100000
1,0,1,7400000,8,899,46800000.0,3700000.0,2.7209302325581395,42073200000.0,17200000
1,0,0,7000000,16,460,56100000.0,3500000.0,2.1090225563909772,25806000000.0,26600000
1,0,0,4900000,2,636,39500000.0,2450000.0,3.16,25122000000.0,12500000
3,0,0,5800000,20,434,40700000.0,1450000.0,1.9757281553398058,17663800000.0,20600000
5,0,0,2000000,18,516,16100000.0,333333.3333333333,2.3333333333333335,8307600000.0,6900000
4,1,0,8300000,2,382,25900000.0,1660000.0,1.0528455284552845,9893800000.0,24600000
0,1,1,1000000,12,616,6000000.0,1000000.0,2.142857142857143,3696000000.0,2800000
3,1,0,5500000,6,745,35600000.0,1375000.0,3.0689655172413794,26522000000.0,11600000
5,1,0,1400000,6,697,8700000.0,233333.33333333334,2.5588235294117645,6063900000.0,3400000
4,1,0,3700000,6,364,28200000.0,740000.0,2.292682926829268,10264800000.0,12300000
2,0,1,2100000,2,566,11300000.0,700000.0,1.6376811594202898,6395800000.0,6900000
4,0,0,6200000,12,462,36300000.0,1240000.0,1.6575342465753424,16770600000.0,21900000
0,0,0,9300000,2,331,50000000.0,9300000.0,1.567398119122257,16550000000.0,31900000
3,0,1,5100000,12,839,37000000.0,1275000.0,3.592233009708738,31043000000.0,10300000
0,1,1,7000000,4,702,41100000.0,7000000.0,2.9357142857142855,28852200000.0,14000000
3,1,1,5300000,2,580,31800000.0,1325000.0,1.776536312849162,18444000000.0,17900000
3,1,0,900000,10,560,6200000.0,225000.0,2.2142857142857144,3472000000.0,2800000
4,0,1,9400000,14,845,70100000.0,1880000.0,2.727626459143969,59234500000.0,25700000
4,0,1,2600000,4,392,17300000.0,520000.0,2.0352941176470587,6781600000.0,8500000
2,1,0,1500000,16,387,13100000.0,500000.0,2.673469387755102,5069700000.0,4900000
1,1,1,1800000,12,749,10900000.0,900000.0,1.7301587301587302,8164100000.0,6300000
3,1,1,7800000,14,727,37700000.0,1950000.0,1.885,27407900000.0,20000000
3,1,1,2100000,14,656,14000000.0,525000.0,1.8918918918918919,9184000000.0,7400000
0,0,1,8300000,20,643,57600000.0,8300000.0,3.2914285714285714,37036800000.0,17500000
2,0,1,4400000,4,307,35500000.0,1466666.6666666667,2.113095238095238,10898500000.0,16800000
2,0,0,2300000,16,588,14000000.0,766666.6666666666,2.8,8232000000.0,5000000
3,1,1,7700000,20,895,68500000.0,1925000.0,3.071748878923767,61307500000.0,22300000
0,0,1,9300000,10,351,72900000.0,9300000.0,2.479591836734694,25587900000.0,29400000
5,0,0,5900000,12,891,44900000.0,983333.3333333334,2.7378048780487805,40005900000.0,16400000
5,0,1,1900000,4,442,12000000.0,316666.6666666667,2.4489795918367347,5304000000.0,4900000
0,0,0,6900000,20,686,33600000.0,6900000.0,1.7230769230769232,23049600000.0,19500000
4,1,1,2100000,20,432,13500000.0,420000.0,1.646341463414634,5832000000.0,8200000
0,0,0,8200000,14,766,47200000.0,8200000.0,2.2583732057416266,36155200000.0,20900000
4,0,0,7700000,6,561,33200000.0,1540000.0,1.930232558139535,18625200000.0,17200000
5,0,0,7700000,2,539,51900000.0,1283333.3333333333,2.731578947368421,27974100000.0,19000000
1,1,0,700000,6,759,4800000.0,350000.0,3.4285714285714284,3643200000.0,1400000
5,1,0,7100000,8,750,55000000.0,1183333.3333333333,3.021978021978022,41250000000.0,18200000
2,1,0,3900000,10,373,24600000.0,1300000.0,1.8088235294117647,9175800000.0,13600000
1,0,1,5200000,10,407,26500000.0,2600000.0,1.2926829268292683,10785500000.0,20500000
4,0,0,5500000,14,611,41700000.0,1100000.0,2.0643564356435644,25478700000.0,20200000
3,1,0,2600000,10,783,18000000.0,650000.0,2.857142857142857,14094000000.0,6300000
0,0,1,7300000,18,651,40800000.0,7300000.0,1.7,26560800000.0,24000000
3,1,0,8700000,16,760,26300000.0,2175000.0,0.8456591639871383,19988000000.0,31100000
3,1,0,9000000,16,793,64500000.0,2250000.0,2.841409691629956,51148500000.0,22700000
4,1,0,400000,16,685,2700000.0,80000.0,3.375,1849500000.0,800000
2,0,1,3300000,8,806,22700000.0,1100000.0,2.121495327102804,18296200000.0,10700000
1,0,0,6300000,12,770,29200000.0,3150000.0,1.6404494382022472,22484000000.0,17800000
0,0,0,7000000,14,663,51400000.0,7000000.0,2.1779661016949152,34078200000.0,23600000
2,1,1,2100000,4,592,15100000.0,700000.0,1.8641975308641976,8939200000.0,8100000
3,0,0,7600000,18,580,64300000.0,1900000.0,2.444866920152091,37294000000.0,26300000
1,1,0,8200000,4,609,41900000.0,4100000.0,2.394285714285714,25517100000.0,17500000
3,0,1,9200000,8,380,53600000.0,2300000.0,2.310344827586207,20368000000.0,23200000
3,1,0,3800000,20,364,23800000.0,950000.0,1.9669421487603307,8663200000.0,12100000
1,1,0,3200000,12,866,18100000.0,1600000.0,2.033707865168539,15674600000.0,8900000
4,0,0,9700000,10,342,49500000.0,1940000.0,1.5615141955835963,16929000000.0,31700000
5,1,0,4700000,16,884,27400000.0,783333.3333333334,1.9027777777777777,24221600000.0,14400000
4,1,1,3800000,18,859,19400000.0,760000.0,1.552,16664600000.0,12500000
4,1,0,400000,20,692,2700000.0,80000.0,2.7,1868400000.0,1000000
4,0,1,3200000,16,675,20700000.0,640000.0,3.0441176470588234,13972500000.0,6800000
5,1,1,3900000,8,886,29600000.0,650000.0,2.3307086614173227,26225600000.0,12700000
1,1,1,3500000,10,477,20000000.0,1750000.0,1.5267175572519085,9540000000.0,13100000
2,1,0,2200000,6,596,18000000.0,733333.3333333334,2.1686746987951806,10728000000.0,8300000
4,0,0,6400000,20,400,34700000.0,1280000.0,1.7614213197969544,13880000000.0,19700000
3,1,0,9100000,2,711,57400000.0,2275000.0,2.8844221105527637,40811400000.0,19900000
0,0,1,3300000,2,418,23200000.0,3300000.0,2.606741573033708,9697600000.0,8900000
3,1,0,7800000,8,517,41400000.0,1950000.0,1.8990825688073394,21403800000.0,21800000
0,0,1,6200000,6,508,36400000.0,6200000.0,2.246913580246914,18491200000.0,16200000
3,0,1,7000000,18,689,49300000.0,1750000.0,1.8888888888888888,33967700000.0,26100000
0,1,0,9200000,12,455,66200000.0,9200000.0,2.347517730496454,30121000000.0,28200000
5,0,1,7500000,6,617,41800000.0,1250000.0,2.0096153846153846,25790600000.0,20800000
2,1,0,5300000,10,500,37800000.0,1766666.6666666667,2.8636363636363638,18900000000.0,13200000
5,0,1,6800000,14,382,45800000.0,1133333.3333333333,2.008771929824561,17495600000.0,22800000
1,0,0,7900000,18,538,60200000.0,3950000.0,2.894230769230769,32387600000.0,20800000
0,0,1,6200000,8,855,35300000.0,6200000.0,2.3691275167785233,30181500000.0,14900000
1,1,0,1000000,18,614,7900000.0,500000.0,2.6333333333333333,4850600000.0,3000000
2,1,1,7800000,10,513,56000000.0,2600000.0,2.204724409448819,28728000000.0,25400000
5,1,1,3000000,14,402,23700000.0,500000.0,2.6931818181818183,9527400000.0,8800000
5,1,1,5700000,20,819,42800000.0,950000.0,2.8533333333333335,35053200000.0,15000000
4,0,0,6600000,12,622,40100000.0,1320000.0,1.578740157480315,24942200000.0,25400000
4,1,1,7100000,4,790,39800000.0,1420000.0,2.1868131868131866,31442000000.0,18200000
3,1,1,1300000,14,808,11700000.0,325000.0,2.4375,9453600000.0,4800000
2,0,0,5200000,18,369,37800000.0,1733333.3333333333,2.25,13948200000.0,16800000
3,1,0,5600000,4,330,40700000.0,1400000.0,2.0049261083743843,13431000000.0,20300000
2,1,0,7100000,14,857,41100000.0,2366666.6666666665,2.4909090909090907,35222700000.0,16500000
2,1,0,5100000,8,457,42300000.0,1700000.0,2.2146596858638743,19331100000.0,19100000
3,0,1,7600000,8,843,58500000.0,1900000.0,1.9965870307167235,49315500000.0,29300000
0,1,1,2500000,6,463,15400000.0,2500000.0,2.8518518518518516,7130200000.0,5400000
3,1,0,6900000,16,582,47800000.0,1725000.0,2.0964912280701755,27819600000.0,22800000
0,1,0,3100000,2,391,16200000.0,3100000.0,2.4923076923076923,6334200000.0,6500000
2,1,1,9700000,20,612,71600000.0,3233333.3333333335,2.03988603988604,43819200000.0,35100000
0,0,1,5800000,2,859,43900000.0,5800000.0,3.484126984126984,37710100000.0,12600000
4,0,0,7600000,18,779,39900000.0,1520000.0,2.1451612903225805,31082100000.0,18600000
5,0,0,700000,2,561,4000000.0,116666.66666666667,1.4285714285714286,2244000000.0,2800000
3,1,0,2300000,18,420,10700000.0,575000.0,1.9107142857142858,4494000000.0,5600000
3,0,0,1600000,8,609,11600000.0,400000.0,3.515151515151515,7064400000.0,3300000
4,0,0,8100000,14,821,59100000.0,1620000.0,3.062176165803109,48521100000.0,19300000
1,1,0,7700000,14,603,60600000.0,3850000.0,3.543859649122807,36541800000.0,17100000
4,1,0,1500000,10,778,10300000.0,300000.0,3.0294117647058822,8013400000.0,3400000
3,0,0,7400000,2,460,67900000.0,1850000.0,2.8893617021276596,31234000000.0,23500000
4,0,1,8900000,18,363,55500000.0,1780000.0,2.047970479704797,20146500000.0,27100000
0,1,0,2400000,16,482,20700000.0,2400000.0,3.9056603773584904,9977400000.0,5300000
5,1,0,5600000,4,772,37800000.0,933333.3333333334,1.8620689655172413,29181600000.0,20300000
4,1,0,5900000,6,745,39900000.0,1180000.0,2.7708333333333335,29725500000.0,14400000
1,1,0,1600000,2,513,8500000.0,800000.0,2.5757575757575757,4360500000.0,3300000
5,0,0,1100000,2,362,7700000.0,183333.33333333334,1.925,2787400000.0,4000000
2,1,1,6600000,6,740,40900000.0,2200000.0,1.59765625,30266000000.0,25600000
3,1,0,8900000,10,774,56000000.0,2225000.0,2.2950819672131146,43344000000.0,24400000
1,1,1,6400000,20,555,36000000.0,3200000.0,2.1951219512195124,19980000000.0,16400000
4,0,1,8200000,12,588,36400000.0,1640000.0,2.1040462427745665,21403200000.0,17300000
1,1,0,500000,14,619,4100000.0,250000.0,3.1538461538461537,2537900000.0,1300000
0,1,0,9700000,18,607,72100000.0,9700000.0,2.2816455696202533,43764700000.0,31600000
3,0,1,7100000,4,435,41800000.0,1775000.0,2.502994011976048,18183000000.0,16700000
4,0,1,1400000,14,835,9400000.0,280000.0,2.764705882352941,7849000000.0,3400000
1,0,0,7200000,14,767,51900000.0,3600000.0,1.8469750889679715,39807300000.0,28100000
1,1,1,8400000,14,643,55700000.0,4200000.0,2.1259541984732824,35815100000.0,26200000
4,0,0,4300000,2,894,22100000.0,860000.0,1.589928057553957,19757400000.0,13900000
0,0,1,8800000,8,343,70400000.0,8800000.0,2.3624161073825505,24147200000.0,29800000
4,0,0,4000000,8,800,32200000.0,800000.0,2.1324503311258276,25760000000.0,15100000
3,0,1,6900000,18,494,43000000.0,1725000.0,2.4022346368715084,21242000000.0,17900000
4,1,0,9600000,14,336,49300000.0,1920000.0,1.493939393939394,16564800000.0,33000000
2,0,0,6900000,16,785,58900000.0,2300000.0,3.56969696969697,46236500000.0,16500000
1,0,1,3600000,16,732,22500000.0,1800000.0,1.6791044776119404,16470000000.0,13400000
2,0,0,1900000,12,587,10200000.0,633333.3333333334,2.217391304347826,5987400000.0,4600000
3,0,1,9700000,18,471,64200000.0,2425000.0,2.0844155844155843,30238200000.0,30800000
2,0,0,1200000,8,497,8400000.0,400000.0,2.048780487804878,4174800000.0,4100000
1,0,0,400000,16,784,2300000.0,200000.0,1.4375,1803200000.0,1600000
2,1,0,6600000,18,471,45400000.0,2200000.0,2.1116279069767443,21383400000.0,21500000
2,1,0,1500000,4,763,7600000.0,500000.0,2.303030303030303,5798800000.0,3300000
4,0,0,3500000,2,655,29000000.0,700000.0,3.0526315789473686,18995000000.0,9500000
3,0,1,4000000,4,667,36600000.0,1000000.0,4.255813953488372,24412200000.0,8600000
3,0,0,4100000,8,367,15900000.0,1025000.0,1.127659574468085,5835300000.0,14100000
4,1,0,5800000,16,436,30500000.0,1160000.0,1.6486486486486487,13298000000.0,18500000
4,1,1,8600000,12,785,50600000.0,1720000.0,2.171673819742489,39721000000.0,23300000
2,1,0,4500000,10,388,31800000.0,1500000.0,2.789473684210526,12338400000.0,11400000
2,1,1,9900000,8,385,43100000.0,3300000.0,1.155495978552279,16593500000.0,37300000
1,0,1,3200000,10,670,24000000.0,1600000.0,2.962962962962963,16080000000.0,8100000
5,1,1,8900000,20,329,64200000.0,1483333.3333333333,3.3612565445026177,21121800000.0,19100000
5,0,1,2100000,12,651,12500000.0,350000.0,2.5510204081632653,8137500000.0,4900000
1,1,0,7100000,16,727,41600000.0,3550000.0,1.6,30243200000.0,26000000
2,1,1,7800000,14,646,32300000.0,2600000.0,1.1176470588235294,20865800000.0,28900000
3,0,1,8600000,12,894,69700000.0,2150000.0,3.0043103448275863,62311800000.0,23200000
3,1,1,5100000,10,477,25000000.0,1275000.0,1.4705882352941178,11925000000.0,17000000
5,0,0,600000,20,811,3200000.0,100000.0,1.6,2595200000.0,2000000
0,1,1,6600000,18,377,34900000.0,6600000.0,1.6462264150943395,13157300000.0,21200000
0,0,1,4700000,18,802,25700000.0,4700000.0,1.511764705882353,20611400000.0,17000000
2,1,1,7700000,14,885,64500000.0,2566666.6666666665,3.2741116751269037,57082500000.0,19700000
4,1,1,6400000,6,437,45700000.0,1280000.0,2.08675799086758,19970900000.0,21900000
2,1,0,1100000,20,615,8100000.0,366666.6666666667,3.24,4981500000.0,2500000
2,0,0,8900000,20,603,63000000.0,2966666.6666666665,3.539325842696629,37989000000.0,17800000
0,0,1,2100000,20,765,19100000.0,2100000.0,2.3012048192771086,14611500000.0,8300000
4,0,1,2300000,8,469,20600000.0,460000.0,3.5517241379310347,9661400000.0,5800000
3,1,0,8300000,16,848,36200000.0,2075000.0,2.0451977401129944,30697600000.0,17700000
4,1,0,900000,20,327,5000000.0,180000.0,1.8518518518518519,1635000000.0,2700000
3,0,1,9200000,4,716,56300000.0,2300000.0,1.6085714285714285,40310800000.0,35000000
3,1,0,9800000,2,715,67100000.0,2450000.0,2.371024734982332,47976500000.0,28300000
0,0,0,200000,12,683,1000000.0,200000.0,1.6666666666666667,683000000.0,600000
2,0,1,3200000,6,737,23100000.0,1066666.6666666667,2.381443298969072,17024700000.0,9700000
5,0,0,7800000,6,728,43400000.0,1300000.0,1.6074074074074074,31595200000.0,27000000
1,1,0,8300000,18,350,56800000.0,4150000.0,1.8933333333333333,19880000000.0,30000000
1,1,1,2100000,14,802,9600000.0,1050000.0,1.8461538461538463,7699200000.0,5200000
5,0,1,400000,4,483,2700000.0,66666.66666666667,1.9285714285714286,1304100000.0,1400000
3,1,1,7700000,18,684,21800000.0,1925000.0,1.0,14911200000.0,21800000
4,1,1,5600000,20,692,47700000.0,1120000.0,2.890909090909091,33008400000.0,16500000
0,1,0,8400000,4,783,69800000.0,8400000.0,2.2516129032258063,54653400000.0,31000000
3,1,1,1300000,18,412,7900000.0,325000.0,1.8372093023255813,3254800000.0,4300000
0,0,0,8700000,10,447,63300000.0,8700000.0,2.096026490066225,28295100000.0,30200000
0,0,0,2700000,14,610,11700000.0,2700000.0,1.3928571428571428,7137000000.0,8400000
5,1,1,800000,8,881,4400000.0,133333.33333333334,2.4444444444444446,3876400000.0,1800000
5,1,1,3800000,16,606,22200000.0,633333.3333333334,2.1553398058252426,13453200000.0,10300000
5,1,1,700000,2,869,3500000.0,116666.66666666667,1.3461538461538463,3041500000.0,2600000
4,1,1,400000,2,496,2100000.0,80000.0,1.5,1041600000.0,1400000
1,1,1,3200000,6,483,20000000.0,1600000.0,2.150537634408602,9660000000.0,9300000
3,1,0,7500000,8,741,42100000.0,1875000.0,1.8963963963963963,31196100000.0,22200000
2,0,0,3700000,4,820,25600000.0,1233333.3333333333,1.8962962962962964,20992000000.0,13500000
5,1,0,3300000,18,697,24500000.0,550000.0,2.6923076923076925,17076500000.0,9100000
1,1,1,200000,20,713,800000.0,100000.0,1.6,570400000.0,500000
1,0,0,7100000,6,754,35400000.0,3550000.0,2.0823529411764707,26691600000.0,17000000
3,0,1,1500000,14,837,9800000.0,375000.0,1.9215686274509804,8202600000.0,5100000
0,0,0,3000000,2,691,23700000.0,3000000.0,3.646153846153846,16376700000.0,6500000
3,1,1,1900000,12,436,13400000.0,475000.0,2.5283018867924527,5842400000.0,5300000
0,0,0,9100000,8,322,60400000.0,9100000.0,2.006644518272425,19448800000.0,30100000
0,0,0,2200000,2,333,11700000.0,2200000.0,1.56,3896100000.0,7500000
0,0,1,8400000,14,455,53000000.0,8400000.0,2.3043478260869565,24115000000.0,23000000
1,1,1,400000,10,787,3300000.0,200000.0,4.714285714285714,2597100000.0,700000
2,1,1,5600000,16,748,38400000.0,1866666.6666666667,2.430379746835443,28723200000.0,15800000
5,0,1,8200000,4,643,48500000.0,1366666.6666666667,1.7896678966789668,31185500000.0,27100000
0,0,1,1600000,8,867,14000000.0,1600000.0,4.117647058823529,12138000000.0,3400000
3,0,0,1800000,20,860,8800000.0,450000.0,1.5714285714285714,7568000000.0,5600000
5,0,1,6500000,2,507,34600000.0,1083333.3333333333,1.4476987447698744,17542200000.0,23900000
1,1,1,3100000,4,871,14600000.0,1550000.0,1.2695652173913043,12716600000.0,11500000
3,0,0,3100000,12,820,26900000.0,775000.0,2.7448979591836733,22058000000.0,9800000
4,1,1,5300000,4,352,31500000.0,1060000.0,2.1724137931034484,11088000000.0,14500000
4,1,0,1100000,14,887,9700000.0,220000.0,2.425,8603900000.0,4000000
1,1,1,6000000,12,731,33800000.0,3000000.0,2.5223880597014925,24707800000.0,13400000
0,1,1,6100000,18,645,42300000.0,6100000.0,2.8972602739726026,27283500000.0,14600000
3,0,0,4100000,10,300,20300000.0,1025000.0,1.4397163120567376,6090000000.0,14100000
5,1,1,7000000,12,896,49000000.0,1166666.6666666667,1.8702290076335877,43904000000.0,26200000
0,0,1,8900000,6,372,72900000.0,8900000.0,2.631768953068592,27118800000.0,27700000
4,1,0,4800000,6,441,31100000.0,960000.0,2.591666666666667,13715100000.0,12000000
3,1,1,7400000,4,348,54600000.0,1850000.0,2.9836065573770494,19000800000.0,18300000
0,1,0,9700000,18,343,58100000.0,9700000.0,2.112727272727273,19928300000.0,27500000
5,1,1,9700000,16,346,76200000.0,1616666.6666666667,3.3716814159292037,26365200000.0,22600000
0,0,1,4500000,14,509,37000000.0,4500000.0,3.217391304347826,18833000000.0,11500000
5,1,0,8800000,10,560,71700000.0,1466666.6666666667,2.4470989761092152,40152000000.0,29300000
3,1,1,3000000,6,881,14300000.0,750000.0,1.9066666666666667,12598300000.0,7500000
5,1,0,1300000,20,540,8400000.0,216666.66666666666,2.8,4536000000.0,3000000
3,1,0,5000000,14,865,38600000.0,1250000.0,3.0393700787401574,33389000000.0,12700000
5,1,1,1000000,12,317,7400000.0,166666.66666666666,3.217391304347826,2345800000.0,2300000
0,0,1,3300000,20,559,20000000.0,3300000.0,1.7699115044247788,11180000000.0,11300000
2,0,0,6500000,18,457,39000000.0,2166666.6666666665,1.6317991631799162,17823000000.0,23900000
1,0,0,4100000,8,780,28800000.0,2050000.0,2.25,22464000000.0,12800000
1,1,0,9200000,10,607,77300000.0,4600000.0,2.6026936026936025,46921100000.0,29700000
